# form	occurrences	kind	nst_sampa
och	39653	word	"Ok
i	15977	word	
till	15693	word	"tIl
som	14015	word	
att	12743	word	"at
han	12030	word	"han
de	11739	word	
det	8674	word	
en	8480	word	"En
Och	8353	word	"Ok
skall	8264	word	"skal
på	8257	word	
icke	8178	word	""I$ke
för	8152	word	"f2:r
jag	8124	word	"jA:g
den	7755	word	
med	7576	word	"me:d
är	7545	word	"E:r
av	7271	word	
dem	6931	word	"dOm
så	6856	word	"so:
honom	6734	word	""hO$nOm
har	6694	word	"hA:r
du	6354	word	"d}:
sig	5117	word	"sEj
I	4771	word	"i:
dig	4734	word	"dEj
HERREN	4698	word	""hE$ren
mig	4672	word	"mEj
hade	4486	word	""ha$de
sade	4210	word	""sA:$de
hans	4174	word	"hans
eder	3862	word	""e:$der
om	3668	word	"Om
var	3648	word	"vA:r
sin	3469	word	"sIn
då	3467	word	"do:
Men	3401	word	"mEn
alla	3209	word	
Gud	3126	word	"g}:d
ett	3067	word	"Et
såsom	3055	word	"so:$sOm
från	2946	word	"fro:n
nu	2915	word	"n}:
din	2896	word	"di:n
åt	2855	word	"o:t
upp	2824	word	"u0p
över	2802	word	"2:$ver
man	2676	word	"man
min	2632	word	"mi:n
när	2558	word	"nE:r
Då	2454	word	"do:
vad	2422	word	"vA:d
hava	2415	word	""hA:$va
skola	2386	word	""sku:$la
deras	2223	word	""de:$ras
mot	2216	word	"mu:t
sina	2216	word	""si:$na
ty	2207	word	"ty:
där	2157	word	
efter	2135	word	
men	2123	word	"mEn
vi	2068	word	"vi:
son	2031	word	"su:n
allt	1991	word	"alt
vid	1980	word	"vi:d
ut	1961	word	"}:t
oss	1942	word	"Os
detta	1932	word	
barn	1833	word	"bA:n`
ock	1773	word	"Ok
Ty	1734	word	"ty:
HERRENS	1705	name	""hE$rens
eller	1704	word	"E$ler
sitt	1609	word	"sIt
Israels	1608	name	Is$ra$"e:ls
vara	1606	word	""vA:$ra
skulle	1584	word	""sku0$le
hus	1580	word	"h}:s
Så	1577	word	"so:
äro	1565	word	""E:$rU
folk	1560	word	"fOlk
genom	1552	word	"je:$nOm
mitt	1522	word	"mIt
bliva	1494	word	""bli:$va
säger	1470	word	"sE$jer
dina	1466	word	""di:$na
göra	1460	word	""j2:$ra
komma	1437	word	""kO$ma
Jag	1419	word	"jA:g
må	1416	word	"mo:
fram	1404	word	"fram
vill	1400	word	"vIl
utan	1382	word	""}:$tan
någon	1373	word	
land	1360	word	"land
hon	1342	word	"hu:n
konungen	1296	word	""ko:$nu0N$en
voro	1294	word	""vu:$rU
dess	1280	word	"dEs
få	1276	word	
se	1232	word	"se:
ditt	1203	word	"dIt
ned	1203	word	"ne:d
hela	1188	word	""he:$la
gå	1152	word	"go:
under	1151	word	"u0n$der
inför	1150	word	In$"f2:r
konung	1146	word	""ko:$nu0N
folket	1145	word	"fOl$ket
kom	1142	word	"kOm
ur	1141	word	"}:r
ifrån	1140	word	
När	1133	word	"nE:r
blev	1127	word	"ble:v
in	1120	word	"In
Guds	1119	word	"g}:ds
bort	1115	word	
Han	1104	word	"hA:n
andra	1093	word	""an$dra
ord	1093	word	"u:d`
dessa	1087	word	""dE$sa
mina	1074	word	""mi:$na
skolen	1068	word	
hand	1059	word	"hand
Israel	1051	name	""i:s$ra$el
henne	1032	word	""hE$ne
Herren	1031	word	""hE$ren
bland	1026	word	"bland
ingen	1009	word	""IN$en
svarade	1009	word	""svA:$ra$de
något	990	word	""no:$gOt
dag	980	word	"dA:g
sedan	979	word	""se:$dan
blivit	978	word	""bli:$vIt
än	954	word	
gick	946	word	"jIk
ej	943	word	"Ej
söner	932	word	""s2:$ner
ju	905	word	"ju0
giva	898	word	""ji:$va
tjänare	892	word	""s'E:$na$re
David	885	name	""dA:$vId
kommer	880	word	"kO$mer
gjorde	869	word	""ju:$d`e
kan	867	word	"kA:n
män	863	word	"mEn
De	853	word	"dE
tid	823	word	"ti:d
jorden	819	word	"ju:$d`en
själv	818	word	"x\Elv
Jerusalem	812	name	je$""r}:$sa$%lEm
Jesus	809	name	""je:$su0s
Juda	808	name	""j}:$da
därför	802	word	"dE:r$f9r
mer	801	word	
namn	796	word	"namn
Ja	790	word	"jA:
Du	788	word	"dy:
gjort	777	word	"jUt`
edra	776	word	""e:$dra
Om	767	word	"Om
denna	763	word	""dE$na
säga	760	word	""sE$ja
hos	740	word	"hu:s
tillbaka	739	word	tIl$"bA:$ka
lät	732	word	"lE:t
vår	726	word	"vo:r
Mose	718	name	
får	717	word	"fo:r
två	715	word	"tvo:
gav	688	word	"gA:v
fader	682	word	""fA:$der
huru	681	word	""h}:$r}:
ögon	680	word	""2:$gOn
låta	677	word	""lo:$ta
Den	673	word	
tog	672	word	"tu:g
dagen	670	word	"dA:$gen
ja	655	word	"jA:
hundra	648	word	"hu0n$dra
landet	645	word	"land$det
taga	636	word	""tA:$ga
haven	633	word	"hA:$ven
intet	633	word	""In$tet
ännu	629	word	""E$n}:
gör	628	word	"j2:r
kommit	627	word	""kO$mIt
här	626	word	"hE:r
tusen	618	word	"t}:$sen
år	617	word	"o:r
väl	616	word	"vE:l
bliver	603	word	"bli:$ver
Det	596	word	
höra	594	word	""h2:$ra
fick	593	word	"fIk
Se	586	word	"se:
staden	586	word	"stA:$den
denne	579	word	""dE$ne
också	579	word	"Ok$sO
åter	579	word	"o:$ter
kunna	578	word	""ku0$na
många	575	word	
åstad	575	word	O$"stA:d
emot	573	word	
stor	569	word	"stu:r
bröder	558	word	"br2:$der
skull	556	word	"sku0l
omkring	546	word	
ända	545	word	""En$da
mycket	542	word	""mY$ket
liv	541	word	"li:v
hjärta	539	word	""jE$t`a
hennes	529	word	""hE$nes
eftersom	527	word	ef$te$"s`Om
ansikte	515	word	""an$sIk$te
himmelen	513	word	""hI$me$len
kommo	509	word	""kO$mU
våra	494	word	""vo:$ra
dagar	485	word	""dA:$gar
Sedan	482	word	""se:$dan
Vad	482	word	"vA:d
talade	482	word	""tA:$la$de
hålla	478	word	""hO$la
såg	478	word	"so:g
kvar	477	word	"kvA:r
äta	473	word	""E:$ta
måste	472	word	""mO$ste
förde	468	word	""f2:$d`e
väg	464	word	"vE:g
går	462	word	"go:r
tre	458	word	"tre:
hustru	448	word	""hu0$str}:
sände	448	word	""sEn$de
sagt	443	word	"sakt
vare	443	word	""vA:$re
rätt	441	word	"rEt
Därefter	437	word	dE:r$""Ef$ter
sju	433	word	"x\}:
tala	432	word	""tA:$la
allenast	431	word	a$""le:$nast
givit	431	word	""ji:$vIt
stora	431	word	""stu:$ra
Därför	425	word	"dE:r$f9r
stå	425	word	"sto:
En	424	word	"En
ville	424	word	""vI$le
guld	415	word	"gu0ld
heller	412	word	"hE$ler
samma	410	word	""sa$ma
dock	407	word	
finnes	406	word	""fI$nes
vilja	404	word	""vIl$ja
vatten	403	word	"va$ten
kunde	402	word	""ku0n$de
hörde	401	word	""h2:$d`e
blevo	400	word	""ble:$vU
gott	398	word	"gOt
nämligen	395	word	""nEm$lI$gen
själva	392	word	""x\El$va
Detta	390	word	
eld	390	word	"Eld
all	389	word	"al
människor	389	word	""mE$nI$x\Ur
städer	388	word	"stE:$der
både	384	word	""bo:$de
stod	384	word	"stu:d
HERRE	383	word	""hE$re
vilken	383	word	""vIl$ken
broder	376	word	""bru:$der
herre	375	word	""hE$re
heliga	373	word	""he:$lI$ga
bo	367	word	"bu:
dit	367	word	"di:t
Herre	364	word	""hE$re
varit	363	word	""vA:$rIt
stad	358	word	"stA:d
döda	353	word	""d2:$da
konungens	353	word	""ko:$nu0N$ens
fått	352	word	"fOt
föra	352	word	""f2:$ra
Egypten	351	name	e$"jYp$ten
röst	351	word	"r9st
låt	348	word	"lo:t
gingo	347	word	""jIN$U
prästen	347	word	"prE$sten
vilka	347	word	""vIl$ka
nåd	344	word	"no:d
plats	343	word	"plats
satte	341	word	""sa$te
bud	340	word	"b}:d
ont	339	word	"Unt
fäder	338	word	"fE:$der
framför	337	word	""fram$%f2:r
svärd	337	word	"svE:d`
veta	334	word	""ve:$ta
giver	332	word	
På	328	word	
blod	326	word	"blu:d
tiden	324	word	"ti:$den
annan	323	word	""a$nan
draga	323	word	""drA:$ga
händer	323	word	"hEn$der
drog	322	word	"dro:g
vrede	322	word	""vre:$de
Kristus	321	name	""krI$stu0s
båda	321	word	""bo:$da
mun	319	word	"mu0n
Jakob	317	name	""jA:$kOp
Saul	315	name	"sa*Ul
ära	308	word	""E:$ra
sidan	305	word	""si:$dan
sätt	305	word	"sEt
vände	305	word	""vEn$de
makt	304	word	"makt
födde	301	word	""f9$de
leva	299	word	""le:$va
själ	299	word	"x\E:l
bära	297	word	""bE:$ra
dö	297	word	"d2:
tro	297	word	"tru:
varandra	296	word	va$"ran$dra
därefter	293	word	dE:r$""Ef$ter
onda	292	word	""Un$da
undan	292	word	
några	291	word	
sådant	289	word	""so:$dant
frågade	285	word	""fro:$ga$de
jämte	285	word	""jEm$te
sådan	285	word	
vägen	285	word	"vE:$gen
havet	284	word	"hA:$vet
hör	284	word	"h2:r
lade	284	word	""lA:$de
vem	283	word	"vEm
Egyptens	281	name	e$"jYp$tens
låtit	278	word	""lo:$tIt
silver	278	word	"sIl$ver
vidare	278	word	""vi:$da$re
Var	276	word	"vA:r
talat	276	word	""tA:$lat
gärningar	275	word	""jE:$n`IN$ar
kläder	275	word	"klE:$der
människa	275	word	""mE$nI$x\a
Varför	274	word	"var$f9r
kraft	274	word	"kraft
vet	274	word	"ve:t
arvedel	273	word	""ar$ve$%de:l
dotter	273	word	""dO$ter
tillsammans	272	word	tIl$"sa$mans
fem	270	word	"fEm
mannen	269	word	"ma$nen
ande	267	word	""an$de
runt	267	word	"ru0nt
fyra	266	word	""fy:$ra
huvud	266	word	""h}:$vu0d
bodde	265	word	""bU$de
Vi	264	word	"vi:
lag	264	word	"lA:g
vända	263	word	""vEn$da
moder	261	word	""mu:$der
står	259	word	"sto:r
Nej	258	word	"nEj
igen	258	word	I$"jEn
Aron	256	name	"A:$rOn
död	256	word	"d2:d
medan	256	word	""me:$dan
rättfärdighet	256	word	""rEt$fE:$d`Ig$%he:t
Davids	255	name	""dA:$vIds
länge	255	word	""lEN$e
öknen	255	word	"2:$knen
Herrens	254	name	""hE$rens
alltså	254	word	
Huru	253	word	"h}:$rU
fingo	253	word	
mellan	252	word	""mE$lan
stam	252	word	"stam
gång	251	word	"gON
prästerna	251	word	""prE$ste$n`a
barns	250	word	"bA:n`s`
likasom	250	word	li:$ka$"sOm
sätta	249	word	""sE$ta
tron	249	word	"tru:n
Dessa	248	word	""dE$sa
Salomo	247	name	""sA:$lU$mU
bröd	247	word	"br2:d
ropade	245	word	""ru:$pa$de
härlighet	244	word	""hE:$l`Ig$%he:t
Sebaot	241	name	
lik	241	word	"li:k
alnar	239	word	""A:l$nar
bjudit	238	word	""bj}:$dIt
satt	238	word	"sat
äldste	238	word	""El$ste
döttrar	236	word	""d9$trar
berg	235	word	"bErj
Låt	234	word	"lo:t
Min	234	word	"mi:n
döden	234	word	"d2:$den
fiender	234	word	""fi:$en$der
gått	233	word	"gOt
låter	233	word	"lo:$ter
synd	232	word	"sYnd
förbund	231	word	f9r$"bu0nd
natten	229	word	"na$ten
släkte	229	word	""slEk$te
ären	229	word	
ena	228	word	""e:$na
lägga	228	word	""lE$ga
redan	228	word	""re:$dan
strid	228	word	"stri:d
därav	227	word	dE:r$"A:v
glädje	227	word	""glE:d$je
kvinna	227	word	""kvI$na
altaret	226	word	""al$ta$ret
gudar	226	word	""g}:$dar
hjärtan	225	word	""jE$t`an
månaden	224	word	""mo:$na$den
verk	224	word	"vErk
dricka	222	word	""drI$ka
offra	222	word	""O$fra
rike	222	word	""ri:$ke
För	221	word	"f2:r
tio	220	word	""ti:$U
falla	219	word	""fa$la
kött	219	word	"s'9t
därtill	218	word	"dE:$t`Il
Vem	216	word	"vEm
faders	216	word	""fA:$des`
jordens	216	word	"ju:$d`ens
kallade	216	word	""ka$la$de
känna	216	word	""s'E$na
togo	216	word	""tu:$gU
fötter	215	word	"f9$ter
alltid	214	word	""al$tId
hem	214	word	"hEm
Josua	213	name	
hit	213	word	
därifrån	212	word	"dE:$rI$fro:n
hört	212	word	"h2:t`
lagen	212	word	"lA:$gen
goda	211	word	""gu:$da
Judas	210	name	"j}:$das
föll	210	word	"f9l
Babel	209	name	"bA:$bel
ligger	209	word	""lI$ger
vart	208	word	
begynte	207	word	be$"jYn$te
därpå	207	word	dEr$"po:
första	207	word	""f9$s`t`a
skam	207	word	"skam
annat	206	word	""a$nat
frukt	206	word	"fru0kt
förut	206	word	f2:r$"}:t
marken	206	word	"mar$ken
övriga	206	word	""2:$vrI$ga
konungar	204	word	""ko:$nu0N$ar
världen	204	word	"vE:$d`en
huset	203	word	"h}:$set
slog	203	word	"slu:g
Farao	201	name	""fA:$ra$U
aldrig	200	word	""al$drIg
edert	200	word	"e:$det`
ser	200	word	"se:r
släkt	200	word	"slEkt
Jonatan	199	name	""ju:$na$tan
folken	199	word	"fOl$ken
sett	199	word	
tager	199	word	"tA:$ger
brännoffer	198	word	""brEn$%O$fer
evinnerligen	198	word	e$"vI$ne$l`I$gen
håller	197	word	"hO$ler
säd	197	word	"sE:d
del	196	word	"de:l
djur	196	word	"j}:r
stodo	196	word	""stu:$dU
högra	195	word	
sänt	195	word	"sEnt
tagit	195	word	""tA:$gIt
besittning	194	word	be$"sIt$nIN
drogo	194	word	""dru:$gU
kvinnor	194	word	""kvI$nUr
Nu	193	word	"n}:
fara	193	word	""fA:$ra
kropp	193	word	"krOp
talar	191	word	
tolv	191	word	"tOlv
sönder	190	word	"s9n$der
tal	190	word	"tA:l
ibland	189	word	
sådana	189	word	""so:$da$na
förstånd	188	word	f9$"s`t`Ond
mån	188	word	"mo:n
Abraham	187	name	""A:$bra$ham
Jordan	187	name	jU$"d`A:n
ligga	187	word	"lI$ga
ske	187	word	"x\e:
lika	186	word	""li:$ka
vishet	186	word	""vi:s$%he:t
vägar	186	word	""vE:$gar
Josef	185	name	""ju:$sef
levande	185	word	""le:$van$de
fråga	184	word	""fro:$ga
vin	184	word	"vi:n
lever	183	word	"le:$ver
o	183	word	
tjänst	183	word	"s'Enst
leviterna	181	word	le$"vi:$te$n`a
låg	181	word	"lo:g
fastän	180	word	"fa$stEn
finna	180	word	""fI$na
judarna	180	word	""j}:$da$n`a
männen	180	word	"mE$nen
stället	180	word	""stE$let
söka	179	word	""s2:$ka
fanns	178	word	"fans
gammal	178	word	""ga$mal
stadgar	177	word	""stad$gar
följde	174	word	""f9lj$de
tecken	174	word	"tE$ken
helgedomen	173	word	""hEl$ge$%dU$men
intill	173	word	
synder	172	word	""sYn$der
frid	171	word	"fri:d
helig	171	word	""he:$lIg
sex	171	word	"sEks
visa	171	word	""vi:$sa
befallning	170	word	be$"fal$nIN
hedningarna	170	word	""he:d$nIN$a$n`a
enda	169	word	
förrän	168	word	"f9$rEn
fört	168	word	"f2:t`
frukta	167	word	""fru0k$ta
först	167	word	"f9s`t`
himmelens	167	word	""hI$me$lens
sak	167	word	"sA:k
vårt	167	word	"vo:t`
Må	166	word	"mo:
finnas	166	word	""fI$nas
nära	166	word	""nE:$ra
säg	166	word	"sEj
Är	166	word	"E:r
Paulus	165	name	"pa*U$lu0s
Av	163	word	
fruktan	163	word	""fru0k$tan
berget	162	word	"bEr$jet
hjälp	162	word	"jElp
olycka	162	word	""u:$%lY$ka
hämta	161	word	""hEm$ta
morgon	161	word	""mOr$gOn
tjugu	161	word	""s'}:$gu0
bor	160	word	"bu:r
missgärning	160	word	""mIs$%jE:$n`IN
släkter	160	word	""slEk$ter
sågo	160	word	
tredje	160	word	""tre:d$je
trädde	160	word	""trE$de
vattnet	160	word	"vat$net
Petrus	159	name	"pe:$tru0s
allasammans	159	word	
arbete	159	word	""ar$be:$te
förnimma	159	word	f9$"n`I$ma
sons	159	word	"su:ns
Bet	158	word	"be:t
andre	158	word	""an$dre
däri	158	word	dE:r$"i:
därmed	158	word	"dE:r$me:d
offer	158	word	"O$fer
slå	158	word	"slo:
sända	158	word	""sEn$da
varda	158	word	""vA:$d`a
ängel	157	word	""EN$el
Ande	156	word	""an$de
Johannes	156	name	jU$"ha$nes
bygga	156	word	""bY$ga
församlade	156	word	f9$"s`am$la$de
kärlek	156	word	""s'E:$%l`e:k
lärjungar	156	word	""lE:r$%ju0N$ar
ro	156	word	"ru:
skaffa	156	word	""ska$fa
tänkte	156	word	""tENk$te
rädda	155	word	""rE$da
vandra	155	word	""van$dra
Gå	154	word	"go:
bön	154	word	"b2:n
egen	154	word	""e:$gen
hög	154	word	"h2:g
höll	154	word	"h9l
tjäna	154	word	""s'E:$na
våld	154	word	"vOld
Kristi	153	name	"krI$stI
ed	153	word	"e:d
långt	153	word	"lONt
profeten	152	word	prU$"fe:$ten
stort	152	word	
barmhärtighet	151	word	barm$"hE$t`Ig$he:t
Såsom	149	word	"so:$sOm
furstar	149	word	""fu0$s`t`ar
olja	149	word	""Ol$ja
Hon	147	word	"hu:n
stannade	147	word	""sta$na$de
Hans	146	word	"hA:ns
eget	146	word	""e:$get
egna	146	word	""e:$gna
flydde	146	word	""flY$de
steg	146	word	"ste:g
ställde	145	word	""stEl$de
vore	145	word	""vu:$re
fast	144	word	"fast
Moses	143	name	""mu:$ses
given	143	word	""ji:$ven
hette	143	word	""hE$te
lära	142	word	""lE:$ra
Jesu	141	name	""je:$su0
Också	141	word	"Ok$sO
begav	141	word	be$"gA:v
bjöd	141	word	"bj2:d
evig	141	word	""e:$vIg
filistéerna	141	word	fI$lI$"ste:$e$n`a
förgås	141	word	f9r$"go:s
känner	141	word	"s'E$ner
område	141	word	""Om$%ro:$de
strax	141	word	"straks
solen	140	word	"su:$len
ting	140	word	"tIN
främmande	139	word	""frE$man$de
Där	138	word	
Icke	138	word	""I$ke
Samuel	138	name	""sA:$mu0$el
före	138	word	""f2:$re
god	138	word	"gu:d
länder	138	word	"lEn$der
Alla	137	word	"a$la
boning	137	word	""bu:$nIN
kommen	137	word	
slags	137	word	"slA:gs
byggde	136	word	""bYg$de
jämväl	136	word	""jEm$%vE:l
ställe	136	word	""stE$le
Simon	134	name	"si:$mOn
rätta	134	word	""rE$ta
sida	134	word	"si:$da
dom	133	word	"dOm
ogudaktiga	133	word	""u:$g}:d$%ak$tI$ga
varför	133	word	"var$f9r
vittnesbörd	133	word	""vIt$nes$%b2:d`
Dock	132	word	"dOk
Jeremia	132	name	
bär	132	word	"bE:r
ens	132	word	"Ens
for	132	word	"fu:r
gören	132	word	
ljus	132	word	"j}:s
tillhopa	132	word	""tIl$%hu:$pa
hustrur	131	word	""hu0$str}:r
lägret	131	word	"lE:$gret
vän	131	word	"vE:n
inom	130	word	""In$%Om
människorna	130	word	""mE$nI$x\U$n`a
bad	129	word	"bA:d
högt	129	word	
levde	129	word	""le:v$de
penningar	129	word	""pE$nIN$ar
sant	129	word	"sant
varken	129	word	""var$ken
Jerusalems	128	name	jE$""r}:$sa$lems
behag	128	word	be$"hA:g
hopp	128	word	"hOp
namnet	128	word	"nam$net
platsen	128	word	"plat$sen
slagna	128	word	
fall	127	word	"fal
sjunde	127	word	""x\u0n$de
träd	127	word	"trE:d
Har	126	word	"hA:r
Sion	126	name	"si:$On
likväl	126	word	li:k$"vEl
spisoffer	126	word	
ytterligare	126	word	""Y$te$l`I$ga$re
Manasse	125	name	
femtio	125	word	"fEm$tI$U
mat	125	word	"mA:t
sitta	125	word	""sI$ta
frälsning	124	word	""frEl$snIN
fäders	124	word	"fE:$des`
förkunna	124	word	f9r$"ku0$na
stenar	124	word	""ste:$nar
större	124	word	"st9$re
svara	124	word	""svA:$ra
invånare	123	word	""In$%vo:$na$re
tillika	123	word	tI$""li:$ka
Jakobs	122	name	""jA:$kOps
Joab	122	name	
boskap	122	word	""bu:$%skA:p
därvid	122	word	"dE:r$vi:d
lägrade	122	word	""lE:$gra$de
natt	122	word	"nat
Fader	121	word	""fA:$der
alldeles	121	word	""al$de$les
finner	121	word	"fI$ner
gånger	121	word	""gON$er
striden	121	word	"stri:$den
byte	120	word	""by:$te
dog	120	word	"du:g
gåvo	120	word	""go:$vU
läger	120	word	"lE:$ger
skrivet	120	word	""skri:$vet
tunga	120	word	""tu0N$a
floden	119	word	"flu:$den
grund	119	word	"gru0nd
höllo	119	word	""h9$lU
orätt	119	word	""u:$%rEt
profeterna	119	word	prU$"fe:$te$n`a
sökte	119	word	""s2:k$te
funnit	118	word	""fu0$nIt
kastade	118	word	""ka$sta$de
råd	118	word	"ro:d
Allt	117	word	"alt
uppenbarelsetältet	117	word	
vila	117	word	""vi:$la
Med	116	word	"me:d
fly	116	word	"fly:
följande	116	word	""f9l$jan$de
just	116	word	"ju0st
Denne	115	word	""dE$ne
Vid	115	word	"vi:d
bröt	115	word	"br2:t
läto	115	word	
regeringsår	115	word	re$""je:$rINs$%o:r
altare	114	word	""al$ta$re
bergen	114	word	"bEr$jen
bröto	114	word	""br2:$tU
bättre	114	word	"bE$tre
förgöra	114	word	f9r$"j2:$ra
förstå	114	word	f9$"s`t`o:
lång	114	word	"lON
Hiskia	113	name	
Isak	113	name	""i:$sak
kvinnan	113	word	""kvI$nan
lämna	113	word	""lEm$na
trettio	113	word	"trE$tI$U
Daniel	112	name	""dA:$nI$el
Fadern	112	word	""fA:$den`
Tag	112	word	"tA:g
lott	112	word	"lOt
morgonen	112	word	""mOr$gO$nen
oren	112	word	""u:$%re:n
porten	112	word	"pU$t`en
styggelse	112	word	""stY$gel$se
livet	111	word	"li:$vet
lovat	111	word	""lo:$vat
portar	111	word	""pU$t`ar
rätter	111	word	""rE$ter
slut	111	word	"sl}:t
stammar	111	word	""sta$mar
älskade	111	word	""El$ska$de
föda	110	word	""f2:$da
lämnade	110	word	""lEm$na$de
strida	110	word	""stri:$da
tag	110	word	"tA:g
unga	110	word	""u0N$a
Ammons	109	name	"a$mOns
Ingen	109	word	""IN$en
Till	109	word	"tIl
föllo	109	word	""f9$lU
handen	109	word	"han$den
lamm	109	word	"lam
läppar	109	word	""lE$par
nog	109	word	"nu:g
Eftersom	108	word	ef$te$"s`Om
koppar	108	word	""kO$par
nöd	108	word	"n2:d
sten	108	word	"ste:n
syster	108	word	""sY$ster
utmarker	108	word	""}:t$%mar$ker
allena	107	word	a$""le:$na
elden	107	word	"El$den
filistéernas	107	word	fI$lI$"ste:$e$n`as
fyrtio	107	word	"f9$t`I$U
präster	107	word	""prE$ster
siklar	107	word	""si:$klar
döma	106	word	""d9$ma
fjärran	106	word	
mått	106	word	"mOt
ände	106	word	""En$de
Hören	105	word	
funnos	105	word	""fu0$nUs
mod	105	word	"mu:d
ren	105	word	"re:n
uppstå	105	word	""u0p$%sto:
Från	104	word	"fro:n
fasta	104	word	""fa$sta
full	104	word	"fu0l
litet	104	word	""li:$tet
träda	104	word	""trE:$da
utgjorde	104	word	""}:t$%ju:$d`e
vilket	104	word	""vIl$ket
Judeen	103	name	
ark	103	word	"ark
dragit	103	word	""drA:$gIt
ene	103	word	
inne	103	word	""I$ne
snart	103	word	"snA:t`
Din	102	word	"di:n
aftonen	102	word	""af$tO$nen
akt	102	word	"akt
församlingen	102	word	f9$"s`am$lIN$en
kunskap	102	word	""ku0n$%skA:p
nästa	102	word	""nE$sta
syndat	102	word	""sYn$dat
vänner	102	word	""vE$ner
Arons	101	name	"A:$rOns
gamla	101	word	""gam$la
konungs	101	word	""ko:$nu0Ns
lagt	101	word	"lakt
tänka	101	word	""tEN$ka
Ett	100	word	"Et
jord	100	word	"ju:d`
lön	100	word	"l2:n
människobarn	100	word	""mE$nI$x\U$%bA:n`
rättfärdig	100	word	""rEt$%fE:$d`Ig
vagnar	100	word	""vaN$nar
Absalom	99	name	
bedja	99	word	""be:d$ja
evangelium	99	word	e$va$"nje:$lI$u0m
hästar	99	word	""hE$star
längre	99	word	"lEN$re
skett	99	word	"x\Et
Gilead	98	name	
kasta	98	word	""ka$sta
profeter	98	word	prU$"fe:$ter
sen	98	word	"se:n
stanna	98	word	""sta$na
tankar	98	word	""taN$kar
tempel	98	word	"tEm$pel
tält	98	word	"tElt
älskar	98	word	""El$skar
ändå	98	word	En$"do:
Genom	97	word	"je:$nOm
Sauls	97	name	
ingången	97	word	""IN$%gON$en
kunnen	97	word	
köttet	97	word	"s'9$tet
ropa	97	word	""ru:$pa
skåda	97	word	""sko:$da
Sannerligen	96	word	""sa$ne$l`i:$gen
Sela	96	name	""se:$la
akta	96	word	""ak$ta
avgudar	96	word	""A:v$%g}:$dar
följa	96	word	""f9l$ja
fördärv	96	word	f9$"d`Erv
lejon	96	word	""lE$jOn
människors	96	word	""mE$nI$x\Us`
redo	96	word	""re:$dU
bryta	95	word	""bry:$ta
hop	95	word	"hu:p
innan	95	word	""I$nan
lust	95	word	"lu0st
tillhör	95	word	""tIl$%h2:r
fann	94	word	"fan
försoning	94	word	f9$"s`u:$nIN
inbyggare	94	word	""In$%bY$ga$re
lida	94	word	""li:$da
rättfärdige	94	word	""rEt$%fE:$d`I$ge
ställa	94	word	""stE$la
älska	94	word	""El$ska
domare	93	word	""dU$ma$re
eljest	93	word	""El$jest
fött	93	word	"f9t
rättfärdiga	93	word	""rEt$%fE:$d`I$ga
vänder	93	word	"vEn$der
fördärva	92	word	f9$"d`Er$va
haft	92	word	"haft
ryttare	92	word	""rY$ta$re
sanning	92	word	""sa$nIN
slogo	92	word	
vilkens	92	word	""vIl$kens
visade	92	word	""vi:$sa$de
visste	92	word	""vI$ste
året	92	word	"o:$ret
Mina	91	word	""mi:$na
Ve	91	word	"ve:
hören	91	word	
regerade	91	word	re$"je:$ra$de
Moab	90	name	
dräpa	90	word	""drE:$pa
dräpte	90	word	""drE:p$te
därom	90	word	"dE:$rOm
folkets	90	word	"fOl$kets
folks	90	word	"fOlks
förvisso	90	word	f9r$""vI$sU
hast	90	word	"hast
hälften	90	word	"hElf$ten
ihåg	90	word	I$"ho:g
mörker	90	word	"m9r$ker
städerna	90	word	"stE:$de$n`a
syn	90	word	"sy:n
Efraims	89	name	""e:$fra$Ims
Hör	89	word	"h2:r
ben	89	word	"be:n
kalla	89	word	""ka$la
smälek	89	word	""smE:$%le:k
sägen	89	word	"sE:$gen
utvalt	89	word	""}:t$%vA:lt
bar	88	word	"bA:r
gyllene	88	word	""jY$le$ne
slår	88	word	"slo:r
stark	88	word	"stark
stund	88	word	"stu0nd
såväl	88	word	so:$"vE:l
utanför	88	word	
öron	88	word	""2:$rOn
Eller	87	word	"E$ler
drager	87	word	""drA:$ger
faller	87	word	"fa$ler
fångenskap	87	word	""fON$en$%skA:p
krig	87	word	"kri:g
orda	87	word	""u:$d`a
resa	87	word	""re:$sa
stycke	87	word	""stY$ke
utom	87	word	""}:$tOm
öga	87	word	""2:$ga
öppna	87	word	""9p$na
Efraim	86	name	""e:$fra$Im
brev	86	word	"bre:v
fåglar	86	word	""fo:$glar
invid	86	word	
menigheten	86	word	""me:$nIg$%he:$ten
ondska	86	word	""Und$ska
rena	86	word	""re:$na
rop	86	word	"ru:p
slag	86	word	"slA:g
vars	86	word	"vA:s`
viljen	86	word	""vIl$jen
Moabs	85	name	
berättade	85	word	be$"rE$ta$de
stycken	85	word	""stY$ken
arken	84	word	"ar$ken
familjer	84	word	fa$"mIl$jer
fri	84	word	"fri:
håll	84	word	"hOl
otukt	84	word	""u:$%tu0kt
rikedom	84	word	""ri:$ke$%dUm
räckte	84	word	""rEk$te
öster	84	word	"9$ster
Alltså	83	word	
Assyrien	83	name	a$"sy:$rI$en
Säg	83	word	"sEj
beständigt	83	word	be$"stEn$dIkt
fruktade	83	word	""fru0k$ta$de
illa	83	word	""I$la
kärl	83	word	"s'E:l`
sidor	83	word	""si:$dUr
sinne	83	word	""sI$ne
sitter	83	word	"sI$ter
tillbedja	83	word	""tIl$%be:d$ja
ute	83	word	""}:$te
Kanaans	82	name	""kA:$nans
Kom	82	word	"kOm
Man	82	word	"man
Stå	82	word	"sto:
dennes	82	word	""dE$nes
evigt	82	word	""e:$vIkt
gäller	82	word	"jE$ler
hjälpa	82	word	""jEl$pa
lyfte	82	word	""lYf$te
offrade	82	word	""O$fra$de
ogudaktige	82	word	
söker	82	word	"s2:$ker
vandrade	82	word	""van$dra$de
varder	82	word	"vA:$d`er
öde	82	word	""2:$de
Benjamins	81	name	""be:$nja$mIns
Samaria	81	name	
buro	81	word	
evighet	81	word	""e:$vIg$%he:t
fint	81	word	"fi:nt
förbliver	81	word	f9r$"bli:$ver
förra	81	word	""f9$ra
huvuden	81	word	""h}:$vu0$den
ofta	81	word	""Of$ta
prisa	81	word	""pri:$sa
stilla	81	word	""stI$la
Benjamin	80	name	""be:$nja$mIn
Josafat	80	name	
blodet	80	word	"blu:$det
fulla	80	word	""fu0$la
utföra	80	word	""}:t$%f2:$ra
Ack	79	word	"ak
Faraos	79	name	""fA:$ra$Us
Son	79	word	"su:n
angående	79	word	
arm	79	word	"arm
graven	79	word	"grA:$ven
helt	79	word	"he:lt
pass	79	word	"pas
rent	79	word	"re:nt
starka	79	word	""star$ka
stånd	79	word	"stOnd
svärdet	79	word	"svE:$d`et
veten	79	word	
vis	79	word	"vi:s
församling	78	word	f9$"s`am$lIN
förtörnelse	78	word	
giv	78	word	"ji:v
judar	78	word	""j}:$dar
myckenhet	78	word	""mY$ken$%he:t
profet	78	word	prU$"fe:t
tillhöra	78	word	""tIl$%h2:$ra
tänker	78	word	"tEN$ker
varar	78	word	""vA:$rar
Baal	77	name	"bA:l
Deras	77	word	""de:$ras
Galileen	77	name	ga$lI$"le:$en
bringa	77	word	""brIN$a
därinne	77	word	dEr$""I$ne
fruktar	77	word	""fru0k$tar
frälsa	77	word	""frEl$sa
fursten	77	word	""fu0$s`t`en
höga	77	word	""h2:$ga
inga	77	word	""IN$a
stiga	77	word	""sti:$ga
syndoffer	77	word	
sång	77	word	"sON
tionde	77	word	
äter	77	word	"E:$ter
ditupp	76	word	""dIt$%u0p
evärdlig	76	word	e$"vE:d`$l`Ig
far	76	word	"fA:r
fäkreatur	76	word	""fE:$kre:$a$%t}:r
kände	76	word	""s'En$de
lovade	76	word	""lo:$va$de
murar	76	word	""m}:$rar
svar	76	word	"svA:r
tagen	76	word	""tA:$gen
tjänares	76	word	""s'E:$na$res
gud	75	word	"g}:d
helige	75	word	""he:$lI$ge
hjärtat	75	word	""jE$t`at
järn	75	word	"jE:n`
mörkret	75	word	"m9r$kret
omtalade	75	word	""Om$%tA:$la$de
välsigna	75	word	vEl$"sIN$na
åto	75	word	
Gån	74	word	"go:n
blygd	74	word	"blYgd
gåvor	74	word	""go:$vUr
helgedom	74	word	""hEl$ge$%dUm
hände	74	word	""hEn$de
kallas	74	word	""ka$las
mans	74	word	"mans
skedde	74	word	""x\E$de
somliga	74	word	""sOm$lI$ga
tabernaklet	74	word	ta$be$"n`A:$klet
välsignade	74	word	vEl$"sIN$na$de
öppnade	74	word	""9p$na$de
Aram	73	name	a$"ram
Medan	73	word	""me:$dan
Människosonen	73	name	""mE$nI$x\U$%so:$nen
bör	73	word	"b2:r
därigenom	73	word	"dE:r$I$je:$nOm
egyptierna	73	word	e$"jYpt$sI$e$n`a
fjärde	73	word	""fjE:$d`e
främlingar	73	word	""frEm$lIN$ar
lärjungarna	73	word	""lE:r$%ju0N$a$n`a
människan	73	word	""mE$nI$x\an
slaktoffer	73	word	""slakt$%O$fer
utrota	73	word	""}:t$%ru:$ta
översteprästen	73	word	""2:$ve$s`t`e$%prE$sten
hövdingar	72	word	""h9v$dIN$ar
landets	72	word	"land$dets
lögn	72	word	"l9Nn
port	72	word	"pUt`
samlade	72	word	""sam$la$de
sänder	72	word	""sEn$der
välsignelse	72	word	vEl$"sIN$nel$se
Abrahams	71	name	""A:$bra$hams
Betel	71	name	"be:$tel
Josefs	71	name	""ju:$sefs
alltsammans	71	word	alt$"sa$mans
bok	71	word	"bu:k
förutom	71	word	f9r$""}:$tOm
grav	71	word	"grA:v
gränsen	71	word	"grEn$sen
ljuset	71	word	"j}:$set
sanningen	71	word	""sa$nIN$en
sätter	71	word	"sE$ter
tillflykt	71	word	""tIl$%flYkt
Anden	70	word	"an$den
Edom	70	name	
Efter	70	word	
Seba	70	name	
beder	70	word	"be:$der
begått	70	word	be$"gOt
horn	70	word	"hu:n`
låten	70	word	"lo:$ten
muren	70	word	"m}:$ren
norr	70	word	"nOr
orena	70	word	""u:$%re:$na
ringa	70	word	""rIN$a
skuld	70	word	"sku0ld
skänker	70	word	""x\EN$ker
träffade	70	word	""trE$fa$de
tågade	70	word	""to:$ga$de
vika	70	word	
Eleasar	69	name	
Giv	69	word	"ji:v
Nebukadnessar	69	name	
dödsriket	69	word	""d9ts$%ri:$ket
fot	69	word	"fu:t
fån	69	word	"fo:n
förskräckelse	69	word	f9$"s`krE$kel$se
förstfödde	69	word	""f9s`t`$%f9$de
förtära	69	word	f9$"t`E:$ra
hållen	69	word	""hO$len
höjden	69	word	"h9j$den
nytt	69	word	"nYt
rik	69	word	"ri:k
seger	69	word	"se:$ger
skyndade	69	word	""x\Yn$da$de
sändebud	69	word	""sEn$de$%b}:d
trodde	69	word	""trU$de
tungomål	69	word	""tu0N$U$%mo:l
vilse	69	word	
åsyn	69	word	""o:$%sy:n
öra	69	word	""2:$ra
Skulle	68	word	""sku0$le
ditin	68	word	
fröjd	68	word	"fr9jd
gåva	68	word	""go:$va
havande	68	word	""hA:$van$de
händerna	68	word	"hEn$de$n`a
klippa	68	word	""klI$pa
moders	68	word	""mu:$des`
nej	68	word	"nEj
ogudaktigas	68	word	
pris	68	word	"pri:s
ropar	68	word	""ru:$par
Joas	67	name	""ju:$as
Levi	67	name	"le:$vI
anden	67	word	"an$den
bästa	67	word	""bE$sta
drickoffer	67	word	""drIk$%O$fer
förmår	67	word	f9r$"mo:r
gången	67	word	""gON$en
heter	67	word	"he:$ter
mjöl	67	word	"mj2:l
ordet	67	word	"u:$d`et
rökelse	67	word	""r2:$kel$se
sjuttio	67	word	"x\u0$tI$U
sorg	67	word	"sOrj
åtta	67	word	""O$ta
Dina	66	word	""di:$na
antal	66	word	""an$tA:l
bittida	66	word	"bI$tI$da
borta	66	word	""bO$t`a
byggt	66	word	"bYkt
frambära	66	word	""fram$%bE:$ra
lågo	66	word	""lo:$gU
skapat	66	word	""skA:$pat
Elia	65	name	e$""li:$a
Esau	65	name	
Hebron	65	name	"he:$brOn
furste	65	word	""fu0$s`t`e
huvudet	65	word	""h}:$vu0$det
invånarna	65	word	""In$%vo:$na$n`a
mantel	65	word	""man$tel
profetera	65	word	prU$fe$"te:$ra
präst	65	word	"prEst
skara	65	word	""skA:$ra
skatter	65	word	""ska$ter
templet	65	word	"tEm$plet
vandrar	65	word	""van$drar
vinna	65	word	""vI$na
övermåttan	65	word	2:$ver$""mO$tan
Damaskus	64	name	da$"ma$sku0s
foro	64	word	
förbliva	64	word	f9r$"bli:$va
församla	64	word	f9$"s`am$la
hatar	64	word	""hA:$tar
igenom	64	word	
inre	64	word	"In$re
konungars	64	word	""ko:$nu0N$as`
råda	64	word	""ro:$da
skada	64	word	""skA:$da
skriftlärde	64	word	""skrIft$%lE:$d`e
tacka	64	word	""ta$ka
trä	64	word	"trE:
varen	64	word	"vA:$ren
ålder	64	word	"Ol$der
övergivit	64	word	""2:$ver$%ji:$vIt
Abimelek	63	name	
bevisa	63	word	be$"vi:$sa
bäcken	63	word	"bE$ken
fångar	63	word	""fON$ar
menighet	63	word	""me:$nIg$%he:t
mycken	63	word	""mY$ken
styggelser	63	word	""stY$gel$ser
vapen	63	word	"vA:$pen
vilkas	63	word	""vIl$kas
visheten	63	word	""vi:s$%he:$ten
vredes	63	word	""vre:$des
Allsmäktige	62	word	""als$%mEk$tI$ge
bergsbygd	62	word	
dödade	62	word	""d2:$da$de
dör	62	word	"d2:r
funno	62	word	""fu0$nU
förgården	62	word	""f2:r$%go:$d`en
glada	62	word	""glA:$da
gräns	62	word	"grEns
nådig	62	word	""no:$dIg
orent	62	word	""u:$%re:nt
slagit	62	word	"slA:$gIt
stav	62	word	"stA:v
tider	62	word	""ti:$der
vingar	62	word	""vIN$ar
Högste	61	word	""h9k$ste
barnen	61	word	"bA:$n`en
bedrövelse	61	word	be$"dr2:$vel$se
detsamma	61	word	det$"sa$ma
förbi	61	word	
honung	61	word	""ho:$nu0N
likt	61	word	"li:kt
liten	61	word	""li:$ten
lov	61	word	"lo:v
löfte	61	word	""l9f$te
ny	61	word	"ny:
samman	61	word	""sa$man
sker	61	word	"x\e:r
svårt	61	word	"svo:t`
trofasthet	61	word	""tru:$fast$%he:t
upptecknat	61	word	
vikt	61	word	"vi:kt
Gör	60	word	"j2:r
begynnelsen	60	word	be$"jY$nel$sen
bevara	60	word	be$"vA:$ra
bord	60	word	"bu:d`
djup	60	word	"j}:p
eldsoffer	60	word	
envar	60	word	en$"vA:r
kroppar	60	word	""krO$par
riket	60	word	""ri:$ket
räddade	60	word	""rE$da$de
sabbaten	60	word	"sa$ba$ten
skyldig	60	word	""x\Yl$dIg
smorde	60	word	""smu:$d`e
stötte	60	word	""st9$te
upprätta	60	word	""u0p$%rE$ta
ångest	60	word	"ON$est
Ahab	59	name	
Mitt	59	word	"mIt
befallde	59	word	be$"fal$de
dal	59	word	"dA:l
enlighet	59	word	""e:n$lIg$%he:t
frukten	59	word	"fru0k$ten
förföljde	59	word	f9r$"f9lj$de
glädja	59	word	""glE:d$ja
gråt	59	word	"gro:t
herres	59	word	""hE$res
härom	59	word	
hår	59	word	"ho:r
markens	59	word	"mar$kens
orter	59	word	""U$t`er
sannerligen	59	word	""sa$ne$l`i:$gen
sinnet	59	word	""sI$net
slakta	59	word	""slak$ta
spillo	59	word	""spI$lU
växa	59	word	""vEk$sa
Salomos	58	name	""sA:$lU$mUs
Tagen	58	word	""tA:$gen
Tala	58	word	""tA:$la
Tyrus	58	name	
efa	58	word	
fattige	58	word	""fa$tI$ge
givas	58	word	""ji:$vas
helgat	58	word	""hEl$gat
likaledes	58	word	""li:$ka$%le:$des
lova	58	word	""lo:$va
psalm	58	word	"salm
reste	58	word	""re:$ste
sutto	58	word	"su0$tU
syndare	58	word	""sYn$da$re
tillfälle	58	word	""tIl$%fE$le
tror	58	word	"tru:r
trälar	58	word	""trE:$lar
upptändes	58	word	""u0p$%tEn$des
ängeln	58	word	""EN$eln
änglar	58	word	""EN$lar
översteprästerna	58	word	""2:$ves`$t`e$%prE$ste$n`a
Jeriko	57	name	"je:$rI$kU
Konungen	57	word	""ko:$nu0N$en
Lovad	57	word	""lo:$vad
allting	57	word	""al$%tIN
babyloniske	57	word	ba$bY$"lu:$nI$ske
bereda	57	word	be$"re:$da
brände	57	word	""brEn$de
byar	57	word	""by:$ar
farit	57	word	""fA:$rIt
fienders	57	word	""fi:$en$des`
föras	57	word	""f2:$ras
hjord	57	word	"ju:d`
händers	57	word	"hEn$des`
hövding	57	word	""h9v$dIN
konungarna	57	word	""ko:$nu0N$a$n`a
kroppen	57	word	"krO$pen
mätta	57	word	""mE$ta
mätte	57	word	""mE$te
möda	57	word	""m2:$da
räkna	57	word	""rE:$kna
sista	57	word	""sI$sta
styrka	57	word	""stYr$ka
synden	57	word	"sYn$den
sår	57	word	"so:r
öken	57	word	"2:$ken
Abner	56	name	
Bileam	56	name	
Elisa	56	name	e$""li:$sa
Ester	56	name	"E$ster
Här	56	word	"hE:r
Loven	56	word	"lo:$ven
Låten	56	word	"lo:$ten
Sions	56	name	"si:$Ons
befästa	56	word	be$"fE$sta
bjuder	56	word	"bj}:$der
bliven	56	word	
bådo	56	word	""bo:$dU
garn	56	word	"gA:n`
gärna	56	word	""jE:$n`a
gån	56	word	"go:n
mark	56	word	"mark
munnen	56	word	"mu0$nen
ok	56	word	"u:k
ovänner	56	word	""u:$%vE$ner
samla	56	word	""sam$la
sångmästaren	56	word	
tjurar	56	word	""s'}:$rar
åker	56	word	"o:$ker
Jerobeam	55	name	
Job	55	name	"jOb
Mordokai	55	name	
Pilatus	55	name	pI$"lA:$tu0s
ansikten	55	word	""an$sIk$ten
begär	55	word	be$"jE:r
fallit	55	word	""fa$lIt
flera	55	word	
fria	55	word	""fri:$a
frågar	55	word	""fro:$gar
hata	55	word	""hA:$ta
hunger	55	word	"hu0N$er
komme	55	word	
lägger	55	word	"lE$ger
mötes	55	word	""m2:$tes
någonsin	55	word	""no:$gOn$sIn
plägade	55	word	""plE:$ga$de
Antiokus	54	name	
alls	54	word	"als
brännoffret	54	word	""brEn$%O$fret
bröderna	54	word	"br2:$de$n`a
drabba	54	word	""dra$ba
driva	54	word	""dri:$va
därutöver	54	word	"dE:r$}:t$2:$ver
dörren	54	word	"d9$ren
fattiga	54	word	""fa$tI$ga
fiende	54	word	""fi:$en$de
fullt	54	word	"fu0lt
fåfänglighet	54	word	""fo:$fEN$lIg$%he:t
förstår	54	word	f9$"s`t`o:r
hjärtas	54	word	""jE$t`as
högtid	54	word	
judiska	54	word	"j}:$dI$ska
mindre	54	word	
månader	54	word	""mo:$na$der
regn	54	word	"rENn
spjut	54	word	"spj}:t
stoft	54	word	"stOft
synda	54	word	""sYn$da
tackoffer	54	word	""tak$%O$fer
träl	54	word	"trE:l
vakt	54	word	"vakt
visar	54	word	""vi:$sar
världens	54	word	"vE:$d`ens
Abram	53	name	
Basan	53	name	
Messias	53	name	me$""si:$as
Varen	53	word	"vA:$ren
araméerna	53	word	a$ra$"me:$e$n`a
berömma	53	word	be$"r9$ma
bränna	53	word	""brE$na
fariséerna	53	word	fa$rI$"se:$e$n`a
främling	53	word	""frEm$lIN
föddes	53	word	""f9$des
givet	53	word	""ji:$vet
heligt	53	word	""he:$lIkt
herde	53	word	""he:$d`e
himmel	53	word	""hI$mel
livets	53	word	"li:$vets
nya	53	word	""ny:$a
ovanpå	53	word	
plåga	53	word	""plo:$ga
råder	53	word	"ro:$der
skatt	53	word	"skat
slippa	53	word	""slI$pa
tjänade	53	word	""s'E:$na$de
uppe	53	word	""u0$pe
utvalda	53	word	""}:t$%vA:l$da
vinden	53	word	"vIn$den
vitt	53	word	"vIt
åminnelse	53	word	""o:$%mI$nel$se
Jehu	52	name	je$"h}:
Kommen	52	word	
Maria	52	name	ma$""ri:$a
Rubens	52	name	
Sara	52	name	""sA:$ra
Sidkia	52	name	
berett	52	word	be$"rEt
betyder	52	word	be$"ty:$der
brutit	52	word	""br}:$tIt
fäste	52	word	""fE$ste
förkunnade	52	word	f9r$"ku0$na$de
förmer	52	word	f9r$"me:r
gudsmannen	52	word	""gu0ts$%ma$nen
intog	52	word	""In$%tu:g
lycka	52	word	""lY$ka
lyssna	52	word	""lY$sna
mankön	52	word	""man$%s'2:n
sköld	52	word	"x\9ld
varifrån	52	word	"vA:$rI$fro:n
velat	52	word	""ve:$lat
verkligen	52	word	""vEr$klI$gen
vinning	52	word	""vI$nIN
vise	52	word	""vi:$se
vädurar	52	word	""vE:$%d}:$rar
välde	52	word	""vEl$de
vänd	52	word	"vEnd
äger	52	word	"E:$ger
östra	52	word	""9$stra
Jo	51	name	"ju:
Kan	51	word	"kA:n
begåvo	51	word	
bättring	51	word	""bE$trIN
frälst	51	word	"frElst
furstarna	51	word	""fu0$s`t`a$n`a
fåren	51	word	"fo:$ren
född	51	word	"f9d
hemsöka	51	word	""hEm$%s2:$ka
hoppas	51	word	""hO$pas
husets	51	word	"h}:$sets
häpnad	51	word	""hE:p$nad
ihop	51	word	I$"hu:p
jubel	51	word	"j}:$bel
lukt	51	word	"lu0kt
ond	51	word	"Und
rov	51	word	"ru:v
sluta	51	word	""sl}:$ta
stadens	51	word	"stA:$dens
talenter	51	word	ta$"lEn$ter
tillhörande	51	word	
välbehaglig	51	word	""vE:l$be$%hA:$glIg
Helige	50	word	""he:$lI$ge
Skall	50	word	"skal
alltjämt	50	word	"alt$jEmt
an	50	word	"an
antalet	50	word	""an$tA:$let
avkomlingar	50	word	""A:v$%kOm$lIN$ar
bakom	50	word	
behöver	50	word	be$"h2:$ver
bestämt	50	word	be$"stEmt
borgen	50	word	"bOr$jen
dödas	50	word	""d2:$das
döds	50	word	"d9ts
enligt	50	word	
hungersnöd	50	word	""hu0N$es`$%n`2:d
hämtade	50	word	""hEm$ta$de
lärt	50	word	"lE:t`
missgärningar	50	word	""mIs$%jE:$n`IN$ar
mängd	50	word	"mENd
nödgas	50	word	""n9d$gas
offereld	50	word	""O$fer$%Eld
sjuk	50	word	"x\}:k
särskilt	50	word	""sE:r$%s`Ilt
söder	50	word	
söners	50	word	""s2:$nes`
tuktan	50	word	""tu0k$tan
undervisa	50	word	""u0n$der$%vi:$sa
ödemark	50	word	""2:$de$%mark
Demetrius	49	name	
Fördenskull	49	word	f9$"d`En$sku0l
Gads	49	name	
anförare	49	word	""an$%f2:$ra$re
behålla	49	word	be$"hO$la
dottern	49	word	""dO$ten`
dräpt	49	word	"drE:pt
däremot	49	word	"dE:r$e$mu:t
dött	49	word	"d9t
fängelse	49	word	""fEN$el$se
gods	49	word	"gu:ds
gossen	49	word	""gO$sen
havets	49	word	"hA:$vets
hedningar	49	word	""he:d$nIN$ar
hållit	49	word	""hO$lIt
iakttaga	49	word	""i:$akt$%tA:$ga
insikt	49	word	""In$%sIkt
judarnas	49	word	""j}:$da$n`as
krigsfolk	49	word	""krIks$%fOlk
kär	49	word	"s'E:r
pest	49	word	"pEst
skaffade	49	word	""ska$fa$de
små	49	word	"smo:
tjänarinna	49	word	s'E:$na$""rI$na
vingård	49	word	""vi:N$%go:d`
Haman	48	name	
Libanon	48	name	"li:$ba$nOn
allahanda	48	word	""a$la$%han$da
altaren	48	word	""al$ta$ren
andar	48	word	""an$dar
bestå	48	word	be$"sto:
bosatte	48	word	""bu:$%sa$te
bredvid	48	word	bre$"vi:d
eländiga	48	word	""e:$lEn$dI$ga
fattig	48	word	""fa$tIg
fred	48	word	"fre:d
gripa	48	word	""gri:$pa
hals	48	word	"hA:ls
israeliterna	48	word	Is$ra$e$"li:$te$n`a
kort	48	word	"kOt`
leda	48	word	""le:$da
ljusstaken	48	word	""j}:s$%stA:$ken
prisade	48	word	""pri:$sa$de
riken	48	word	""ri:$ken
rörde	48	word	""r2:$d`e
skräck	48	word	"skrEk
spetälska	48	word	""spe:$%tEl$ska
strömmar	48	word	""str9$mar
svek	48	word	"sve:k
underlydande	48	word	""u0n$de$%l`y:$dan$de
undervisade	48	word	""u0n$der$%vi:$sa$de
undervisning	48	word	""u0n$der$%vi:$snIN
ung	48	word	"u0N
vittne	48	word	""vIt$ne
åsnor	48	word	""o:$snUr
Frukta	47	word	""fru0k$ta
Jerobeams	47	name	
Laban	47	name	"lA:$ban
O	47	word	"u:
Rehabeam	47	name	
förbarma	47	word	f9r$"bar$ma
förbundet	47	word	f9r$"bu0n$det
förgjorde	47	word	f9r$"ju:$d`e
förlåta	47	word	f9$"l`o:$ta
helgade	47	word	""hEl$ga$de
hämnd	47	word	"hEmnd
klippan	47	word	""klI$pan
kvinnorna	47	word	""kvI$nU$n`a
mjölk	47	word	"mj9lk
ofärd	47	word	""u:$%fE:d`
räknas	47	word	""rE:$knas
stoftet	47	word	"stOf$tet
utgjuta	47	word	""}:t$%j}:$ta
väldiga	47	word	""vEl$dI$ga
Åter	47	word	"o:$ter
Allenast	46	word	a$""le:$nast
Amen	46	word	"a$men
Noa	46	name	""nu:$a
behöva	46	word	be$"h2:$va
femte	46	word	""fEm$te
fett	46	word	"fEt
hav	46	word	"hA:v
herrar	46	word	""hE$rar
hydda	46	word	""hY$da
köpa	46	word	""s'2:$pa
led	46	word	"le:d
namns	46	word	"namns
ryckte	46	word	""rYk$te
skickade	46	word	""x\I$ka$de
tåga	46	word	""to:$ga
ägodelar	46	word	""E:$gU$%de:$lar
ätit	46	word	""E:$tIt
Filippus	45	name	
Holofernes	45	name	
Naftali	45	name	
aktar	45	word	""ak$tar
amoréernas	45	word	
blott	45	word	"blOt
dragen	45	word	""drA:$gen
främlingen	45	word	""frEm$lIN$en
förvar	45	word	f9r$"vA:r
hälsa	45	word	""hEl$sa
inmönstrades	45	word	""In$%m9n$stra$des
kallar	45	word	""ka$lar
lär	45	word	"lE:r
löften	45	word	""l9f$ten
skullen	45	word	""sku0$len
straff	45	word	"straf
svår	45	word	"svo:r
trygghet	45	word	""trYg$%he:t
tältet	45	word	"tEl$tet
varmed	45	word	"vA:r$me:d
ve	45	word	"ve:
vänta	45	word	""vEn$ta
överträdelser	45	word	""2:$ve$%t`rE:$del$ser
Bort	44	word	
Herodes	44	name	he$"ru:$des
Sadok	44	name	
Under	44	word	"u0n$der
arbetet	44	word	""ar$be:$tet
band	44	word	"band
barnet	44	word	"bA:$n`et
begrov	44	word	be$"gru:v
dalen	44	word	"dA:$len
föremål	44	word	""f2:$re$%mo:l
hemlighet	44	word	""hEm$lIg$%he:t
härefter	44	word	"hE:r$ef$ter
hären	44	word	"hE:$ren
höjderna	44	word	""h9j$de$n`a
kallades	44	word	""ka$la$des
myndighet	44	word	""mYn$dIg$%he:t
offergåva	44	word	""O$fer$%go:$va
rätten	44	word	"rE$ten
själar	44	word	""x\E:$lar
sjön	44	word	"x\9n
skrev	44	word	"skre:v
storligen	44	word	""stu:$l`I$gen
vinet	44	word	"vi:$net
vinträd	44	word	""vi:n$%trE:d
voren	44	word	
vädur	44	word	""vE:$%d}:r
vänt	44	word	"vE:nt
ögonen	44	word	""2:$gO$nen
överste	44	word	"2:$ve$s`t`e
Mika	43	name	""mi:$ka
Sikem	43	name	
Tänk	43	word	"tENk
Vidare	43	word	""vi:$da$re
aktade	43	word	""ak$ta$de
aln	43	word	"A:ln
angår	43	word	""an$%go:r
befallt	43	word	be$"falt
begraven	43	word	be$"grA:$ven
beslutit	43	word	
bröst	43	word	"br9st
burit	43	word	""b}:$rIt
båge	43	word	""bo:$ge
egendom	43	word	""e:$gen$%dUm
fastmer	43	word	fast$"me:r
fattade	43	word	""fa$ta$de
fotstycken	43	word	
förrätta	43	word	f9r$"rE$ta
helga	43	word	""hEl$ga
hälsar	43	word	""hEl$sar
krossade	43	word	""krO$sa$de
krönika	43	word	"kr2:$nI$ka
leder	43	word	""le:$der
lägg	43	word	"lEg
lös	43	word	"l2:s
måst	43	word	"mOst
mörkblått	43	word	""m9rk$%blOt
orättfärdighet	43	word	""u:$rEt$fE:$d`Ig$%he:t
rycka	43	word	""rY$ka
saken	43	word	"sA:$ken
släppa	43	word	""slE$pa
slöt	43	word	"sl2:t
tillbehör	43	word	""tIl$be$%h2:r
ungdom	43	word	""u0N$%dUm
uppenbarat	43	word	""u0$pen$%bA:$rat
utvalde	43	word	""}:t$%vA:l$de
Åt	43	word	"o:t
överallt	43	word	2:$ver$"alt
övergiva	43	word	""2:$ver$%ji:$va
Asarja	42	name	
Timoteus	42	name	
anslag	42	word	""an$%slA:g
bestämda	42	word	be$"stEm$da
därjämte	42	word	"dE:r$jEm$te
dömer	42	word	"d9$mer
fattas	42	word	""fa$tas
framgång	42	word	""fram$%gON
främst	42	word	
fränder	42	word	
fröjda	42	word	""fr9j$da
förskräckta	42	word	
förståndig	42	word	f9$"s`t`On$dIg
förtälja	42	word	f9$"t`El$ja
gjordes	42	word	""ju:$d`es
gälla	42	word	""jE$la
huvudmännen	42	word	""h}:$vu0d$%mE$nen
krona	42	word	""kru:$na
känt	42	word	"s'Ent
människas	42	word	""mE$nI$x\as
månad	42	word	""mo:$nad
möta	42	word	""m2:$ta
omvända	42	word	""Om$%vEn$da
ordning	42	word	""o:d`$n`IN
rum	42	word	"ru0m
sjätte	42	word	""x\E$te
skaror	42	word	""skA:$rUr
tjugufem	42	word	s'}:$gu0$"fEm
tända	42	word	""tEn$da
undfå	42	word	""u0nd$%fo:
uppstod	42	word	""u0p$%stu:d
vittna	42	word	""vIt$na
vänstra	42	word	""vEn$stra
övermod	42	word	""2:$ver$%mu:d
Gibea	41	name	
Joram	41	name	
Vänd	41	word	"vEnd
begiva	41	word	be$"ji:$va
begärde	41	word	be$"jE:$d`e
blygas	41	word	""bly:$gas
bordet	41	word	"bu:$d`et
bred	41	word	"bre:d
bäva	41	word	""bE:$va
dröm	41	word	"dr9m
fältet	41	word	"fEl$tet
föreskrivet	41	word	
förlåten	41	word	f9$"l`o:$ten
glad	41	word	"glA:d
guldet	41	word	""gu0l$det
härliga	41	word	""hE:$l`I$ga
härpå	41	word	"hE:r$po:
inmönstrade	41	word	""In$%m9n$stra$de
lotten	41	word	"lO$ten
lovsjungen	41	word	""lo:v$%x\u0N$en
lysa	41	word	""ly:$sa
mur	41	word	"m}:r
märkte	41	word	""mErk$te
penningarna	41	word	""pE$nIN$a$n`a
sextio	41	word	"sEk$stI$U
sken	41	word	"x\e:n
skugga	41	word	""sku0$ga
skön	41	word	"x\2:n
tårar	41	word	""to:$rar
visserligen	41	word	""vI$se$l`i:$gen
vittnen	41	word	""vIt$nen
välluktande	41	word	""vE:l$%lu0k$tan$de
ägde	41	word	""E:g$de
Ahas	40	name	a$"hA:s
Asa	40	name	
Beer	40	name	"be:r
Edoms	40	name	
Elias	40	name	e$""li:$as
Esaus	40	name	
Gilgal	40	name	
Sen	40	word	"sEn
anseende	40	word	""an$%se:$en$de
armar	40	word	""ar$mar
bergsbygden	40	word	
betala	40	word	be$"tA:$la
brinnande	40	word	""brI$nan$de
budskap	40	word	""b}:d$%skA:p
folkens	40	word	"fOl$kens
framgent	40	word	fra$"mje:nt
fromma	40	word	""frU$ma
fånga	40	word	""fON$a
förbannelse	40	word	f9r$"ba$nel$se
hugga	40	word	""hu0$ga
härskara	40	word	""hE:$%s`kA:$ra
högg	40	word	"h9g
höjd	40	word	"h9jd
kallat	40	word	""ka$lat
kananéerna	40	word	
kommande	40	word	""kO$man$de
likna	40	word	""li:$kna
lämnat	40	word	""lEm$nat
motståndare	40	word	""mu:t$%stOn$da$re
pilar	40	word	""pi:$lar
plötsligt	40	word	""pl9t$slIkt
portarna	40	word	""pU$t`a$n`a
räddning	40	word	""rEd$nIN
samt	40	word	
skapade	40	word	""skA:$pa$de
skriva	40	word	""skri:$va
snara	40	word	""snA:$ra
store	40	word	""stu:$re
svärdsegg	40	word	""svE:d`s`$%Eg
särskilda	40	word	""sE:$%s`Il$da
tronen	40	word	"tru:$nen
tänder	40	word	"tEn$der
uppenbara	40	word	""u0$pen$%bA:$ra
utför	40	word	"}:t$f9r
yttersta	40	word	"Y$te$s`t`a
åkalla	40	word	""o:$%ka$la
Balak	39	name	
Benaja	39	name	
Gat	39	name	"gA:t
Guden	39	word	"g}:$den
Högstes	39	name	""h9k$stes
Mästare	39	word	""mE$sta$re
Rakel	39	name	"rA:$kel
Sakarja	39	name	
Sodom	39	name	""su:$dOm
Stora	39	word	""stu:$ra
aska	39	word	""a$ska
bekymmer	39	word	be$"s'Y$mer
broders	39	word	""bru:$des`
bruka	39	word	""br}:$ka
djuren	39	word	"j}:$ren
drev	39	word	"dre:v
ensam	39	word	""En$%sam
flytt	39	word	"flYt
gagn	39	word	"gaNn
gensträviga	39	word	""je:n$%strE:$vI$ga
grenar	39	word	""gre:$nar
gästabud	39	word	""jE$sta$%b}:d
hopen	39	word	"hu:$pen
husfolk	39	word	""h}:s$%fOlk
hårt	39	word	"ho:t`
höjder	39	word	""h9j$der
keruberna	39	word	s'e$"r}:$be$n`a
klädd	39	word	"klEd
kunnat	39	word	""ku0$nat
ledde	39	word	""lE$de
noga	39	word	""nu:$ga
orenhet	39	word	""u:$re:n$%he:t
rev	39	word	"re:v
ryktet	39	word	""rYk$tet
röra	39	word	""r2:$ra
stån	39	word	
tappra	39	word	""ta$pra
träden	39	word	"trE:$den
uppenbarade	39	word	""u0$pen$%bA:$ra$de
Bättre	38	word	"bE$tre
Gideon	38	name	"ji:$de$On
Ismael	38	name	"I$sma$el
Simei	38	name	
berömmelse	38	word	be$"r9$mel$se
borde	38	word	""bu:$d`e
brist	38	word	"brIst
brunn	38	word	"bru0n
drabanterna	38	word	dra$"ban$te$n`a
dåre	38	word	""do:$re
efterkommande	38	word	""Ef$ter$%kO$man$de
fienderna	38	word	""fi:$en$de$n`a
frälsta	38	word	
fördenskull	38	word	f9$"d`En$sku0l
förfölja	38	word	f9r$"f9l$ja
förnämsta	38	word	f9$"n`E:m$sta
göras	38	word	""j2:$ras
heder	38	word	"he:$der
helst	38	word	"hElst
huvudmän	38	word	""h}:$vu0d$%mEn
hyddor	38	word	""hY$dUr
härifrån	38	word	"hE:$rI$fro:n
jungfru	38	word	""ju0N$fr}:
konungshuset	38	word	
räddat	38	word	""rE$dat
sabbat	38	word	"sa$bat
sabbatsdagen	38	word	""sa$bats$%dA:$gen
sjuka	38	word	""x\}:$ka
skrivit	38	word	""skri:$vIt
stjärnorna	38	word	""x\E:$n`U$n`a
tillstädes	38	word	tIl$"stE:$des
utrotas	38	word	""}:t$%ru:$tas
vingårdar	38	word	""vi:N$%go:$d`ar
visst	38	word	"vIst
äkta	38	word	""Ek$ta
änden	38	word	""En$den
öva	38	word	""2:$va
översten	38	word	"2:$ve$s`t`en
Att	37	word	"at
Ben	37	word	"bEn
Dan	37	name	"dA:n
Jesaja	37	name	
Mispa	37	name	
Natan	37	name	""nA:$tan
allas	37	word	""a$las
amoréerna	37	word	
arbeta	37	word	""ar$be:$ta
avkomma	37	word	""A:v$%kO$ma
beslut	37	word	be$"sl}:t
borg	37	word	"bOrj
bryter	37	word	"bry:$ter
böjde	37	word	""b9j$de
eviga	37	word	""e:$vI$ga
falska	37	word	""fal$ska
flykten	37	word	"flYk$ten
fullbordas	37	word	""fu0l$%bu:$d`as
färd	37	word	"fE:d`
förbundsark	37	word	
förundrade	37	word	f9r$"u0n$dra$de
fötterna	37	word	"f9$te$n`a
hemma	37	word	""hE$ma
hjältar	37	word	""jEl$tar
höger	37	word	"h2:$ger
kanhända	37	word	kan$""hEn$da
kärleken	37	word	""s'E:$%l`e:$ken
likaså	37	word	li:$ka$"so:
lägra	37	word	""lE:$gra
muns	37	word	"mu0ns
oxar	37	word	""Uk$sar
rättfärdigas	37	word	""rEt$%fE:$d`I$gas
rådslag	37	word	""ro:d$%slA:g
slaktade	37	word	""slak$ta$de
stigar	37	word	""sti:$gar
stridde	37	word	
vilda	37	word	""vIl$da
viss	37	word	"vIs
vänster	37	word	"vEn$ster
väster	37	word	"vE$ster
äktenskapsbrott	37	word	""Ek$ten$skA:ps$%brOt
å	37	word	"o:
Amasja	36	name	
Ditt	36	word	"dIt
Gileads	36	name	
Hadad	36	name	ha$"dad
Herres	36	word	""hE$res
Hesbon	36	name	
Rama	36	name	""rA:$ma
Semaja	36	name	
Silo	36	name	"si:$lU
Simson	36	name	"sIm$sOn
Tobias	36	name	tU$""bi:$as
Vill	36	word	"vIl
begrava	36	word	be$"grA:$va
belägrade	36	word	be$"lE:$gra$de
berättat	36	word	be$"rE$tat
böner	36	word	""b2:$ner
dagarna	36	word	""dA:$ga$n`a
dricker	36	word	"drI$ker
förste	36	word	""f9$s`t`e
gråta	36	word	""gro:$ta
handlat	36	word	""hand$lat
ingång	36	word	""IN$%gON
israeliter	36	word	Is$ra$e$"li:$ter
kaldéernas	36	word	kal$"de:$e$n`as
liknade	36	word	""li:$kna$de
moderlivet	36	word	""mu:$de$%l`i:$vet
nalkas	36	word	""nal$kas
starkt	36	word	"starkt
straffas	36	word	""stra$fas
stridbara	36	word	""stri:d$%bA:$ra
sörja	36	word	""s9r$ja
tjänaren	36	word	""s'E:$na$ren
uppstått	36	word	""u0p$%stOt
vandel	36	word	"van$del
vandrat	36	word	""van$drat
vedergälla	36	word	""ve:$der$%jE$la
väsende	36	word	"vE:$sen$de
yttre	36	word	"Y$tre
ändar	36	word	""En$dar
åsna	36	word	""o:$sna
överstepräst	36	word	""2:$ve$s`t`e$%prEst
Ahabs	35	name	
Antiokia	35	name	
Dans	35	word	"dA:ns
Kirjat	35	name	
Lehem	35	name	
Vilken	35	word	""vIl$ken
afton	35	word	""af$tOn
bedjen	35	word	""be:d$jen
befäste	35	word	be$"fE$ste
består	35	word	be$"sto:r
bevarar	35	word	be$"vA:$rar
brunnen	35	word	""bru0$nen
båten	35	word	"bo:$ten
fordom	35	word	""fu:$%d`u:m
förbränna	35	word	f9r$"brE$na
förstod	35	word	f9$"s`t`u:d
glöd	35	word	"gl2:d
godhet	35	word	""gu:d$%he:t
grepo	35	word	
gärd	35	word	"jE:d`
halv	35	word	"halv
hörn	35	word	"h2:n`
ihjäl	35	word	I$"jE:l
kaldéerna	35	word	kal$"de:$e$n`a
klädnad	35	word	""klE:d$nad
linne	35	word	""lI$ne
länderna	35	word	"lEn$de$n`a
månen	35	word	""mo:$nen
predika	35	word	pre$"di:$ka
skaffar	35	word	""ska$far
slagen	35	word	""slA:$gen
stenen	35	word	"ste:$nen
svåra	35	word	""svo:$ra
tabernakel	35	word	ta$be$"n`A:$kel
tillbådo	35	word	
varom	35	word	
vilar	35	word	""vi:$lar
välsignat	35	word	vEl$"sIN$nat
värde	35	word	""vE:$d`e
värre	35	word	
åttonde	35	word	""O$tOn$de
ödmjuka	35	word	""2:d$%mj}:$ka
öppet	35	word	""9$pet
Drag	34	word	"drA:g
Frukten	34	word	"fru0k$ten
Given	34	word	""ji:$ven
Haven	34	word	"hA:$ven
Manasses	34	name	
Nikanor	34	name	
Uria	34	name	
Välan	34	word	
andras	34	word	""an$dras
basun	34	word	ba$"s}:n
behagade	34	word	be$"hA:$ga$de
dagliga	34	word	""dA:$glI$ga
delade	34	word	""de:$la$de
ditned	34	word	dIt$"ne:d
däröver	34	word	dE:r$"2:$ver
dårskap	34	word	""do:$%s`kA:p
dödens	34	word	"d2:$dens
fotfolk	34	word	""fu:t$%fOlk
fullborda	34	word	""fu0l$%bu:$d`a
följd	34	word	"f9ljd
förgäta	34	word	f9r$"jE:$ta
förkunnat	34	word	f9r$"ku0$nat
förmådde	34	word	f9r$"mO$de
förtröstar	34	word	f9$"t`r9$star
föröka	34	word	f9r$"2:$ka
grät	34	word	"grE:t
hållas	34	word	""hO$las
intaga	34	word	""In$%tA:$ga
kalk	34	word	"kalk
kameler	34	word	ka$"me:$ler
landsmän	34	word	""lands$%mEn
leviternas	34	word	le$"vi:$te$n`as
like	34	word	""li:$ke
lyssnade	34	word	""lY$sna$de
lösen	34	word	"l2:$sen
menar	34	word	""me:$nar
molnskyn	34	word	
nionde	34	word	""ni:$On$de
närmaste	34	word	""nEr$ma$ste
ort	34	word	"Ut`
osyrade	34	word	""u:$%sy:$ra$de
plågor	34	word	""plo:$gUr
sjunga	34	word	""x\u0N$a
sorgdräkt	34	word	""sOrj$%drEkt
stadga	34	word	""stad$ga
sänd	34	word	"sEnd
täckes	34	word	""tE$kes
undergång	34	word	""u0n$der$%gON
upphöjen	34	word	
vita	34	word	""vi:$ta
vittnesbördet	34	word	
Ännu	34	word	""E$n}:
ävensom	34	word	""E:$ven$%sOm
årsgamla	34	word	""o:s`$%gam$la
Bland	33	word	"bland
Jojada	33	name	
Välsignad	33	word	vEl$"sIN$nad
bedrövad	33	word	be$"dr2:$vad
begjutet	33	word	be$"j}:$tet
beståndande	33	word	be$"stOn$dan$de
botade	33	word	""bu:$ta$de
drevo	33	word	
drottning	33	word	""drOt$nIN
dödsklagan	33	word	
dörrar	33	word	""d9$rar
fatta	33	word	""fa$ta
forna	33	word	""fu:$n`a
förakt	33	word	f2:r$"akt
förbanna	33	word	f9r$"ba$na
förstfött	33	word	""f9s`t`$%f9t
gärning	33	word	""jE:$n`IN
haden	33	word	
hellre	33	word	"hEl$re
huden	33	word	"h}:$den
hunnit	33	word	""hu0$nIt
härmed	33	word	"hE:r$me:d
härtill	33	word	"hE:$t`Il
högre	33	word	
krets	33	word	"krEts
lidande	33	word	""li:$dan$de
ljud	33	word	"j}:d
mäktig	33	word	""mEk$tIg
mäns	33	word	"mEns
mätt	33	word	"mEt
nio	33	word	""ni:$U
nitälskan	33	word	""ni:t$%El$skan
oxe	33	word	""Uk$se
pröva	33	word	""pr2:$va
rika	33	word	""ri:$ka
rot	33	word	"ru:t
rättfärdighetens	33	word	""rEt$fE:$d`Ig$%he:$tens
rör	33	word	"r2:r
skepp	33	word	"x\Ep
skörda	33	word	""x\2:$d`a
spetsen	33	word	"spEt$sen
störtade	33	word	""st9$t`a$de
stöta	33	word	""st2:$ta
svurit	33	word	""sv}:$rIt
svär	33	word	"svE:r
sålde	33	word	""sOl$de
södra	33	word	""s2:$dra
tiondedels	33	word	""ti:$On$de$%de:ls
torn	33	word	"tu:n`
tränga	33	word	""trEN$a
tröst	33	word	"tr9st
upphöjt	33	word	""u0p$%h9jt
vagn	33	word	"vaNn
vind	33	word	"vInd
visat	33	word	""vi:$sat
överflöd	33	word	""2:$ver$%fl2:d
överlämna	33	word	""2:$ve$%l`Em$na
Ai	32	name	""A:$i:
Dagen	32	word	"dA:$gen
Gedalja	32	name	
Intet	32	word	""In$tet
Jisreel	32	name	
Många	32	word	
Ytterligare	32	word	""Y$te$l`I$ga$re
arter	32	word	""A:$t`er
befallningar	32	word	be$"fal$nIN$ar
begår	32	word	be$"go:r
bredd	32	word	"brEd
djupet	32	word	"j}:$pet
domen	32	word	"dU$men
dyrbara	32	word	""dy:r$%bA:$ra
fira	32	word	""fi:$ra
fullbordan	32	word	""fu0l$%bu:$d`an
fästa	32	word	""fE$sta
fören	32	word	""f2:$ren
gent	32	word	
hedningarnas	32	word	""he:d$nIN$a$n`as
hänt	32	word	"hEnt
knän	32	word	"knE:n
källa	32	word	""s'E$la
lemmar	32	word	""lE$mar
lovligt	32	word	""lo:v$lIkt
lämnas	32	word	""lEm$nas
oljan	32	word	""Ol$jan
oomskurna	32	word	""u:$Om$%sk}:$n`a
purpurrött	32	word	""pu0r$pu0r$%r9t
samlar	32	word	""sam$lar
sköldar	32	word	""x\9l$dar
slätten	32	word	"slE$ten
stridsmän	32	word	""strIts$%mEn
syner	32	word	""sy:$ner
säng	32	word	"sEN
sålunda	32	word	""so:$%lu0n$da
tjänar	32	word	""s'E:$nar
trolösa	32	word	""tru:$%l2:$sa
trångmål	32	word	""trON$%mo:l
trösta	32	word	""tr9$sta
unge	32	word	""u0N$e
utgöra	32	word	""}:t$%j2:$ra
utkräva	32	word	""}:t$%krE:$va
vred	32	word	"vre:d
vänden	32	word	
värdig	32	word	""vE:$d`Ig
värn	32	word	"vE:n`
åkern	32	word	"o:$ken`
österut	32	word	"9$ster$}:t
Ahasveros	31	name	
Förbannad	31	word	f9r$"ba$nad
Gören	31	word	
Josias	31	name	
Judit	31	name	"j}:$dIt
Kaleb	31	name	"kA:$leb
Mackabeus	31	name	
Satan	31	name	""sA:$tan
Sonen	31	word	"so:$nen
Sydlandet	31	word	
andarna	31	word	""an$da$n`a
apostlarna	31	word	a$"pOst$la$n`a
assyriske	31	word	a$"sy:$rI$ske
avdelningar	31	word	""A:v$%de:l$nIN$ar
baner	31	word	""bA:$ner
barmhärtig	31	word	barm$"hE$t`Ig
begå	31	word	be$"go:
bet	31	word	"be:t
bockar	31	word	""bO$kar
brödet	31	word	"br2:$det
cederträ	31	word	""se:$de$%t`rE:
drag	31	word	"drA:g
dryck	31	word	"drYk
falskt	31	word	"falskt
fienden	31	word	""fi:$en$den
finge	31	word	""fIN$e
flyter	31	word	"fly:$ter
folkslag	31	word	""fOlk$%slA:g
framåt	31	word	"fram$o:t
frälsar	31	word	
förkastat	31	word	f9r$"ka$stat
förkunnar	31	word	f9r$"ku0$nar
ganska	31	word	""gan$ska
gator	31	word	""gA:$tUr
gjorda	31	word	""ju:$d`a
gläder	31	word	""glE:$der
gräs	31	word	"grE:s
hednafolk	31	word	""he:d$na$%fOlk
hud	31	word	"h}:d
jubla	31	word	""j}:$bla
länd	31	word	"lEnd
lätt	31	word	"lEt
moln	31	word	"mo:ln
olika	31	word	""u:$%li:$ka
omkull	31	word	Om$"ku0l
raka	31	word	""rA:$ka
sjukdom	31	word	""x\}:k$%dUm
skilja	31	word	""x\Il$ja
skjuta	31	word	""x\}:$ta
skynda	31	word	""x\Yn$da
skönhet	31	word	""x\2:n$%he:t
svarar	31	word	""svA:$rar
synes	31	word	
söken	31	word	
talrika	31	word	""tA:l$%ri:$ka
tillhörde	31	word	""tIl$%h2:$d`e
upphöja	31	word	""u0p$%h9$ja
upptecknade	31	word	""u0p$%tE$kna$de
utfört	31	word	""}:t$%f2:t`
utgå	31	word	""}:t$%go:
utrotade	31	word	""}:t$%ru:$ta$de
utväljer	31	word	
vek	31	word	"ve:k
västra	31	word	""vE$stra
växte	31	word	""vEk$ste
ädla	31	word	""E:d$la
änka	31	word	""EN$ka
ätas	31	word	""E:$tas
åkallade	31	word	""o:$%ka$la$de
överträdelse	31	word	""2:$ve$%t`rE:$del$se
Asaf	30	name	
Eli	30	name	"e:$lI
Gad	30	name	"gA:d
Kades	30	name	
Lot	30	name	
Nineve	30	name	
Nuns	30	name	
Röda	30	word	""r2:$da
Sidon	30	name	
Sin	30	word	"sIn
andan	30	word	""an$dan
ansiktet	30	word	""an$sIk$tet
arv	30	word	"arv
avfällighet	30	word	""A:v$fE$lIg$%he:t
bada	30	word	""bA:$da
beläten	30	word	be$"lE:$ten
benen	30	word	"be:$nen
bleve	30	word	""ble:$ve
blinda	30	word	""blIn$da
bock	30	word	"bOk
bugade	30	word	""b}:$ga$de
dagg	30	word	"dag
dörrarna	30	word	""d9$ra$n`a
flickan	30	word	""flI$kan
förr	30	word	"f9r
försåt	30	word	f9$"s`o:t
föräldrar	30	word	f9r$"El$drar
gränser	30	word	""grEn$ser
gröda	30	word	""gr2:$da
herdar	30	word	""he:$d`ar
hindra	30	word	""hIn$dra
husen	30	word	"h}:$sen
högmod	30	word	""h2:g$%mu:d
ingå	30	word	""IN$%go:
innersta	30	word	"I$ne$s`t`a
intogo	30	word	
lyckosam	30	word	""lY$kU$%sam
lärde	30	word	""lE:$d`e
lösa	30	word	""l2:$sa
misskund	30	word	""mI$%sku0nd
njuta	30	word	""nj}:$ta
norra	30	word	""nO$ra
onde	30	word	""Un$de
par	30	word	"pA:r
slutit	30	word	""sl}:$tIt
stått	30	word	"stOt
stötesten	30	word	""st2:$te$%ste:n
syntes	30	word	sYn$"te:s
särskild	30	word	""sE:$%s`Ild
sångarna	30	word	""sON$a$n`a
tillkommer	30	word	""tIl$%kO$mer
tillsade	30	word	
tillstadde	30	word	
tomma	30	word	""tU$ma
ungtjur	30	word	""u0N$%s'}:r
uppfyllde	30	word	""u0p$%fYl$de
upphöra	30	word	""u0p$%h2:$ra
vackla	30	word	""va$kla
väldig	30	word	""vEl$dIg
västerut	30	word	"vE$ster$}:t
Baruk	29	name	
Gibeon	29	name	
Obed	29	name	
Ptolemeus	29	name	
Rebecka	29	name	re$""bE$ka
Saliga	29	word	""sA:$lI$ga
Upp	29	word	"u0p
Väl	29	word	"vE:l
altarets	29	word	""al$ta$rets
arbetade	29	word	""ar$be:$ta$de
avund	29	word	""A:$vu0nd
begynna	29	word	be$"jY$na
belägra	29	word	be$"lE:$gra
betyda	29	word	be$"ty:$da
blotta	29	word	""blO$ta
budbärare	29	word	""b}:d$%bE:$ra$re
djupt	29	word	"j}:pt
ende	29	word	
fullbordat	29	word	""fu0l$%bu:$d`at
förakta	29	word	f9r$"ak$ta
förråd	29	word	f9$"ro:d
församlat	29	word	
förskräckt	29	word	f9$"s`krEkt
försmäkta	29	word	f9$"s`mEk$ta
förtäljde	29	word	
gamle	29	word	""gam$le
gjuta	29	word	""j}:$ta
häpna	29	word	""hE:p$na
klädde	29	word	""klE$de
korn	29	word	"ku:n`
krossa	29	word	""krO$sa
känd	29	word	"s'End
längd	29	word	"lENd
låtom	29	word	""lo:$tOm
makten	29	word	"mak$ten
mäktiga	29	word	""mEk$tI$ga
nät	29	word	"nE:t
ogudaktighet	29	word	""u:$g}:d$ak$tIg$%he:t
orenlighet	29	word	""u:$re:n$lIg$%he:t
platser	29	word	""plat$ser
psaltare	29	word	""sal$ta$re
rosenrött	29	word	""ru:$sen$%r9t
räkning	29	word	""rE:$knIN
sattes	29	word	""sa$tes
småboskapen	29	word	""smo:$bu:$%skA:$pen
ständigt	29	word	""stEn$dIkt
talas	29	word	""tA:$las
trolös	29	word	""tru:$%l2:s
underbara	29	word	""u0n$der$%bA:$ra
uppenbarelsetältets	29	word	
uppfylld	29	word	
uppfyllda	29	word	
upphöjd	29	word	""u0p$%h9jd
vari	29	word	"var$i:
vinner	29	word	"vI$ner
visdom	29	word	""vi:s$%dUm
väduren	29	word	""vE:$%d}:$ren
växer	29	word	"vEk$ser
yngre	29	word	"YN$re
Alexander	28	name	a$lek$"san$der
Barnabas	28	name	
Halleluja	28	name	ha$le$"l}:$ja
Johanan	28	name	
Lysias	28	name	
Meraris	28	name	
Simeons	28	name	
Tamar	28	name	
Vart	28	word	
alltefter	28	word	alt$"Ef$ter
alltför	28	word	"alt$f2:r
begynnelse	28	word	be$"jY$nel$se
begärelse	28	word	be$"jE:$rel$se
binda	28	word	""bIn$da
blind	28	word	"blInd
boken	28	word	""bu:$ken
buk	28	word	"b}:k
bävan	28	word	""bE:$van
börda	28	word	""b2:$d`a
drabbade	28	word	""dra$ba$de
driver	28	word	"draj$ver
drömmen	28	word	"dr9$men
döpa	28	word	""d2:$pa
famn	28	word	"famn
fjorton	28	word	""fju:$t`On
följer	28	word	"f9l$jer
följt	28	word	"f9ljt
förhus	28	word	
förmå	28	word	f9r$"mo:
förtär	28	word	f9$"t`E:r
handla	28	word	""hand$la
helgedomens	28	word	""hEl$ge$%dU$mens
hjälper	28	word	""jEl$per
hjärtans	28	word	""jE$t`ans
härav	28	word	"hE:r$A:v
härlig	28	word	""hE:$l`Ig
högeligen	28	word	""h2:$ge$li:$gen
jungfrur	28	word	""ju0N$fr}:r
kastat	28	word	""ka$stat
kvarleva	28	word	""kvA:r$%l`e:$va
kvinnas	28	word	""kvI$nas
lovsjunga	28	word	""lo:v$%x\u0N$a
lärare	28	word	""lE:$ra$re
människornas	28	word	""mE$nI$x\U$n`as
nästas	28	word	""nE$stas
olyckan	28	word	""u:$%lY$kan
ostrafflig	28	word	""u:$%stra$flIg
personer	28	word	pe$"s`u:$ner
plantera	28	word	plan$"te:$ra
profeterade	28	word	prU$fe$"te:$ra$de
rådde	28	word	""rO$de
rök	28	word	"r2:k
sabbater	28	word	"sa$ba$ter
skriver	28	word	"skri:$ver
strider	28	word	""stri:$der
sträcka	28	word	""strE$ka
syndar	28	word	""sYn$dar
tjuren	28	word	"s'}:$ren
tjänen	28	word	
ugnen	28	word	"u0N$nen
underdåniga	28	word	""u0n$de$%d`o:$nI$ga
uppfylldes	28	word	""u0p$%fYl$des
upphörde	28	word	""u0p$%h2:$d`e
vakta	28	word	""vak$ta
vida	28	word	""vi:$da
vittnesbördets	28	word	
väggen	28	word	"vE$gen
välbehagligt	28	word	""vE:l$be$%hA:$glIkt
Över	28	word	"2:$ver
änglarna	28	word	""EN$la$n`a
ögonblick	28	word	""2:$gOn$%blIk
öppnar	28	word	""9p$nar
övergåvo	28	word	
Abia	27	name	
Adonia	27	name	
Assur	27	name	"a$su0r
Baals	27	name	"bA:ls
Ej	27	word	"Ej
Hamat	27	name	
Hananja	27	name	
Isaks	27	name	""i:$saks
Jefta	27	name	
Josia	27	name	
Konung	27	word	""ko:$nu0N
Sebaots	27	name	
Vår	27	word	"vo:r
akacieträ	27	word	
befäst	27	word	be$"fEst
beser	27	word	
bevisat	27	word	be$"vi:$sat
bojor	27	word	""bO$jUr
dels	27	word	"de:ls
domar	27	word	""dU$mar
drivit	27	word	""dri:$vIt
drucko	27	word	""dru0$kU
elände	27	word	""e:$lEn$de
frisk	27	word	"frIsk
frälste	27	word	""frEl$ste
förblev	27	word	f9r$"ble:v
förstöra	27	word	f9$"s`t`2:$ra
givna	27	word	""ji:v$na
godo	27	word	""gu:$dU
gällde	27	word	""jEl$de
göt	27	word	"j2:t
hemsökelse	27	word	""hEm$%s2:$kel$se
höjer	27	word	"h9$jer
kläda	27	word	""klE:$da
liknelse	27	word	""li:$knel$se
ljuda	27	word	""j}:$da
ljudet	27	word	"j}:$det
loven	27	word	"lo:$ven
måltid	27	word	""mo:l$%ti:d
når	27	word	"no:r
ordspråk	27	word	""u:d`$%s`pro:k
oro	27	word	""u:$ru:
orättfärdiga	27	word	""u:$rEt$%fE:$d`I$ga
prov	27	word	"pru:v
rikligen	27	word	""ri:$klI$gen
ringar	27	word	""rIN$ar
räknat	27	word	""rE:$knat
sammalunda	27	word	""sa$ma$%lu0n$da
sekreteraren	27	word	se$kre$""te:$ra$ren
sköna	27	word	""x\2:$na
slutat	27	word	""sl}:$tat
smäda	27	word	""smE:$da
stolta	27	word	""stOl$ta
ställt	27	word	"stElt
stänka	27	word	""stEN$ka
svärja	27	word	""svEr$ja
tanke	27	word	""taN$ke
tjugufyra	27	word	
uppenbarelse	27	word	""u0$pen$%bA:$rel$se
upphäva	27	word	""u0p$%hE:$va
varhelst	27	word	vA:r$"hElst
äten	27	word	
åttio	27	word	"O$tI$U
Därifrån	26	word	"dE:$rI$fro:n
Folket	26	word	"fOl$ket
Hilkia	26	name	
Honom	26	word	""hO$nOm
Kanhända	26	word	kan$""hEn$da
Lea	26	name	""le:$a
Midjan	26	name	""mi:d$jan
Pinehas	26	name	
Ramot	26	name	
Simeon	26	name	""si:$me$On
avstånd	26	word	""A:v$%stOnd
ax	26	word	"aks
bedriva	26	word	be$"dri:$va
begära	26	word	be$"jE:$ra
behövde	26	word	be$"h2:v$de
betryck	26	word	be$"trYk
bild	26	word	"bIld
bjuda	26	word	""bj}:$da
bringar	26	word	""brIN$ar
dens	26	word	"dEns
dödat	26	word	""d2:$dat
faderlöse	26	word	""fA:$de$%l`2:$se
finger	26	word	"fIN$er
fjortonde	26	word	""fju:$t`On$de
flod	26	word	"flu:d
fåglarna	26	word	""fo:$gla$n`a
föraktade	26	word	f9r$"ak$ta$de
förstlingen	26	word	""f9s`t`$l`IN$en
förtrösta	26	word	f9r$"tr9$sta
gap	26	word	"gA:p
gatorna	26	word	""gA:$tU$n`a
give	26	word	"gIv
glans	26	word	"glA:ns
gravar	26	word	""grA:$var
gudstjänst	26	word	""gu0ts$%s'Enst
gömde	26	word	""j9m$de
hednafolken	26	word	""he:d$na$%fOl$ken
hustrun	26	word	""hu0$str}:n
hårda	26	word	""ho:$d`a
hövitsmän	26	word	""h2:$vIts$%mEn
lagens	26	word	"lA:$gens
legat	26	word	le$"gA:t
lider	26	word	""li:$der
lämnar	26	word	""lEm$nar
manskap	26	word	""man$%skA:p
märke	26	word	""mEr$ke
nedgjorde	26	word	""ne:d$%ju:$d`e
nödens	26	word	"n2:$dens
ohelga	26	word	
pelarna	26	word	""pe:$la$n`a
predikade	26	word	pre$"di:$ka$de
räddar	26	word	""rE$dar
skapare	26	word	""skA:$pa$re
slöto	26	word	
stig	26	word	"sti:g
storm	26	word	"stOrm
stunden	26	word	"stu0n$den
svärfader	26	word	""svE:r$%fA:$der
sälja	26	word	""sEl$ja
sömn	26	word	"s9mn
tack	26	word	"tak
tillbad	26	word	""tIl$%bA:d
tillsyningsmän	26	word	""tIl$sy:$nINs$%mEn
tjugutvå	26	word	""s'}:$gu0$%tvo:
tolfte	26	word	""tOlf$te
uppdrag	26	word	""u0p$%drA:g
uppfylla	26	word	""u0p$%fY$la
uppfyllt	26	word	""u0p$%fYlt
utförde	26	word	""}:t$%f2:$d`e
vagnen	26	word	"vaN$nen
vete	26	word	""ve:$te
vunnit	26	word	""vu0$nIt
vård	26	word	"vo:d`
åkallan	26	word	""o:$%ka$lan
åkrar	26	word	""o:$krar
överdrog	26	word	
överlämnade	26	word	""2:$ve$%l`Em$na$de
Ahasja	25	name	
Boas	25	name	""bu:$as
Därav	25	word	dE:r$"A:v
Jonatans	25	name	""ju:$na$tans
Likaledes	25	word	""li:$ka$%le:$des
Nasaret	25	name	""nA:$sa$ret
Samma	25	word	""sa$ma
Sikems	25	name	
Säll	25	word	"sEl
Tarsis	25	name	
Vänden	25	word	
anställde	25	word	""an$%stEl$de
avdelning	25	word	""A:v$%de:l$nIN
bords	25	word	"bu:d`s`
drabbas	25	word	""dra$bas
drömmar	25	word	""dr9$mar
därur	25	word	dE:r$"}:r
dörr	25	word	"d9r
ersättning	25	word	""e:$%s`Et$nIN
feta	25	word	""fe:$ta
fångna	25	word	""fON$na
förbannar	25	word	f9r$"ba$nar
förbarmande	25	word	f9r$"bar$man$de
fördes	25	word	""f2:$d`es
förgäves	25	word	f9r$"jE:$ves
förgöras	25	word	f9r$"j2:$ras
förklara	25	word	f9r$"klA:$ra
förtröstan	25	word	f9$"t`r9$stan
förvirring	25	word	f9r$"vI$rIN
förväg	25	word	""f2:r$%vE:g
gavs	25	word	"gA:vs
gift	25	word	"jIft
grunden	25	word	"gru0n$den
gräshoppor	25	word	""grE:s$%hO$pUr
harpor	25	word	""har$pUr
himmelriket	25	word	""hI$mel$%ri:$ket
hjorden	25	word	"ju:$d`en
högtiden	25	word	
högtider	25	word	
höjde	25	word	""h9j$de
höras	25	word	""h2:$ras
hövitsmannen	25	word	""h2:$vIts$%ma$nen
konungadömet	25	word	""ko:$nu0N$a$%d9$met
krigsfolket	25	word	""krIks$%fOl$ket
krigsmän	25	word	""krIks$%mEn
kryddor	25	word	""krY$dUr
köpt	25	word	"s'9pt
ledare	25	word	""le:$da$re
långa	25	word	""lON$a
löpa	25	word	
nå	25	word	"no:
nådastolen	25	word	""no:$da$%stu:$len
offret	25	word	"O$fret
oförnuft	25	word	""u:$f9$%n`u0ft
sanden	25	word	"san$den
släppte	25	word	""slEp$te
spisoffret	25	word	
späda	25	word	""spE:$da
stadsporten	25	word	""stats$%pU$t`en
starkare	25	word	""star$ka$re
stående	25	word	""sto:$en$de
säden	25	word	"sE:$den
söderut	25	word	"s2:$de$r}:t
tacksägelse	25	word	""tak$%sE$jel$se
taket	25	word	"tA:$ket
tjänat	25	word	""s'E:$nat
tjänstekvinna	25	word	""s'En$ste$%kvI$na
tjänstgöring	25	word	""s'Enst$%j2:$rIN
tronar	25	word	""tru:$nar
trängde	25	word	""trEN$de
törst	25	word	"t9s`t`
undfått	25	word	""u0nd$%fOt
uppenbart	25	word	""u0$pen$%bA:t`
utmed	25	word	"}:t$me:d
väntade	25	word	""vEn$ta$de
väpnade	25	word	""vE:p$na$de
äga	25	word	""E:$ga
ämbete	25	word	""Em$%be:$te
äventyrs	25	word	""E:$ven$%ty:s`
Aldrig	24	word	""al$drIg
Amnon	24	name	
Amos	24	name	"A:$mOs
Andra	24	word	""an$dra
Asers	24	name	
Backides	24	name	
Darejaves	24	name	
Därtill	24	word	"dE:$t`Il
Ebjatar	24	name	
Esaias	24	name	e$""sa$jas
Esra	24	name	
Gasa	24	name	""gA:$sa
Hela	24	word	""he:$la
Hälsen	24	word	
Jabes	24	name	
Jeremias	24	name	je$re$""mi:$as
Joahas	24	name	
Jojadas	24	name	
Kores	24	name	
Lakis	24	name	
Mesullam	24	name	
Mången	24	word	
Nebats	24	name	
Nåd	24	word	"no:d
Redan	24	word	""re:$dan
Seirs	24	name	
Seraja	24	name	
Serujas	24	name	
Sihon	24	name	
Sinai	24	name	""sI$na$%i:
angripna	24	word	
avsikt	24	word	""A:v$%sIkt
bakhåll	24	word	""bA:k$%hOl
begynt	24	word	be$"jYnt
bereder	24	word	be$"re:$der
bett	24	word	"bEt
bommar	24	word	""bU$mar
bon	24	word	"bu:n
boskapen	24	word	""bu:$%skA:$pen
breda	24	word	""bre:$da
bredde	24	word	""brE$de
brett	24	word	"brEt
brännas	24	word	""brE$nas
bytet	24	word	""by:$tet
böja	24	word	""b9$ja
dela	24	word	""de:$la
djuret	24	word	"j}:$ret
djävulen	24	word	""jE:$vu0$len
drack	24	word	"drak
druckit	24	word	""dru0$kIt
dödad	24	word	
egyptiernas	24	word	e$"jYpt$sI$e$n`as
evigheternas	24	word	""e:$vIg$%he:$te$n`as
felfria	24	word	""fe:l$%fri:$a
fiskarna	24	word	""fI$ska$n`a
fylla	24	word	""fY$la
fyrfotadjur	24	word	""fy:r$fu:$ta$%j}:r
fängelset	24	word	""fEN$el$set
fördärvade	24	word	f9$"d`Er$va$de
förföljare	24	word	f9r$"f9l$ja$re
förgätit	24	word	f9r$"jE:$tIt
förkasta	24	word	f9r$"ka$sta
förlåtelse	24	word	f9$"l`o:$tel$se
församlingarna	24	word	f9$"s`am$lIN$a$n`a
helgedomssikelns	24	word	
heta	24	word	""he:$ta
hjälpare	24	word	""jEl$pa$re
hjältarna	24	word	""jEl$ta$n`a
hov	24	word	"ho:v
ingalunda	24	word	""IN$a$%lu0n$da
kläderna	24	word	"klE:$de$n`a
kysste	24	word	""s'Y$ste
kännen	24	word	
lagar	24	word	""lA:$gar
levandes	24	word	""le:$van$des
lidit	24	word	""li:$dIt
majestät	24	word	ma$je$"stE:t
möjligt	24	word	""m9j$lIkt
palats	24	word	pa$"lats
personen	24	word	pe$"s`u:$nen
ris	24	word	"ri:s
räcker	24	word	"rE$ker
silvret	24	word	"sIl$vret
skaran	24	word	""skA:$ran
skriften	24	word	"skrIf$ten
skrivelse	24	word	""skri:$vel$se
skål	24	word	"sko:l
sköt	24	word	"x\2:t
släkten	24	word	""slEk$ten
smörja	24	word	""sm9r$ja
stranden	24	word	"stran$den
ståthållare	24	word	""sto:t$%hO$la$re
svor	24	word	"svu:r
tackar	24	word	""ta$kar
tackoffret	24	word	""tak$%O$fret
tagas	24	word	""tA:$gas
tecknet	24	word	"tE$knet
timmen	24	word	""tI$men
tjänstgöringen	24	word	""s'Enst$%j2:$rIN$en
trogen	24	word	""tru:$gen
tukta	24	word	""tu0k$ta
tände	24	word	""tEn$de
tänk	24	word	"tENk
uppstår	24	word	""u0p$%sto:r
uppväckt	24	word	""u0p$%vEkt
uppväckte	24	word	""u0p$%vEk$te
utgjordes	24	word	""}:t$%ju:$d`es
utgjutit	24	word	""}:t$%j}:$tIt
uträcka	24	word	""}:t$%rE$ka
utseende	24	word	""}:t$%se:$en$de
utskifta	24	word	""}:t$%x\If$ta
vandren	24	word	
varelser	24	word	""vA:$rel$ser
varpå	24	word	"vA:r$po:
vattnen	24	word	"vat$nen
vederfaras	24	word	""ve:$der$%fA:$ras
vederfarits	24	word	""ve:$der$%fA:$rIts
vilade	24	word	""vi:$la$de
älskat	24	word	""El$skat
ändan	24	word	""En$dan
änkor	24	word	""EN$kUr
ät	24	word	"E:t
örter	24	word	""9$t`er
Babels	23	name	"bA:$bels
Dragen	23	word	""drA:$gen
Faders	23	word	""fA:$des`
Finnes	23	word	""fI$nes
Gudens	23	name	"g}:$dens
Hava	23	word	""hA:$va
Jojakim	23	name	
Likaså	23	word	li:$ka$"so:
Mot	23	word	"mu:t
Safan	23	name	
Sebulon	23	name	
Tobit	23	name	
Våra	23	word	""vo:$ra
allmosor	23	word	""al$%mu:$sUr
bedraga	23	word	be$"drA:$ga
besatt	23	word	be$"sat
bestånd	23	word	be$"stOnd
betalning	23	word	be$"tA:l$nIN
danat	23	word	
dånet	23	word	"do:$net
elva	23	word	
emellan	23	word	
evigheter	23	word	""e:$vIg$%he:$ter
fattat	23	word	""fa$tat
fikonträd	23	word	""fi:$kOn$%trE:d
filistéen	23	word	
fläck	23	word	"flEk
fritt	23	word	"frIt
fräls	23	word	"frEls
frälsare	23	word	""frEl$sa$re
frälsnings	23	word	""frEl$snINs
fåfängliga	23	word	""fo:$%fEN$lI$ga
fånge	23	word	""fON$e
föder	23	word	"f2:$der
fördrag	23	word	f9$"d`rA:g
förgäter	23	word	f9r$"jE:$ter
förhärliga	23	word	f9r$"hE:$l`I$ga
förstodo	23	word	
försvar	23	word	f9$"s`vA:r
försyn	23	word	f9$"s`y:n
förödelse	23	word	f9r$"2:$del$se
gives	23	word	""ji:$ves
gjutna	23	word	
glatt	23	word	"glat
grottan	23	word	""grO$tan
grundvalar	23	word	""gru0nd$%vA:$lar
hat	23	word	"hA:t
herdarna	23	word	""he:$d`a$n`a
himmelska	23	word	"hI$mel$ska
hängde	23	word	""hEN$de
höres	23	word	""h2:$res
hövdingarna	23	word	""h9v$dIN$a$n`a
hövdingen	23	word	""h9v$dIN$en
jebuséerna	23	word	
jämra	23	word	""jEm$ra
kastas	23	word	""ka$stas
kvinnans	23	word	""kvI$nans
käre	23	word	""s'E:$re
kärlen	23	word	"s'E:$l`en
lidanden	23	word	""li:$dan$den
livsdagar	23	word	""lIfs$%dA:$gar
lovsång	23	word	""lo:v$%sON
mening	23	word	""me:$nIN
mäktige	23	word	""mEk$tI$ge
märka	23	word	""mEr$ka
namnen	23	word	"nam$nen
närmast	23	word	
osyrat	23	word	""u:$%sy:$rat
plundring	23	word	""plu0n$drIN
påskhögtid	23	word	""pOsk$h9k$%ti:d
redliga	23	word	""re:d$lI$ga
riva	23	word	""ri:$va
rygg	23	word	"rYg
räknade	23	word	""rE:$kna$de
rättfärdiges	23	word	""rEt$%fE:$d`I$ges
rättvisa	23	word	""rEt$%vi:$sa
rådslut	23	word	""ro:d$%sl}:t
samlat	23	word	""sam$lat
sinnes	23	word	""sI$nes
sjunka	23	word	""x\u0N$ka
skicka	23	word	""x\I$ka
skona	23	word	"sku:$na
skändlighet	23	word	""x\End$lIg$%he:t
skådar	23	word	""sko:$dar
småboskap	23	word	""smo:$bu:$%skA:p
stego	23	word	""ste:$gU
straffa	23	word	""stra$fa
stänger	23	word	"stEN$er
störta	23	word	""st9$t`a
svaga	23	word	""svA:$ga
sättet	23	word	"sE$tet
tiga	23	word	""ti:$ga
tillbörligt	23	word	""tIl$%b2:$l`Ikt
tjänarinnor	23	word	s'E:$na$""rI$nUr
träder	23	word	"trE:$der
tänkt	23	word	"tENkt
tåg	23	word	"to:g
undkomma	23	word	""u0nd$%kO$ma
uppståndelse	23	word	""u0p$%stOn$del$se
upptagen	23	word	""u0p$%tA:$gen
uträckt	23	word	""}:t$%rEkt
vedergällning	23	word	""ve:$der$%jEl$nIN
vilddjuret	23	word	""vIld$%j}:$ret
övergiven	23	word	""2:$ver$%ji:$ven
övermäktiga	23	word	""2:$ver$%mEk$tI$ga
övre	23	word	"2:$vre
Amalek	22	name	
Aser	22	name	
Baesa	22	name	
Denna	22	word	""dE$na
Dess	22	word	"dEs
Hanna	22	name	""ha$na
Hennes	22	word	""hE$nes
Isaskar	22	name	
Isaskars	22	name	
Joppe	22	name	
Karmel	22	name	
Kis	22	name	"ki:s
Lik	22	word	"li:k
Likväl	22	word	li:k$"vEl
Macedonien	22	name	ma$ke$"du:$nI$en
Nadab	22	name	
Nebukadressar	22	name	
Sebulons	22	name	
allraheligaste	22	word	al$ra$""he:$lI$ga$ste
arme	22	word	""ar$me
bedrivit	22	word	be$"dri:$vIt
begärelser	22	word	be$"jE:$rel$ser
behaga	22	word	be$"hA:$ga
beredde	22	word	be$"rE$de
bestämd	22	word	be$"stEmd
besvär	22	word	be$"svE:r
bihustru	22	word	""bi:$%hu0$str}:
brevet	22	word	"bre:$vet
bräder	22	word	""brE:$der
bygger	22	word	"bY$ger
dyrbar	22	word	""dy:r$%bA:r
dårar	22	word	""do:$rar
dåren	22	word	""do:$ren
efoden	22	word	
exempel	22	word	ek$"sEm$pel
femtonde	22	word	""fEm$tOn$de
flyga	22	word	""fly:$ga
friska	22	word	""frI$ska
frände	22	word	""frEn$de
fäkreaturen	22	word	""fE:$kre:$a$%t}:$ren
fälla	22	word	""fE$la
fästen	22	word	""fE$sten
föraktar	22	word	f9r$"ak$tar
förbannelser	22	word	f9r$"ba$nel$ser
förgårdens	22	word	""f2:r$%go:$d`ens
förlorat	22	word	f9$"l`u:$rat
gladde	22	word	""gla$de
helgar	22	word	""hEl$gar
hemsökelsen	22	word	""hEm$%s2:$kel$sen
hetta	22	word	""hE$ta
hänga	22	word	""hEN$a
härhövitsman	22	word	
häst	22	word	"hEst
ingenting	22	word	IN$en$"tIN
kammare	22	word	""ka$ma$re
kanten	22	word	"kan$ten
kastar	22	word	""ka$star
kejsaren	22	word	""s'Ej$sa$ren
korsfäst	22	word	""kOs`$%fEst
kunnigt	22	word	""ku0$nIkt
livsmedel	22	word	""lIfs$%me:$del
ljungeldar	22	word	""ju0N$%El$dar
lugn	22	word	"lu0Nn
lydde	22	word	""lY$de
lyft	22	word	"lYft
lyssnar	22	word	""lY$snar
lyster	22	word	"lY$ster
läst	22	word	"lE:st
löv	22	word	"l2:v
naken	22	word	""nA:$ken
nådde	22	word	""nO$de
offergärd	22	word	
offerhöjder	22	word	
offras	22	word	""O$fras
omgjordade	22	word	
omskurna	22	word	""Om$%sk}:$n`a
omsorg	22	word	""Om$%sOrj
ovän	22	word	""u:$%vEn
prästernas	22	word	""prE$ste$n`as
regera	22	word	re$"je:$ra
rikes	22	word	""ri:$kes
sed	22	word	"se:d
sinnen	22	word	""sI$nen
skrift	22	word	"skrIft
skörd	22	word	"x\2:d`
stena	22	word	""ste:$na
stormvind	22	word	""stOrm$%vInd
strand	22	word	"strand
strå	22	word	"stro:
synagogan	22	word	""sy:$na$%gu:$gan
synders	22	word	""sYn$des`
sökt	22	word	"s2:kt
tjänsten	22	word	"s'En$sten
torra	22	word	""tO$ra
torrt	22	word	"tOt`
trakten	22	word	"trak$ten
tvinnat	22	word	""tvI$nat
umgänge	22	word	""u0m$%jEN$e
utstå	22	word	""}:t$%sto:
utöver	22	word	}:t$"2:$ver
vadhelst	22	word	
vikit	22	word	""vi:$kIt
vistades	22	word	""vI$sta$des
vredgas	22	word	""vrEd$gas
väga	22	word	""vE:$ga
väldige	22	word	""vEl$dI$ge
värd	22	word	"vE:d`
äldre	22	word	"El$dre
äran	22	word	""E:$ran
Abel	21	name	"A:$bel
Akis	21	name	
Frid	21	word	"fri:d
Isai	21	name	
Isais	21	name	
Joabs	21	name	
Kain	21	name	"kA:$In
Kehats	21	name	
Koras	21	name	""ko:$ras
Peres	21	name	""pe:$res
Persien	21	name	"pE$s`I$en
Ruben	21	name	"r}:$ben
Sallum	21	name	
Semes	21	name	
antända	21	word	""an$%tEn$da
arma	21	word	""ar$ma
besked	21	word	be$"x\e:d
besöka	21	word	be$"s2:$ka
bevisar	21	word	be$"vi:$sar
bitter	21	word	"bI$ter
blickar	21	word	""blI$kar
bliv	21	word	"bli:v
bröden	21	word	"br2:$den
bunden	21	word	""bu0n$den
bäst	21	word	"bEst
doms	21	word	"do:ms
drucken	21	word	""dru0$ken
druckna	21	word	""dru0$kna
dröjer	21	word	"dr9$jer
duvor	21	word	""d}:$vUr
elfte	21	word	""Elf$te
fatt	21	word	
framställde	21	word	""fram$%stEl$de
frihet	21	word	""fri:$%he:t
frågen	21	word	
färde	21	word	""fE:$d`e
fördärvet	21	word	f9$"d`Er$vet
förgjort	21	word	f9r$"jUt`
förgrymmelse	21	word	f9r$"grY$mel$se
förlossa	21	word	f9$"l`O$sa
förlåt	21	word	f9$"l`o:t
förståndiga	21	word	f9$"s`t`On$dI$ga
förtrycka	21	word	f9$"t`rY$ka
förtärt	21	word	f9$"t`E:t`
förvärva	21	word	f9r$"vEr$va
gestalt	21	word	je$"stalt
grep	21	word	"gre:p
hatade	21	word	""hA:$ta$de
hin	21	word	"hIn
hopar	21	word	""hu:$par
härskare	21	word	""hE$s`ka$re
härskaror	21	word	""hE:$%s`kA:$rUr
håret	21	word	"ho:$ret
inälvorna	21	word	""I$%nEl$vU$n`a
kedjor	21	word	""s'e:d$jUr
keruber	21	word	s'e$"r}:$ber
klädda	21	word	""klE$da
kriget	21	word	"kri:$get
kvarlevan	21	word	""kvA:r$%l`e:$van
kära	21	word	""s'E:$ra
lammen	21	word	"la$men
locka	21	word	""lO$ka
mildhet	21	word	""mIld$%he:t
molnen	21	word	"mo:l$nen
murarna	21	word	""m}:$ra$n`a
mäktigare	21	word	""mEk$tI$ga$re
måtte	21	word	""mO$te
nederlag	21	word	""ne:$de$%l`A:g
närvaro	21	word	""nE:r$%vA:$rU
någons	21	word	""no:$gOns
ostraffad	21	word	""u:$%stra$fad
planterade	21	word	plan$"te:$ra$de
planterat	21	word	plan$"te:$rat
plundra	21	word	""plu0n$dra
plundrade	21	word	""plu0n$dra$de
plägar	21	word	""plE:$gar
pund	21	word	"pu0nd
påbud	21	word	""po:$%b}:d
påskalammet	21	word	""pO$ska$%la$met
rykte	21	word	""rYk$te
räcka	21	word	""rE$ka
sexton	21	word	""sEk$stOn
skaffat	21	word	""ska$fat
skonsamhet	21	word	""sku:n$sam$%he:t
skor	21	word	"sku:r
skott	21	word	"skUt
skuldoffer	21	word	
skyarna	21	word	""x\y:$a$n`a
sköte	21	word	""x\2:$te
slutet	21	word	""sl}:$tet
smort	21	word	
snaror	21	word	""snA:$rUr
sonen	21	word	"so:$nen
spis	21	word	"spi:s
starkhet	21	word	""stark$%he:t
stiger	21	word	"sti:$ger
ström	21	word	"str9m
ståndaktighet	21	word	""stOnd$ak$tIg$%he:t
synen	21	word	"sy:$nen
sörjande	21	word	""s9r$jan$de
talrikt	21	word	""tA:l$%ri:kt
torr	21	word	"tOr
träffa	21	word	""trE$fa
tålamod	21	word	""to:$la$%mu:d
upplyft	21	word	""u0p$%lYft
upptaga	21	word	""u0p$%tA:$ga
upptänd	21	word	""u0p$%tEnd
utplåna	21	word	""}:t$%plo:$na
varav	21	word	"vA:$rA:v
varna	21	word	""vA:$n`a
vänligt	21	word	""vEn$lIkt
vänskap	21	word	""vEn$%skA:p
yngling	21	word	""YN$lIN
ynglingar	21	word	""YN$lIN$ar
yngste	21	word	""YN$ste
ödmjukade	21	word	""2:d$%mj}:$ka$de
önska	21	word	""9n$ska
öppen	21	word	""9$pen
övar	21	word	""2:$var
Adam	20	name	""A:$dam
Asien	20	name	"A:$sI$en
Elkana	20	name	
Gomorra	20	name	
Hos	20	word	"hu:s
Håll	20	word	"hOl
Maaka	20	name	
Medien	20	name	
Onias	20	name	
Ptolemais	20	name	
Rom	20	name	"rUm
Sådant	20	word	""so:$dant
Tryfon	20	name	
aderton	20	word	""A:$de$t`On
andliga	20	word	""and$lI$ga
anfall	20	word	""an$%fal
anklaga	20	word	""an$%klA:$ga
apostel	20	word	a$"pO$stel
avföll	20	word	
begrovo	20	word	
begärt	20	word	be$"jE:t`
bevarade	20	word	be$"vA:$ra$de
bortförda	20	word	
brud	20	word	"br}:d
brännoffersaltaret	20	word	
byggas	20	word	""bY$gas
bägare	20	word	""bE:$ga$re
dessas	20	word	""dE$sas
drycker	20	word	""drY$ker
dubbelt	20	word	"du0$belt
dörrvaktarna	20	word	
fariséer	20	word	fa$rI$"se:$er
femton	20	word	""fEm$tOn
frambar	20	word	""fram$%bA:r
frambär	20	word	""fram$%bE:r
frivilliga	20	word	""fri:$%vI$lI$ga
fruktansvärda	20	word	""fru0k$tans$%vE:$d`a
fullkomlig	20	word	""fu0l$%kOm$lIg
färdas	20	word	""fE:$d`as
födda	20	word	""f9$da
förbida	20	word	f9r$"bi:$da
fördolda	20	word	f9$"d`o:l$da
förlorade	20	word	f9$"l`u:$ra$de
förmana	20	word	f9r$"mA:$na
förnam	20	word	f9$"n`am
förskingrade	20	word	f9r$"x\IN$ra$de
förströ	20	word	f9$"s`t`r2:
försvinna	20	word	f9$"s`vI$na
förtörnade	20	word	f9$"t`2:$n`a$de
gatan	20	word	""gA:$tan
grannar	20	word	""gra$nar
grop	20	word	"gru:p
hel	20	word	"he:l
heligas	20	word	""he:$lI$gas
hjordar	20	word	""ju:$d`ar
hälsade	20	word	""hEl$sa$de
härbärge	20	word	""hE:r$%bEr$je
härlighets	20	word	""hE:$l`Ig$%he:ts
härligt	20	word	""hE:$l`Ikt
hållet	20	word	"hO$let
höre	20	word	
jude	20	word	""j}:$de
klaga	20	word	""klA:$ga
klagorop	20	word	""klA:$gU$%ru:p
klagosång	20	word	""klA:$gU$%sON
krossat	20	word	""krO$sat
kungöra	20	word	""ku0$%nj2:$ra
kämpar	20	word	""s'Em$par
köpte	20	word	"s'9p$te
larmande	20	word	""lar$man$de
leviten	20	word	le$"vi:$ten
leviter	20	word	le$"vi:$ter
lustgård	20	word	""lu0st$%go:d`
lyfter	20	word	"lYf$ter
mottaga	20	word	""mu:t$%tA:$ga
mutor	20	word	""m}:$tUr
myckna	20	word	""mY$kna
märker	20	word	"mEr$ker
mången	20	word	
näsa	20	word	""nE:$sa
offerhöjderna	20	word	
offren	20	word	"O$fren
ogudaktiges	20	word	
olyckor	20	word	""u:$%lY$kUr
oskyldigt	20	word	""u:$%x\Yl$dIkt
pelare	20	word	""pe:$la$re
rättfärdigheten	20	word	""rEt$fE:$d`Ig$%he:$ten
rökelsen	20	word	""r2:$kel$sen
samvete	20	word	""sam$%ve:$te
skeppet	20	word	"x\E$pet
skipa	20	word	""x\i:$pa
skriade	20	word	""skri:$a$de
skriv	20	word	"skri:v
skådade	20	word	""sko:$da$de
smädelser	20	word	""smE:$del$ser
stadgat	20	word	""stad$gat
stolpar	20	word	""stOl$par
sträckte	20	word	""strEk$te
stycket	20	word	""stY$ket
stöter	20	word	"st2:$ter
sörjde	20	word	""s9rj$de
tabernaklets	20	word	ta$be$"n`A:$klets
tjur	20	word	"s'}:r
toppen	20	word	"tO$pen
tukt	20	word	"tu0kt
tung	20	word	"tu0N
täckelse	20	word	""tE$kel$se
underbart	20	word	""u0n$der$%bA:t`
ungdoms	20	word	""u0N$%dUms
upphört	20	word	""u0p$%h2:t`
utbrett	20	word	""}:t$%brEt
vartill	20	word	"vA:$t`Il
ved	20	word	"ve:d
vilddjur	20	word	""vIld$%j}:r
vit	20	word	"vi:t
vittnar	20	word	""vIt$nar
väsendena	20	word	"vE:$sen$de$na
årsgammalt	20	word	""o:s`$%ga$malt
övertäcka	20	word	""2:$ve$%t`E$ka
Asas	19	name	
Dem	19	word	"dOm
Ekron	19	name	
Elam	19	name	"E$lam
Förvisso	19	word	f9r$""vI$sU
Haran	19	name	
Hasor	19	name	""hA:$sUr
Jona	19	name	""ju:$na
Likasom	19	word	li:$ka$"sOm
Låtom	19	word	""lo:$tOm
Mannen	19	word	"ma$nen
Raguel	19	name	
Saba	19	name	""sA:$ba
Samarien	19	name	sa$"mA:$rI$en
Sammalunda	19	word	""sa$ma$%lu0n$da
Sera	19	name	
Sätt	19	word	"sEt
Timna	19	name	
Tre	19	word	"tre:
Ussia	19	name	
akten	19	word	"ak$ten
avgudarna	19	word	""A:v$%g}:$da$n`a
bedrev	19	word	be$"dre:v
bedrifter	19	word	be$"drIf$ter
beror	19	word	be$"ru:r
besitta	19	word	be$"sI$ta
bestämmer	19	word	be$"stE$mer
bevisade	19	word	be$"vi:$sa$de
blåste	19	word	"blo:$ste
bott	19	word	"bUt
brast	19	word	"brast
brinna	19	word	""brI$na
brodern	19	word	""bru:$den`
böra	19	word	""b2:$ra
delar	19	word	""de:$lar
densamme	19	word	den$"sa$me
druvor	19	word	""dr}:$vUr
dödsrikets	19	word	""d9ts$%ri:$kets
evad	19	word	
familjerna	19	word	fa$"mIl$je$n`a
flyr	19	word	"fly:r
framtiden	19	word	""fram$%ti:$den
frimodig	19	word	""fri:$%mu:$dIg
frimodighet	19	word	""fri:$mu:$dIg$%he:t
frimodigt	19	word	""fri:$%mu:$dIkt
fröjdar	19	word	""fr9j$dar
fångenskapen	19	word	""fON$en$%skA:$pen
fönster	19	word	"f9n$ster
förbrutit	19	word	f9r$"br}:$tIt
fördärvligt	19	word	f9$"d`Erv$lIkt
förhäva	19	word	f9r$"hE:$va
förkastade	19	word	f9r$"ka$sta$de
förlåtet	19	word	
förtärde	19	word	f9$"t`E:$d`e
förvärvat	19	word	f9r$"vEr$vat
glödande	19	word	""gl2:$dan$de
grämelse	19	word	""grE:$mel$se
gröna	19	word	""gr2:$na
gällande	19	word	""jE$land$de
gömt	19	word	"j9mt
hitned	19	word	
hjulen	19	word	"j}:$len
hungersnöden	19	word	""hu0N$es`$%n`2:$den
hustrus	19	word	""hu0$str}:s
härskarornas	19	word	""hE:$%s`kA:$rU$n`as
härskri	19	word	
höljde	19	word	""h9lj$de
hövitsman	19	word	""h2:$vIts$%man
ikläda	19	word	""i:$%klE:$da
iver	19	word	"i:$ver
kallad	19	word	
klagan	19	word	""klA:$gan
konungarnas	19	word	""ko:$nu0N$a$n`as
kraftgärningar	19	word	
lamporna	19	word	""lam$pU$n`a
livsfrukt	19	word	""lIfs$%fru0kt
ljuvligt	19	word	""j}:v$lIkt
lopp	19	word	"lOp
läsa	19	word	""lE:$sa
mannens	19	word	"ma$nens
manteln	19	word	""man$teln
maten	19	word	""mA:$ten
meddela	19	word	""me:$%de:$la
mottagit	19	word	""mu:t$%tA:$gIt
mötte	19	word	""m9$te
nedanför	19	word	
norrut	19	word	"nO$r}:t
näpst	19	word	"nEpst
närmare	19	word	""nEr$ma$re
nöden	19	word	"n2:$den
omtala	19	word	""Om$%tA:$la
palatser	19	word	
panna	19	word	""pa$na
prisar	19	word	""pri:$sar
provinsen	19	word	prU$"vIn$sen
prövar	19	word	""pr2:$var
regering	19	word	re$"je:$rIN
regna	19	word	""rEN$na
renade	19	word	""re:$na$de
rytande	19	word	""ry:$tan$de
räddad	19	word	""rE$dad
rövare	19	word	""r2:$va$re
salt	19	word	"salt
sammankomst	19	word	""sa$man$%kOmst
samme	19	word	
skiljas	19	word	""x\Il$jas
sova	19	word	""so:$va
stenarna	19	word	""ste:$na$n`a
stormän	19	word	""stu:r$%mEn
stängde	19	word	""stEN$de
stängerna	19	word	"stEN$e$n`a
stöt	19	word	"st2:t
surdeg	19	word	""s}:$%d`e:g
säcktyg	19	word	
sägas	19	word	""sE$jas
säll	19	word	"sEl
tillrett	19	word	
tillrättavisning	19	word	tIl$""rE$ta$%vi:$snIN
tjänarna	19	word	""s'E:$na$n`a
trolöst	19	word	""tru:$%l2:st
tungor	19	word	""tu0N$Ur
uppsikten	19	word	""u0p$%sIk$ten
uppträdde	19	word	""u0p$%trE$de
uppväcka	19	word	""u0p$%vE$ka
uppåt	19	word	"u0p$Ot
utgick	19	word	""}:t$%jIk
utgjuter	19	word	""}:t$%j}:$ter
vacklar	19	word	""va$klar
vapendragare	19	word	""vA:$pen$%drA:$ga$re
vedermöda	19	word	""ve:$der$%m2:$da
verket	19	word	"vEr$ket
vägarna	19	word	""vE:$ga$n`a
väntar	19	word	""vEn$tar
vårda	19	word	""vo:$d`a
ynglingen	19	word	""YN$lIN$en
ägare	19	word	""E:$ga$re
älsken	19	word	
änkan	19	word	""EN$kan
ångrar	19	word	""ON$rar
åren	19	word	"o:$ren
öppning	19	word	""9p$nIN
övade	19	word	""2:$va$de
överlämnat	19	word	""2:$ve$%l`Em$nat
Abisai	18	name	
Ahia	18	name	
Allsmäktiges	18	name	""als$%mEk$tI$ges
Asafs	18	name	
Därnäst	18	word	dE$"n`Est
Edra	18	word	""e:$dra
Frat	18	name	
Hasael	18	name	
Hiram	18	name	
Hiskias	18	name	
Jesua	18	name	
Joel	18	name	"ju:$el
Jojakims	18	name	
Just	18	word	"ju0st
Kora	18	name	""ko:$ra
Libanons	18	name	"li:$ba$nOns
Libna	18	name	
Maaseja	18	name	
Mikal	18	name	
Nilfloden	18	name	
Noomi	18	name	"no:$mI
Rätt	18	word	"rEt
Simons	18	name	"si:$mOns
Simri	18	name	
Stån	18	word	
Sägen	18	word	"sE:$gen
Teman	18	name	""te:$man
Tirsa	18	name	
Varifrån	18	word	"vA:$rI$fro:n
Vilket	18	word	""vIl$ket
amalekiterna	18	word	a$ma$le$"ki:$te$n`a
anda	18	word	""an$da
annars	18	word	""a$nas`
apostlar	18	word	a$"pOst$lar
avfälliga	18	word	""A:v$%fE$lI$ga
bedrövade	18	word	be$"dr2:$va$de
befälet	18	word	be$"fE:$let
behov	18	word	be$"hu:v
behåll	18	word	be$"hOl
berättelsen	18	word	be$"rE$tel$sen
beskärm	18	word	be$"x\Erm
borgare	18	word	""bOr$ja$re
bosatta	18	word	""bu:$%sa$ta
bävade	18	word	""bE:$va$de
cedrar	18	word	""se:$drar
cymbaler	18	word	sYm$"bA:$ler
dagligen	18	word	""dA:$glI$gen
domaren	18	word	""dU$ma$ren
döljer	18	word	"d9l$jer
dömde	18	word	""d9m$de
endräktigt	18	word	""e:n$%drEk$tIkt
familj	18	word	fa$"mIlj
fastade	18	word	""fa$sta$de
fettet	18	word	"fE$tet
fädernas	18	word	"fE:$de$n`as
färdades	18	word	""fE:$d`a$des
fördriva	18	word	f9$"d`ri:$va
fördrivit	18	word	f9$"d`ri:$vIt
fördrivna	18	word	
förfärade	18	word	f9r$"fE:$ra$de
förfäran	18	word	f9r$"fE:$ran
förlossat	18	word	
förskräcka	18	word	f9$"s`krE$ka
förstån	18	word	
försvara	18	word	f9$"s`vA:$ra
förtryck	18	word	f9$"t`rYk
gifta	18	word	""jIf$ta
glädjas	18	word	""glE:d$jas
gräto	18	word	
grönska	18	word	""gr9n$ska
gömma	18	word	""j9$ma
hagel	18	word	"hA:$gel
harpa	18	word	""har$pa
hetiten	18	word	
hitupp	18	word	
hoppet	18	word	"hO$pet
hugnad	18	word	""h}:$gnad
hundarna	18	word	""hu0n$da$n`a
hämnas	18	word	""hEm$nas
hårdhet	18	word	""ho:d`$%he:t
högheligt	18	word	
hördes	18	word	""h2:$d`es
höves	18	word	
idel	18	word	"i:$del
infria	18	word	""In$%fri:$a
ivrigt	18	word	""i:$vrIkt
jämmer	18	word	"jE$mer
klok	18	word	"klu:k
korteligen	18	word	""kO$t`e$%li:$gen
kransar	18	word	""kran$sar
krigsmännen	18	word	""krIks$%mE$nen
kungliga	18	word	""ku0N$lI$ga
kunskapen	18	word	""ku0n$%skA:$pen
ler	18	word	"le:r
lyda	18	word	""ly:$da
läggas	18	word	""lE$gas
längst	18	word	"lENst
låder	18	word	"lo:$der
menade	18	word	""me:$na$de
menen	18	word	"me:$nen
nalkades	18	word	""nal$ka$des
nyss	18	word	"nYs
offergåvor	18	word	""O$fer$%go:$vUr
offrar	18	word	""O$frar
ogärningsmän	18	word	""u:$jE:$n`INs$%mEn
olivträd	18	word	U$""li:v$%trE:d
orden	18	word	"u:$d`en
ormen	18	word	"Ur$men
orsak	18	word	""u:$s`A:k
otrogna	18	word	""u:$%tru:$gna
ovänners	18	word	""u:$%vE$nes`
portens	18	word	"pU$t`ens
purpur	18	word	""pu0r$pu0r
romarna	18	word	""rU$ma$n`a
ryckas	18	word	""rY$kas
rättfärdighets	18	word	""rEt$fE:$d`Ig$%he:ts
samlas	18	word	""sam$las
sanningens	18	word	""sa$nIN$ens
sistone	18	word	""sI$stO$ne
skrifterna	18	word	""skrIf$te$n`a
släpper	18	word	"slE$per
stjärnor	18	word	""x\E:$n`Ur
strödde	18	word	""str9$de
strömmen	18	word	"str9$men
styra	18	word	""sty:$ra
ställ	18	word	"stEl
stänkte	18	word	""stENk$te
syndade	18	word	""sYn$da$de
syndaren	18	word	""sYn$da$ren
sättas	18	word	""sE$tas
såframt	18	word	so:$"framt
sålt	18	word	"sOlt
sök	18	word	"s2:k
talen	18	word	"tA:$len
talrik	18	word	""tA:l$%ri:k
tecknade	18	word	""tE$kna$de
tillfalla	18	word	""tIl$%fa$la
tillkommande	18	word	""tIl$%kO$man$de
tillkommelse	18	word	
trampade	18	word	""tram$pa$de
trumpeterna	18	word	tru0m$"pe:$te$n`a
trädet	18	word	""trE:$det
träffar	18	word	""trE$far
tvådde	18	word	
törne	18	word	""t2:$n`e
underhövitsmännen	18	word	
upphöjer	18	word	""u0p$%h9$jer
utgöt	18	word	""}:t$%j2:t
villigt	18	word	""vI$lIkt
vishetens	18	word	""vi:s$%he:$tens
väldet	18	word	""vEl$det
välsignad	18	word	vEl$"sIN$nad
värt	18	word	"vE:t`
vålla	18	word	""vO$la
vållar	18	word	""vO$lar
Äro	18	word	""E:$rU
ädelt	18	word	"E:$delt
ådraga	18	word	""o:$%drA:$ga
övermodiga	18	word	""2:$ver$%mu:$dI$ga
Arnon	17	name	
Babylonien	17	name	ba$bY$"lu:$nI$en
Cesarea	17	name	
Faren	17	word	"fA:$ren
Fören	17	word	""f2:$ren
Först	17	word	"f9s`t`
Geba	17	name	
Hanan	17	name	
Hedmarken	17	word	""he:d$%mar$ken
Isebel	17	name	
Lammet	17	word	"la$met
Menelaus	17	name	
Obadja	17	name	
Rab	17	name	
Serubbabel	17	name	
Suckot	17	name	
Tacken	17	word	"ta$ken
aktat	17	word	""ak$tat
andres	17	word	""an$dres
arbeten	17	word	""ar$be:$ten
avföda	17	word	""A:v$%f2:$da
avkomling	17	word	""A:v$%kOm$lIN
avstå	17	word	""A:v$%sto:
begäran	17	word	be$"jE:$ran
behagar	17	word	be$"hA:$gar
bespeja	17	word	be$"spE$ja
bete	17	word	""be:$te
betryckt	17	word	be$"trYkt
bilder	17	word	""bIl$der
blick	17	word	"blIk
boningar	17	word	""bu:$nIN$ar
bot	17	word	"bu:t
bringas	17	word	""brIN$as
bäck	17	word	"bEk
darra	17	word	""da$ra
draken	17	word	""drA:$ken
drottningen	17	word	""drOt$nIN$en
dyrka	17	word	""dYr$ka
fager	17	word	"fA:$ger
flytta	17	word	""flY$ta
framsida	17	word	""fram$%si:$da
fångarna	17	word	""fON$a$n`a
förbunds	17	word	f9r$"bu0nds
fördolt	17	word	f9$"d`o:lt
förfärdiga	17	word	f9r$"fE:$d`I$ga
förföljer	17	word	f9r$"f9l$jer
förgör	17	word	f9r$"j2:r
förhänget	17	word	""f2:r$%hEN$et
förlossare	17	word	f9$"l`O$sa$re
förmån	17	word	""f2:r$%mo:n
förordnat	17	word	f9r$"o:d`$n`at
förråda	17	word	f9r$"ro:$da
förskräckas	17	word	f9$"s`krE$kas
förtal	17	word	f9$"t`A:l
förtörnad	17	word	
gensträvigt	17	word	""je:n$%strE:$vIkt
griper	17	word	"gri:$per
gräset	17	word	"grE:$set
hankön	17	word	""hA:n$%s'2:n
hornen	17	word	"hu:$n`en
håg	17	word	"ho:g
insegel	17	word	""In$%se:$gel
kalvar	17	word	""kal$var
klädnaden	17	word	""klE:d$na$den
knä	17	word	"knE:
kors	17	word	"ku:s`
lagd	17	word	"lagd
lampor	17	word	""lam$pUr
lejonet	17	word	""lE$jO$net
leverne	17	word	""le:$ve$n`e
levitiska	17	word	le$"vi:$tI$ska
liknelser	17	word	""li:$knel$ser
lottkastning	17	word	
lyckas	17	word	""lY$kas
lärjunge	17	word	""lE:r$%ju0N$e
låga	17	word	""lo:$ga
löftet	17	word	""l9f$tet
mästare	17	word	""mE$sta$re
ofruktsam	17	word	""u:$fru0kt$%sam
ohörsamma	17	word	""u:$h2:$%s`a$ma
omskära	17	word	""Om$%x\E:$ra
orenade	17	word	""u:$%re:$na$de
orten	17	word	"U$t`en
ostrafflighet	17	word	
pansar	17	word	""pan$sar
pläga	17	word	""plE:$ga
profeters	17	word	prU$"fe:$tes`
renas	17	word	""re:$nas
rest	17	word	"rEst
rikedomar	17	word	""ri:$ke$%dU$mar
rikt	17	word	"ri:kt
rådgivare	17	word	""ro:d$%ji:$va$re
röken	17	word	"r2:$ken
skogen	17	word	"sku:$gen
skyndsamt	17	word	""x\Ynd$%samt
skära	17	word	""x\E:$ra
skördetiden	17	word	""x\2:$d`e$%ti:$den
smädade	17	word	""smE:$da$de
solens	17	word	"su:$lens
spår	17	word	"spo:r
stammarna	17	word	""sta$ma$n`a
stannen	17	word	
ställning	17	word	""stEl$nIN
svärmoder	17	word	
synas	17	word	""sy:$nas
systrar	17	word	""sY$strar
säck	17	word	"sEk
sätten	17	word	"sE$ten
sömnen	17	word	"s9m$nen
tackade	17	word	""ta$ka$de
tak	17	word	"tA:k
tillintetgöra	17	word	tIl$""In$tet$%j2:$ra
trakter	17	word	""trak$ter
tredjedelen	17	word	""tre:d$je$%de:$len
trettiotvå	17	word	tre$tI$U$"tvo:
trogna	17	word	""tru:$gna
trohet	17	word	""tru:$%he:t
trygg	17	word	"trYg
träldom	17	word	""trE:l$%dUm
tungan	17	word	""tu0N$an
tungt	17	word	"tu0Nt
tänt	17	word	"tEnt
ungar	17	word	""u0N$ar
uppenbar	17	word	""u0$pen$%bA:r
uppståndelsen	17	word	""u0p$%stOn$del$sen
uthärda	17	word	""}:t$%hE:$d`a
utropa	17	word	""}:t$%ru:$pa
uttydningen	17	word	""}:t$%ty:d$nIN$en
vardera	17	word	"vA:$d`e$ra
villen	17	word	
älskare	17	word	""El$ska$re
ålderdom	17	word	""Ol$de$%d`Um
återstoden	17	word	""o:$te$%s`t`u:$den
ödelagt	17	word	
överens	17	word	2:$ve$"rEns
övergav	17	word	""2:$ver$%gA:v
övrigt	17	word	
Amarja	16	name	
Ananias	16	name	
Asael	16	name	
Baalerna	16	name	
Bergsbygden	16	word	
Dig	16	word	"dEj
Efesus	16	name	
Etiopien	16	name	e$tI$"u:$pI$en
Hav	16	word	"hA:v
Jason	16	name	"jA:$sOn
Jotam	16	name	
Kanaan	16	name	""kA:$nan
Kapernaum	16	name	
Mattanja	16	name	
Mattatias	16	name	
Mikas	16	name	
Räck	16	word	"rEk
Seir	16	name	
Skola	16	word	""sku:$la
Sua	16	name	
Ur	16	word	"}:r
aktas	16	word	""ak$tas
avfallit	16	word	
avsides	16	word	
avskrift	16	word	""A:v$%skrIft
befinnas	16	word	be$"fI$nas
befria	16	word	be$"fri:$a
beläte	16	word	be$"lE:$te
bestämde	16	word	be$"stEm$de
betäcka	16	word	be$"tE$ka
bistå	16	word	""bi:$%sto:
bittert	16	word	"bI$tet`
blodskuld	16	word	
blåsa	16	word	""blo:$sa
boskapsdjur	16	word	""bu:$skA:ps$%j}:r
bota	16	word	""bu:$ta
brödets	16	word	"br2:$dets
budskapet	16	word	""b}:d$%skA:$pet
delaktiga	16	word	""de:l$%ak$tI$ga
dogo	16	word	
drabbat	16	word	""dra$bat
dråpare	16	word	""dro:$pa$re
därunder	16	word	dEr$"u0n$der
felfritt	16	word	""fe:l$%frIt
flöda	16	word	""fl2:$da
form	16	word	"fOrm
fullgjort	16	word	""fu0l$%jUt`
fyllde	16	word	""fYl$de
fyllt	16	word	"fYlt
fåfängt	16	word	""fo:$%fENt
följe	16	word	""f9l$je
följeslagare	16	word	""f9l$je$%slA:$ga$re
förbannad	16	word	f9r$"ba$nad
förbarmar	16	word	f9r$"bar$mar
förlidna	16	word	f9$"l`i:d$na
förlikning	16	word	f9$"l`i:$knIN
förlossade	16	word	f9$"l`O$sa$de
förneka	16	word	f9$"n`e:$ka
försmäktar	16	word	f9$"s`mEk$tar
förståndige	16	word	f9$"s`t`On$dI$ge
förvandlade	16	word	f9r$"vand$la$de
förött	16	word	f9$"r9t
gripas	16	word	""gri:$pas
grå	16	word	"gro:
gudsfruktan	16	word	""gu0ts$%fru0k$tan
gudsman	16	word	""gu0ts$%man
halm	16	word	"halm
handfyllning	16	word	
handlade	16	word	""hand$la$de
hands	16	word	"hands
hasta	16	word	""ha$sta
hebreiska	16	word	he$"bre:$I$ska
hemliga	16	word	""hEm$lI$ga
hemligheter	16	word	""hEm$lIg$%he:$ter
himlar	16	word	""hIm$lar
hjälte	16	word	""jEl$te
hugg	16	word	"hu0g
hungrig	16	word	""hu0N$rIg
huvudmannen	16	word	""h}:$vu0d$%ma$nen
hädan	16	word	""hE:$dan
hälsning	16	word	""hEl$snIN
häpnade	16	word	""hE:p$na$de
höggo	16	word	
högsta	16	word	""h9k$sta
hövdingdöme	16	word	
hövdingdömen	16	word	
hövitsmännen	16	word	""h2:$vIts$%mE$nen
jaga	16	word	""jA:$ga
jubelåret	16	word	""j}:$bel$%o:$ret
kiv	16	word	"s'i:v
koka	16	word	""ku:$ka
kor	16	word	"ku:r
kring	16	word	
krossar	16	word	""krO$sar
landsbygden	16	word	""lands$%bYg$den
ledning	16	word	""le:d$nIN
ljuvliga	16	word	""j}:v$lI$ga
lovsånger	16	word	""lo:v$%sON$er
lyte	16	word	""ly:$te
läggen	16	word	"lE$gen
läkedom	16	word	""lE:$ke$%dUm
längtar	16	word	""lEN$tar
läste	16	word	""lE:$ste
långmodig	16	word	""lON$%mu:$dIg
medbröder	16	word	""me:d$%br2:$der
minsta	16	word	
moabiterna	16	word	
modet	16	word	"mu:$det
mättade	16	word	""mE$ta$de
njurarna	16	word	""nj}:$ra$n`a
nyttigt	16	word	""nY$tIkt
nämner	16	word	"nEm$ner
nätter	16	word	"nE$ter
oförståndiga	16	word	
ordningen	16	word	""o:d`$n`IN$en
otrohet	16	word	""u:$tru:$%he:t
ouppsåtligen	16	word	
ovanför	16	word	
oxen	16	word	""Uk$sen
palmer	16	word	""pal$mer
perisséerna	16	word	
planer	16	word	""plA:$ner
rannsakning	16	word	""ran$%sA:$knIN
redskap	16	word	""re:d$%skA:p
regnet	16	word	"rEN$net
rening	16	word	""re:$nIN
rummet	16	word	"ru0$met
rättfärdigt	16	word	""rEt$%fE:$d`Ikt
rådet	16	word	"ro:$det
sanna	16	word	""sa$na
sjukdomar	16	word	""x\}:k$%dU$mar
självt	16	word	"x\Elft
skriftens	16	word	"skrIf$tens
sköka	16	word	""x\2:$ka
smådjur	16	word	""smo:$%j}:r
snö	16	word	"sn2:
sover	16	word	"so:$ver
spjutet	16	word	"spj}:$tet
stigit	16	word	""sti:$gIt
stjäla	16	word	""x\E:$la
storhet	16	word	""stu:r$%he:t
strömma	16	word	""str9$ma
stöd	16	word	"st2:d
störtar	16	word	""st9$t`ar
säljer	16	word	"sEl$jer
sängen	16	word	"sEN$en
talet	16	word	"tA:$let
tillsagt	16	word	""tIl$%sakt
tredjedel	16	word	""tre:d$je$%de:l
trofast	16	word	""tru:$%fast
trumpeter	16	word	tru0m$"pe:$ter
träffat	16	word	""trE$fat
trälinna	16	word	trE$""lI$na
tyg	16	word	"ty:g
tänken	16	word	
töcken	16	word	"t9$ken
törnen	16	word	""t2:$n`en
ull	16	word	"u0l
underhåll	16	word	""u0n$der$%hOl
uppbygga	16	word	""u0p$%bY$ga
uppenbarad	16	word	""u0$pen$%bA:$rad
uppfyllas	16	word	""u0p$%fY$las
uppsyn	16	word	""u0p$%sy:n
utgjuten	16	word	""}:t$%j}:$ten
utgått	16	word	""}:t$%gOt
utrotat	16	word	""}:t$%ru:$tat
uttydning	16	word	""}:t$%ty:d$nIN
vaktade	16	word	""vak$ta$de
veden	16	word	"ve:$den
vedergäller	16	word	""ve:$der$%jE$ler
veko	16	word	
viftoffer	16	word	
vuxit	16	word	""vu0k$sIt
vägde	16	word	""vE:g$de
väktare	16	word	""vEk$ta$re
värda	16	word	""vE:$d`a
våg	16	word	"vo:g
våldsamt	16	word	""vOld$samt
ynnest	16	word	"Y$nest
Åklagaren	16	name	""o:$%klA:$ga$ren
åkallar	16	word	""o:$%ka$lar
ödmjukar	16	word	""2:d$%mj}:$kar
övat	16	word	""2:$vat
överdraga	16	word	""2:$ve$%d`rA:$ga
översta	16	word	"2:$ve$s`t`a
övertäckte	16	word	
Abed	15	name	"A:$bed
Adar	15	name	
Ahimaas	15	name	
Ahitofel	15	name	
Alcimus	15	name	
All	15	word	"al
Amasa	15	name	
Asdod	15	name	
Assurs	15	name	
Atalja	15	name	
Bel	15	name	"be:l
Betsura	15	name	
Betylua	15	name	
Eber	15	name	"e:$ber
Eder	15	word	"e:$der
Eliab	15	name	
Elifas	15	name	
Eljakim	15	name	
Följande	15	word	""f9l$jan$de
Geser	15	name	
Gosen	15	name	
Hanok	15	name	
Hasabja	15	name	
Hesron	15	name	
Horeb	15	name	
Hur	15	name	"h}:r
Itamar	15	name	
Jefunnes	15	name	
Kvinnan	15	word	""kvI$nan
Lasarus	15	name	""lA:$sa$ru0s
Låglandet	15	word	""lo:g$%land$det
Makir	15	name	
Manoa	15	name	
Mirjam	15	name	"mIr$jam
Naaman	15	name	
Nebukadnessars	15	name	
Nebusaradan	15	name	
Oljeberget	15	name	
Osias	15	name	
Samariens	15	name	sa$"mA:$rI$ens
Sarai	15	name	
Saulus	15	name	
Siba	15	name	
Siklag	15	name	
Sisera	15	name	
Skaffa	15	word	""ska$fa
Sänd	15	word	"sEnd
Sådan	15	word	
Tobia	15	name	
allestädes	15	word	""a$le$%stE:$des
allo	15	word	""a$lU
angrep	15	word	""aN$%gre:p
angripen	15	word	""aN$%gri:$pen
anskaffa	15	word	""an$%ska$fa
arvedels	15	word	""ar$ve$%de:ls
askan	15	word	""a$skan
avbild	15	word	""A:v$%bIld
avstod	15	word	""A:v$%stu:d
barm	15	word	"barm
barnlös	15	word	""bA:n`$%l`2:s
basunerna	15	word	ba$"s}:$ne$n`a
bat	15	word	
befunno	15	word	be$""fu0$nU
begivit	15	word	be$"ji:$vIt
bekant	15	word	be$"kant
betryckta	15	word	be$"trYk$ta
bleven	15	word	
blive	15	word	
botad	15	word	
budet	15	word	"b}:$det
by	15	word	"by:
bågar	15	word	""bo:$gar
dalar	15	word	""dA:$lar
delen	15	word	"de:$len
di	15	word	"di:
drabbar	15	word	""dra$bar
dräper	15	word	"drE:$per
dröja	15	word	""dr9$ja
dån	15	word	"do:n
dödades	15	word	""d2:$da$des
dömda	15	word	
enträget	15	word	""e:n$%trE:$get
fiendernas	15	word	""fi:$en$de$n`as
fikonträdet	15	word	""fi:$kOn$%trE:$det
finnen	15	word	""fI$nen
fiskar	15	word	""fI$skar
flyta	15	word	""fly:$ta
folkslagen	15	word	""fOlk$%slA:$gen
foten	15	word	"fu:$ten
fridens	15	word	"fri:$dens
frivilligt	15	word	""fri:$%vI$lIkt
fullbordade	15	word	""fu0l$%bu:$d`a$de
färdigt	15	word	""fE:$d`Ikt
födas	15	word	""f2:$das
fönstret	15	word	"f9n$stret
föraktad	15	word	
förbundets	15	word	f9r$"bu0n$dets
företog	15	word	""f2:$re$%tu:g
förjaga	15	word	f9r$"jA:$ga
förrättade	15	word	f9r$"rE$ta$de
försyndat	15	word	
förtryckte	15	word	f9$"t`rYk$te
förvandlas	15	word	f9r$"vand$las
förvaras	15	word	f9r$"vA:$ras
galenskap	15	word	""gA:$len$%skA:p
glädjens	15	word	""glE:d$jens
glädjerop	15	word	""glE:d$je$%ru:p
glänsande	15	word	""glEn$san$de
gode	15	word	""gu:$de
grävde	15	word	""grE:v$de
gudars	15	word	""g}:$das`
gården	15	word	"go:$d`en
hastigt	15	word	""ha$stIkt
havsländerna	15	word	
helgad	15	word	
hivéerna	15	word	
häftigt	15	word	""hEf$tIkt
hämtat	15	word	""hEm$tat
hända	15	word	""hEn$da
hästarna	15	word	""hE$sta$n`a
höja	15	word	""h9$ja
insatte	15	word	""In$%sa$te
jämn	15	word	"jEmn
kakor	15	word	""kA:$kUr
kalv	15	word	"kalv
kloka	15	word	""klu:$ka
knorrade	15	word	""knO$ra$de
krossas	15	word	""krO$sas
kräldjur	15	word	""krE:l$%j}:r
kval	15	word	"kvA:l
kvistar	15	word	""kvI$star
källor	15	word	""s'E$lUr
lagbok	15	word	""lA:g$%bu:k
lampa	15	word	""lam$pa
landshövdingen	15	word	""lands$%h9v$dIN$en
late	15	word	""lA:$te
list	15	word	"lIst
livklädnad	15	word	""li:v$%klE:d$nad
ljusa	15	word	""j}:$sa
lydiga	15	word	""ly:$dI$ga
lydnad	15	word	""ly:d$nad
lyfta	15	word	""lYf$ta
lyssnen	15	word	
lystnad	15	word	""lYst$nad
lägrat	15	word	""lE:$grat
låte	15	word	
maskar	15	word	""ma$skar
människans	15	word	""mE$nI$x\ans
människohänder	15	word	""mE$nI$x\U$%hEn$der
måg	15	word	"mo:g
mål	15	word	"mo:l
offerhöjden	15	word	
oförnuftiga	15	word	""u:$f9$%n`u0f$tI$ga
oförtänkt	15	word	
ogudaktig	15	word	
oomskuren	15	word	""u:$Om$%sk}:$ren
orenat	15	word	""u:$%re:$nat
ostraffliga	15	word	
provet	15	word	"pru:$vet
red	15	word	"re:d
redligt	15	word	""re:d$lIkt
renhet	15	word	""re:n$%he:t
reser	15	word	"re:$ser
ringaste	15	word	""rIN$a$ste
rinna	15	word	""rI$na
rörande	15	word	""r2:$ran$de
saktmod	15	word	""sakt$%mu:d
saliga	15	word	""sA:$lI$ga
samlad	15	word	
själen	15	word	"x\E:$len
själs	15	word	"x\E:ls
skatterna	15	word	""ska$te$n`a
skjuter	15	word	"x\}:$ter
skonade	15	word	""sku:$na$de
skrivna	15	word	""skri:v$na
skuggan	15	word	""sku0$gan
skydd	15	word	"x\Yd
skyn	15	word	"x\y:n
skäl	15	word	"x\E:l
skådebröden	15	word	
skålarna	15	word	""sko:$la$n`a
skökor	15	word	""x\2:$kUr
slaktas	15	word	""slak$tas
slipper	15	word	"slI$per
smycken	15	word	""smY$ken
smörjelse	15	word	""sm9r$jel$se
smörjelseoljan	15	word	
sonhustru	15	word	""so:n$%hu0$str}:
spänna	15	word	""spE$na
stadd	15	word	"stad
strålande	15	word	""stro:$land$de
sucka	15	word	""su0$ka
svag	15	word	"svA:g
svaghet	15	word	""svA:g$%he:t
synagogorna	15	word	""sy:$na$%gu:$gU$n`a
syndiga	15	word	""sYn$dI$ga
sysslor	15	word	""sY$slUr
säge	15	word	
säkert	15	word	"sE:$ket`
sått	15	word	"sOt
tempelsalen	15	word	""tEm$pel$%sA:$len
tillbeder	15	word	
tillbedjen	15	word	
tillförsikt	15	word	""tIl$f9$%s`Ikt
tillreda	15	word	""tIl$%re:$da
tionden	15	word	""ti:$On$den
tjugutre	15	word	s'}:$gU$"tre:
trettonde	15	word	""trE$tOn$de
troende	15	word	""tru:$en$de
trots	15	word	"trOts
träffas	15	word	""trE$fas
trötta	15	word	""tr9$ta
tydligt	15	word	""ty:d$lIkt
ugn	15	word	"u0Nn
underrättelse	15	word	""u0n$de$%rE$tel$se
undgå	15	word	""u0nd$%go:
uppbära	15	word	""u0p$%bE:$ra
uppehöll	15	word	""u0$pe$%h9l
uppenbaras	15	word	""u0$pen$%bA:$ras
upphäver	15	word	""u0p$%hE:$ver
upplåta	15	word	""u0p$%lo:$ta
upplåter	15	word	""u0p$%lo:$ter
uppmanade	15	word	""u0p$%mA:$na$de
upprättade	15	word	""u0p$%rE$ta$de
uppträda	15	word	""u0p$%trE:$da
utbredde	15	word	""}:t$%brE$de
vaka	15	word	""vA:$ka
vallfartssång	15	word	
villig	15	word	""vI$lIg
visas	15	word	""vi:$sas
väcka	15	word	""vE$ka
välbehagliga	15	word	""vE:l$be$%hA:$glI$ga
välbehållen	15	word	""vE:l$be$%hO$len
välgärningar	15	word	""vE:l$%jE:$n`IN$ar
yppersta	15	word	"Y$pe$s`t`a
ärad	15	word	""E:$rad
ångra	15	word	""ON$ra
årligen	15	word	""o:$l`I$gen
åsnan	15	word	""o:$snan
ömkade	15	word	""9m$ka$de
önskar	15	word	""9n$skar
överflödande	15	word	
övergiver	15	word	""2:$ver$%ji:$ver
överlämnad	15	word	
översteprästens	15	word	2:$ve$s`t`e$"prE$stens
Abigail	14	name	
Ahimelek	14	name	
Amon	14	name	
Anatot	14	name	
Babylon	14	name	"bA:$bY$lOn
Bjud	14	word	"bj}:d
Därvid	14	word	"dE:r$vi:d
Elisama	14	name	
Festus	14	name	
Frälsare	14	word	""frEl$sa$re
Heliodorus	14	name	
Hor	14	name	"hu:r
Josabad	14	name	
Kareas	14	name	
Kedes	14	name	
Menar	14	word	""me:$nar
Månne	14	word	""mO$ne
Nabal	14	name	
Nabot	14	name	
Netanjas	14	name	
Peor	14	name	
Sake	14	name	
Sjungen	14	word	
Soba	14	name	
Sur	14	name	"s}:r
Titus	14	name	"ti:$tu0s
Två	14	word	"tvo:
anhängare	14	word	""an$%hEN$a$re
ankomst	14	word	""an$%kOmst
annans	14	word	""a$nans
antingen	14	word	""an$tIN$en
arbetat	14	word	""ar$be:$tat
avfall	14	word	""A:v$%fal
avskaffade	14	word	""A:v$%ska$fa$de
avsked	14	word	""A:v$%x\e:d
barnbarn	14	word	""bA:n`$%bA:n`
befann	14	word	be$"fan
begynner	14	word	be$"jY$ner
bekänna	14	word	be$"s'E$na
besinna	14	word	be$"sI$na
beslöt	14	word	be$"sl2:t
bestämma	14	word	be$"stE$ma
bi	14	word	"bi:
blottad	14	word	
bortfört	14	word	""bOt`$%f2:t`
bosätta	14	word	""bu:$%sE$ta
brudgummen	14	word	""br}:d$%gu0$men
bruk	14	word	"br}:k
bröders	14	word	"br2:$des`
buden	14	word	"b}:$den
bäckenställen	14	word	
dricken	14	word	
dräkt	14	word	"drEkt
dräpta	14	word	"drE:p$ta
dåraktig	14	word	""do:r$%ak$tIg
dåraktiga	14	word	""do:r$%ak$tI$ga
dölja	14	word	""d9l$ja
efodens	14	word	
evangelii	14	word	
faderlösa	14	word	""fA:$de$%l`2:$sa
falsk	14	word	"falsk
falskhet	14	word	""falsk$%he:t
faren	14	word	"fA:$ren
fattigdom	14	word	""fa$tIg$%dUm
fel	14	word	"fe:l
flykt	14	word	"flYkt
fotapall	14	word	""fu:$ta$%pal
framburo	14	word	
framtid	14	word	""fram$%ti:d
friskt	14	word	"frIskt
fräcka	14	word	""frE$ka
funnen	14	word	
fyllest	14	word	""fY$lest
fyrtiofem	14	word	f9$t`I$U$"fEm
fäderna	14	word	"fE:$de$n`a
fädernesland	14	word	""fE:$de$n`es$%land
fästet	14	word	""fE$stet
fångas	14	word	""fON$as
fördärvar	14	word	f9$"d`Er$var
fördärvat	14	word	f9$"d`Er$vat
förelagt	14	word	
förlita	14	word	f9$"l`i:$ta
förståndet	14	word	f9$"s`t`On$det
förstörde	14	word	f9$"s`t`2:$d`e
förstört	14	word	f9$"s`t`2:t`
förtäras	14	word	f9$"t`E:$ras
förvandlades	14	word	f9r$"vand$la$des
gemensamt	14	word	je$"me:n$samt
gossebarn	14	word	""gO$se$%bA:n`
greker	14	word	"gre:$ker
gripen	14	word	""gri:$pen
gömmer	14	word	"j9$mer
göre	14	word	""j2:$re
handlar	14	word	""hand$lar
harm	14	word	"harm
helighet	14	word	""he:$lIg$%he:t
hetiterna	14	word	
hovmän	14	word	""ho:v$%mEn
huggen	14	word	""hu0$gen
hungra	14	word	""hu0N$ra
hän	14	word	"hE:n
hänger	14	word	"hEN$er
hänryckning	14	word	""hE:n$%rY$knIN
härsmakt	14	word	
håvor	14	word	""ho:$vUr
höghet	14	word	""h2:g$%he:t
högtiderna	14	word	
hölja	14	word	""h9l$ja
höljer	14	word	""h9l$jer
hörsamma	14	word	""h2:$%s`a$ma
inbärga	14	word	
judisk	14	word	"j}:$dIsk
konungatron	14	word	
kunnig	14	word	""ku0$nIg
köpenskap	14	word	""s'2:$pen$%skA:p
lastade	14	word	""la$sta$de
lerkärl	14	word	""le:r$%s'E:l`
livs	14	word	"li:vs
lyckades	14	word	""lY$ka$des
lyste	14	word	""lY$ste
lögnaktiga	14	word	""l9Nn$%ak$tI$ga
lögnare	14	word	""l9N$na$re
löst	14	word	"l2:st
minne	14	word	""mI$ne
mista	14	word	""mI$sta
murpelare	14	word	
mönstrade	14	word	""m9n$stra$de
mörkt	14	word	"m9rkt
näst	14	word	"nEst
nått	14	word	"nOt
olyckans	14	word	""u:$%lY$kans
omöjligt	14	word	""u:$%m9j$lIkt
ormar	14	word	""Ur$mar
oskyldig	14	word	""u:$%x\Yl$dIg
pant	14	word	"pant
person	14	word	pe$"s`u:n
rader	14	word	""rA:$der
raseri	14	word	rA:$se$"ri:
resan	14	word	""re:$san
rösten	14	word	"r9$sten
salig	14	word	""sA:$lIg
sammansvärjning	14	word	""sa$man$%svErj$nIN
siaren	14	word	""si:$a$ren
silverfat	14	word	""sIl$ver$%fA:t
sjöngo	14	word	""x\9N$U
skog	14	word	"sku:g
skrud	14	word	"skr}:d
skrymtare	14	word	""skrYm$ta$re
skägg	14	word	"x\Eg
skändliga	14	word	""x\End$lI$ga
skålar	14	word	""sko:$lar
skönt	14	word	"x\2:nt
släktet	14	word	""slEk$tet
smädat	14	word	""smE:$dat
sprang	14	word	"spraN
spåmän	14	word	""spo:$%mEn
spåmännen	14	word	""spo:$%mE$nen
staven	14	word	"stA:$ven
stolthet	14	word	""stOlt$%he:t
stormen	14	word	"stOr$men
sträcker	14	word	"strE$ker
strängaspel	14	word	""strEN$a$%spe:l
störste	14	word	""st9$s`t`e
syndarna	14	word	""sYn$da$n`a
syndoffret	14	word	
tage	14	word	
tahasskinn	14	word	
tillade	14	word	""tIl$%lA:$de
tillträde	14	word	""tIl$%trE:$de
titt	14	word	"tIt
tomt	14	word	"tUmt
trons	14	word	"tru:ns
tränger	14	word	""trEN$er
tröskeln	14	word	""tr9$skeln
tröstar	14	word	""tr9$star
trött	14	word	"tr9t
ungt	14	word	"u0Nt
uppehåller	14	word	""u0$pe$%hO$ler
uppenbarar	14	word	""u0$pen$%bA:$rar
uppförde	14	word	""u0p$%f2:$d`e
uppgift	14	word	""u0p$%jIft
upplyfta	14	word	""u0p$%lYf$ta
uppsåt	14	word	""u0p$%so:t
utefter	14	word	}:t$"Ef$ter
utgår	14	word	""}:t$%go:r
uttala	14	word	""}:t$%tA:$la
vackra	14	word	""va$kra
vagnarna	14	word	""vaN$na$n`a
vakna	14	word	""vA:$kna
vaknade	14	word	""vA:$kna$de
vanligt	14	word	""vA:n$lIkt
varvid	14	word	"vA:r$vi:d
vederfares	14	word	""ve:$der$%fA:$res
viker	14	word	""vi:$ker
vreden	14	word	"vre:$den
våderna	14	word	""vo:$de$n`a
vågar	14	word	""vo:$gar
vållat	14	word	""vO$lat
Övre	14	word	"2:$vre
älskad	14	word	
ärar	14	word	""E:$rar
ådragit	14	word	""o:$%drA:$gIt
återhållsamhet	14	word	""o:$ter$hOl$sam$%he:t
ödelagda	14	word	""2:$de$%lag$da
ödmjukhet	14	word	""2:d$mj}:k$%he:t
ögat	14	word	""2:$gat
öppnades	14	word	""9p$na$des
öronen	14	word	""2:$rO$nen
överdrag	14	word	""2:$ve$%d`rA:g
Akior	13	name	
Akta	13	word	""ak$ta
Andens	13	word	""an$dens
Andreas	13	name	
Apollonius	13	name	
Aroer	13	name	
Aseran	13	name	
Aseror	13	name	
Barak	13	name	
Bat	13	word	
Eglon	13	name	
Eleasars	13	name	
Elieser	13	name	
Följ	13	word	"f9lj
Heman	13	name	
Horon	13	name	
Hållen	13	word	""hO$len
Jämväl	13	word	""jEm$%vE:l
Kegila	13	name	
Lammets	13	name	"la$mets
Lägg	13	word	"lEg
Mahanaim	13	name	
Malkia	13	name	
Mefiboset	13	name	
Mesak	13	name	
Midjans	13	name	""mi:d$jans
Nego	13	name	
Noas	13	name	""nu:$as
Og	13	name	
Omri	13	name	
Rabba	13	name	
Remaljas	13	name	
Rimmon	13	name	
Rut	13	name	"r}:t
Rädda	13	word	""rE$da
Sadrak	13	name	
Sakarias	13	name	sa$ka$""ri:$as
Samarias	13	name	
Sem	13	name	"sEm
Sex	13	word	"sEks
Sina	13	word	""si:$na
Sinais	13	name	
Släpp	13	word	"slEp
Stanna	13	word	""sta$na
Stig	13	word	"sti:g
Stor	13	word	"stu:r
Strax	13	word	"straks
Sådana	13	word	""so:$da$na
Träd	13	word	"trE:d
Tänken	13	word	
Utan	13	word	""}:$tan
Vakna	13	word	""vA:$kna
adertonde	13	word	""A:$de$t`On$de
arbetar	13	word	""ar$be:$tar
arvsbesittning	13	word	
arvslott	13	word	""arvs$%lOt
avfalla	13	word	""A:v$%fa$la
avgrunden	13	word	""A:v$%gru0n$den
avkastning	13	word	""A:v$%kast$nIN
avvända	13	word	""A:v$%vEn$da
basunen	13	word	ba$"s}:$nen
bed	13	word	"be:d
befälhavare	13	word	be$""fE:l$%hA:$va$re
begiv	13	word	be$"ji:v
begrunda	13	word	be$"gru0n$da
behöves	13	word	be$"h2:$ves
bergens	13	word	"bEr$jens
betjänade	13	word	be$"s'E:$na$de
betygade	13	word	be$"ty:$ga$de
bevis	13	word	be$"vi:s
bida	13	word	""bi:$da
bihustrur	13	word	""bi:$%hu0$str}:r
blygsel	13	word	"bly:g$sel
brand	13	word	"brand
breder	13	word	"bre:$der
brukar	13	word	""br}:$kar
bundna	13	word	""bu0nd$na
byarna	13	word	""by:$a$n`a
bådade	13	word	""bo:$da$de
bördiga	13	word	""b2:$d`I$ga
dagsresor	13	word	""daks$%re:$sUr
dalarna	13	word	""dA:$la$n`a
dans	13	word	"dA:ns
djupa	13	word	""j}:$pa
djupare	13	word	""j}:$pa$re
drivas	13	word	""dri:$vas
dunder	13	word	"du0n$der
därbredvid	13	word	dEr$""bre:$vi:d
dömas	13	word	""d9$mas
efterfölja	13	word	""Ef$ter$%f9l$ja
efteråt	13	word	""Ef$ter$%o:t
fadern	13	word	""fA:$den`
faror	13	word	""fA:$rUr
fastställde	13	word	""fast$%stEl$de
felfri	13	word	""fe:l$%fri:
fikon	13	word	""fi:$kOn
fortfor	13	word	""fUt`$%fu:r
frukter	13	word	""fru0k$ter
främlingarna	13	word	""frEm$lIN$a$n`a
främsta	13	word	""frEm$sta
fyllas	13	word	""fY$las
fyrtiotvå	13	word	f9$t`I$U$"tvo:
fälten	13	word	"fEl$ten
fången	13	word	"fON$en
förbjöd	13	word	f9r$"bj2:d
förbrände	13	word	
fördölja	13	word	f9$"d`9l$ja
förestå	13	word	""f2:$re$%sto:
föreståndare	13	word	""f2:$re$%stOn$da$re
företager	13	word	
förföljelse	13	word	f9r$"f9l$jel$se
förgäten	13	word	f9r$"jE:$ten
förgångna	13	word	f9r$"gON$na
förhud	13	word	""f2:r$%h}:d
förlitar	13	word	f9$"l`i:$tar
förlåter	13	word	""f2:$%l`o:$ter
förmåga	13	word	f9r$"mo:$ga
förstockade	13	word	f9$"s`t`O$ka$de
försvunnit	13	word	f9$"s`vu0$nIt
förtröstade	13	word	f9r$"tr9$sta$de
förvilla	13	word	f9r$"vI$la
gammalt	13	word	""ga$malt
gemenskap	13	word	je$"me:n$skA:p
grekiska	13	word	"gre:$kI$ska
gropen	13	word	"gru:$pen
gårdar	13	word	""go:$d`ar
halta	13	word	""hal$ta
hemsökt	13	word	""hEm$%s2:kt
hitin	13	word	
hjälpte	13	word	""jElp$te
hjärtats	13	word	""jE$t`ats
hovman	13	word	""ho:v$%man
hovmannen	13	word	""ho:v$%ma$nen
hämtar	13	word	""hEm$tar
härar	13	word	""hE:$rar
häravdelning	13	word	""hE:r$A:v$%de:l$nIN
hån	13	word	"ho:n
höljd	13	word	
hölls	13	word	"h9ls
intagit	13	word	""In$%tA:$gIt
jämna	13	word	""jEm$na
kaka	13	word	""kA:$ka
kalven	13	word	"kal$ven
kamelerna	13	word	ka$"me:$le$n`a
kananéernas	13	word	
klagar	13	word	""klA:$gar
klagomål	13	word	""klA:$gU$%mo:l
klövar	13	word	""kl2:$var
konungadöme	13	word	""ko:$nu0N$a$%d9$me
konungslig	13	word	kO$"nu0N$slIg
korgen	13	word	"kOr$jen
kruka	13	word	""kr}:$ka
kungjort	13	word	
lammet	13	word	"la$met
le	13	word	"le:
levat	13	word	""le:$vat
livklädnader	13	word	""li:v$%klE:d$na$der
log	13	word	"lu:g
lägligt	13	word	""lE:$glIkt
lämnats	13	word	""lEm$nats
lärjungen	13	word	""lE:r$%ju0N$en
lögnens	13	word	"l9N$nens
mantlar	13	word	""mant$lar
medarbetare	13	word	""me:d$ar$%be:$ta$re
mellersta	13	word	"mE$le$s`t`a
mena	13	word	""me:$na
minst	13	word	
misshagade	13	word	""mIs$%hA:$ga$de
miste	13	word	""mI$ste
mitten	13	word	"mI$ten
mäktigt	13	word	""mEk$tIkt
mångahanda	13	word	""mON$a$%han$da
måsten	13	word	""mO$sten
nere	13	word	""ne:$re
nit	13	word	"ni:t
nordlandet	13	word	
nämnda	13	word	
nåden	13	word	"no:$den
någonting	13	word	""no:$gOn$%tIN
ondas	13	word	""Un$das
ords	13	word	"u:d`s`
orm	13	word	"Urm
ovan	13	word	""o:$vA:n
pil	13	word	"pi:l
plågas	13	word	""plo:$gas
predikat	13	word	pre$dI$"kA:t
profeterar	13	word	prU$fe$"te:$rar
pukor	13	word	""p}:$kUr
reda	13	word	""re:$da
redde	13	word	""rE$de
renat	13	word	""re:$nat
revo	13	word	
ringarna	13	word	""rIN$a$n`a
rubeniterna	13	word	
rygga	13	word	""rY$ga
räkenskap	13	word	""rE:$ken$%skA:p
räknar	13	word	""rE:$knar
ränta	13	word	""rEn$ta
rådsherrar	13	word	""ro:ds$%hE$rar
röd	13	word	"r2:d
röda	13	word	""r2:$da
röja	13	word	""r9$ja
rörelse	13	word	""r2:$rel$se
saden	13	word	
sikel	13	word	"si:$kel
skaffen	13	word	
skickat	13	word	""x\I$kat
sky	13	word	"x\y:
skyla	13	word	""x\y:$la
skyldiga	13	word	""x\Yl$dI$ga
sol	13	word	"su:l
spände	13	word	""spEn$de
stadgade	13	word	""stad$ga$de
stadigt	13	word	""stA:$dIkt
stavar	13	word	""stA:$var
stenade	13	word	""ste:$na$de
stoder	13	word	""stu:$der
straffade	13	word	""stra$fa$de
strömmade	13	word	""str9$ma$de
strömmarna	13	word	""str9$ma$n`a
stum	13	word	"stu0m
styckena	13	word	""stY$ke$na
stänga	13	word	""stEN$a
stång	13	word	"stON
ståthållarna	13	word	""sto:t$%hO$la$n`a
sällskap	13	word	""sEl$%skA:p
sändebuden	13	word	""sEn$de$%b}:$den
sörjer	13	word	"s9r$jer
sött	13	word	"s9t
tages	13	word	""tA:$ges
tiger	13	word	"ti:$ger
tillhåll	13	word	""tIl$%hOl
tillspillogivna	13	word	
tillstädja	13	word	""tIl$%stE:d$ja
tjuguåtta	13	word	
tjuv	13	word	"s'}:v
tjänstgjorde	13	word	""s'Enst$%ju:$d`e
topp	13	word	"tOp
tretton	13	word	""trE$tOn
troner	13	word	""tru:$ner
trädgård	13	word	"trE$go:d`
träldomshuset	13	word	
trätt	13	word	"trEt
tröstade	13	word	""tr9$sta$de
tvist	13	word	"tvIst
tvärtom	13	word	tvE$"t`Om
tycker	13	word	"tY$ker
undervisar	13	word	""u0n$der$%vi:$sar
uppkallat	13	word	""u0p$%ka$lat
upplyfter	13	word	""u0p$%lYf$ter
utlovat	13	word	""}:t$%lo:$vat
utrannsaka	13	word	""}:t$ran$%sA:$ka
utsett	13	word	
utsända	13	word	""}:t$%sEn$da
uttalade	13	word	""}:t$%tA:$la$de
utvälja	13	word	""}:t$%vEl$ja
utåt	13	word	
vaken	13	word	""vA:$ken
vandring	13	word	""van$drIN
varest	13	word	""vA:$rest
vattenkällor	13	word	""va$ten$%s'E$lUr
verkar	13	word	""vEr$kar
vifta	13	word	""vIf$ta
vilostad	13	word	
vägg	13	word	"vEg
välsignar	13	word	vEl$"sIN$nar
värdiga	13	word	""vE:$d`I$ga
värdigt	13	word	""vE:$d`Ikt
ägo	13	word	""E:$gU
ättföljd	13	word	
ångrade	13	word	""ON$ra$de
ödemarken	13	word	""2:$de$%mar$ken
övermäktig	13	word	""2:$ver$%mEk$tIg
överträda	13	word	""2:$ve$%t`rE:$da
Abihu	12	name	
Absaloms	12	name	
Ahasjas	12	name	
Asarias	12	name	
Asotus	12	name	
Avkomlingarna	12	word	""A:v$%kOm$lIN$a$n`a
Bedjen	12	word	""be:d$jen
Bela	12	name	"be:$la
Betania	12	name	be$"tA:$nI$a
Cypern	12	name	"sy:$pen`
Efron	12	name	
Gehasi	12	name	
Gersons	12	name	
Hamans	12	name	
Hasar	12	name	""hA:$sar
Hets	12	name	"he:ts
Husai	12	name	
Is	12	word	"i:s
Jearim	12	name	
Jerikos	12	name	"je:$rI$kUs
Jesuas	12	name	
Jonadab	12	name	
Jonas	12	name	""ju:$nas
Jordans	12	name	jU$"d`A:ns
Jorden	12	word	"ju:$d`en
Kehat	12	name	
Lika	12	word	""li:$ka
Lyssna	12	word	""lY$sna
Marta	12	name	
Mikael	12	name	""mi:$ka$el
Nebo	12	name	
Netanel	12	name	
Ofir	12	name	
Paran	12	name	
Rabbi	12	word	"ra$bI
Rahab	12	name	
Salmunna	12	name	
Sanherib	12	name	
Sebedeus	12	name	
Silas	12	name	""si:$las
Susans	12	name	
Syrien	12	name	"sy:$rI$en
Sök	12	word	"s2:k
Ussa	12	name	
Visa	12	word	""vi:$sa
aktad	12	word	""ak$tad
allmänna	12	word	""al$%mE$na
amen	12	word	"a$men
ansiktes	12	word	""an$sIk$tes
anställa	12	word	""an$%stE$la
arbetssyssla	12	word	
avskilde	12	word	""A:v$%x\Il$de
befaller	12	word	be$"fa$ler
begrundar	12	word	be$"gru0n$dar
berättelse	12	word	be$"rE$tel$se
berömmer	12	word	be$"r9$mer
beslutet	12	word	be$"sl}:$tet
betjäna	12	word	be$"s'E:$na
betryckte	12	word	be$"trYk$te
betygar	12	word	be$"ty:$gar
bjud	12	word	"bj}:d
blottade	12	word	""blO$ta$de
brann	12	word	"bran
brinner	12	word	"brI$ner
brokiga	12	word	""bru:$kI$ga
brudgum	12	word	""br}:d$%gu0m
bränt	12	word	"brEnt
bröstskölden	12	word	
bälte	12	word	""bEl$te
bävar	12	word	""bE:$var
böj	12	word	"b9j
böljor	12	word	""b9l$jUr
bönhöra	12	word	""b2:n$%h2:$ra
dagars	12	word	""dA:$gas`
domarna	12	word	""dU$ma$n`a
dugande	12	word	""d}:$gan$de
duva	12	word	""d}:$va
däromkring	12	word	dE:$rOm$"krIN
dåraktigt	12	word	""do:$%rak$tIkt
dårars	12	word	""do:$ras`
döpelse	12	word	""d2:$pel$se
dörrvaktare	12	word	
fallna	12	word	""fal$na
fariséernas	12	word	fa$rI$"se:$e$n`as
fettstyckena	12	word	
fiendens	12	word	""fi:$en$dens
fina	12	word	""fi:$na
firade	12	word	""fi:$ra$de
flesta	12	word	""flE$sta
flygande	12	word	""fly:$gan$de
flöt	12	word	"fl2:t
fruktansvärd	12	word	""fru0k$tans$%vE:d`
fruktsamma	12	word	""fru0kt$%sa$ma
frälsningens	12	word	""frEl$snIN$ens
fröjdade	12	word	""fr9j$da$de
fröjdas	12	word	""fr9j$das
fullo	12	word	""fu0$lU
funnits	12	word	""fu0$nIts
fyrfat	12	word	""fy:r$%fA:t
fält	12	word	"fElt
fängelsegården	12	word	""fEN$el$se$%go:$d`en
fågel	12	word	"fo:$gel
fågeln	12	word	"fo:$geln
föga	12	word	
följ	12	word	"f9lj
föraktat	12	word	f9r$"ak$tat
förbittring	12	word	f9r$"bI$trIN
förborgade	12	word	f9r$"bOr$ja$de
förbränt	12	word	f9r$"brEnt
fördrev	12	word	f9$"d`re:v
föremålen	12	word	""f2:$re$%mo:$len
företag	12	word	""f2:$re$%tA:g
förfärad	12	word	
förgårdarna	12	word	""f2:r$%go:$d`a$n`a
förhärligad	12	word	f9r$"hE:$l`I$gad
förkastar	12	word	f9r$"ka$star
förleda	12	word	f9$"l`e:$da
förlossning	12	word	f9$"l`O$snIN
förmanade	12	word	f9r$"mA:$na$de
förnämste	12	word	f9$"n`E:m$ste
förrådshus	12	word	f9r$""ro:ds$%h}:s
församlingar	12	word	f9$"s`am$lIN$ar
förstfödda	12	word	""f9s`t`$%f9$da
förströdda	12	word	f9$"s`t`r9$da
förstöring	12	word	f9$"s`t`2:$rIN
förtjänar	12	word	f9r$"s'E:$nar
förvärv	12	word	f9r$"vErv
gaditerna	12	word	
gjord	12	word	"ju:d`
glömde	12	word	""gl9m$de
gosse	12	word	""gO$se
gråten	12	word	""gro:$ten
guds	12	word	
halva	12	word	""hal$va
hedar	12	word	""he:$dar
hemligen	12	word	""hEm$lI$gen
hemsökelser	12	word	""hEm$%s2:$kel$ser
himmelske	12	word	"hI$mel$ske
hämten	12	word	
högheliga	12	word	
högste	12	word	""h9k$ste
höljda	12	word	
hörden	12	word	
hörnen	12	word	"h2:$n`en
insatt	12	word	""In$%sat
instrumenter	12	word	
insåg	12	word	""In$%so:g
itu	12	word	I$"t}:
kammaren	12	word	""ka$ma$ren
kamrarna	12	word	""kam$ra$n`a
kehatiternas	12	word	
klokhet	12	word	""klu:k$%he:t
korgar	12	word	""kOr$jar
korset	12	word	"kO$s`et
kropps	12	word	"krOps
kulor	12	word	""k}:$lUr
källan	12	word	""s'E$lan
kötts	12	word	"s'9ts
lands	12	word	"lands
landsflykt	12	word	""lands$%flYkt
larm	12	word	"larm
lovoffer	12	word	
lur	12	word	"l}:r
lustgården	12	word	""lu0st$%go:$d`en
lända	12	word	""lEn$da
läppars	12	word	""lE$pas`
lärdom	12	word	""lE:$%d`Um
lögnaktigt	12	word	""l9Nn$%ak$tIkt
manna	12	word	""ma$na
midjanitiska	12	word	
misshandlade	12	word	""mIs$%hand$la$de
mister	12	word	"mI$ster
morgonrodnaden	12	word	""mOr$gOn$%ro:d$na$den
mulåsnor	12	word	""m}:l$%o:$snUr
myrra	12	word	""mY$ra
människoson	12	word	""mE$nI$x\U$%so:n
mäta	12	word	""mE:$ta
mättad	12	word	
måttet	12	word	"mO$tet
närheten	12	word	""nE:r$%he:$ten
nåds	12	word	"no:ds
omgjorda	12	word	""Om$%ju:$d`a
omskuren	12	word	""Om$%sk}:$ren
ondskas	12	word	""Und$skas
orenar	12	word	
plågade	12	word	""plo:$ga$de
prydnad	12	word	""pry:d$nad
pärlor	12	word	""pE:$l`Ur
ropen	12	word	"ru:$pen
ryggen	12	word	"rY$gen
ryttarna	12	word	""rY$ta$n`a
rämna	12	word	""rEm$na
rökelsealtaret	12	word	
samtalade	12	word	""sam$%tA:$la$de
senare	12	word	""se:$na$re
silverskål	12	word	""sIl$ve$%s`ko:l
sinnelag	12	word	""sI$ne$%lA:g
sjufalt	12	word	""x\}:$%falt
skrämma	12	word	""skrE$ma
skyar	12	word	""x\y:$ar
skygd	12	word	
skökan	12	word	""x\2:$kan
skörden	12	word	"x\2:$d`en
slunga	12	word	""slu0N$a
släktregister	12	word	""slEkt$re$%jI$ster
smaka	12	word	""smA:$ka
smädar	12	word	""smE:$dar
smärta	12	word	""smE$t`a
snar	12	word	"snA:r
somt	12	word	"sOmt
sov	12	word	"so:v
spetälsk	12	word	""spe:$%tElsk
spira	12	word	""spi:$ra
spridde	12	word	
stadsport	12	word	""stats$%pUt`
stamfader	12	word	""stam$%fA:$der
stams	12	word	"stams
strö	12	word	"str2:
svavel	12	word	"svA:$vel
synagoga	12	word	""sy:$na$%gu:$ga
syssla	12	word	""sY$sla
säker	12	word	"sE:$ker
sånger	12	word	""sON$er
tavlorna	12	word	""tA:v$lU$n`a
tillhört	12	word	""tIl$%h2:t`
tillräknas	12	word	""tIl$%rE:$knas
tillrättavisa	12	word	tIl$""rE$ta$%vi:$sa
tillsluta	12	word	""tIl$%sl}:$ta
timme	12	word	""tI$me
tjänarinnas	12	word	s'E:$na$""rI$nas
tom	12	word	"tUm
tordön	12	word	""tu:$%d`2:n
torka	12	word	""tOr$ka
trygga	12	word	""trY$ga
träta	12	word	""trE:$ta
trävirke	12	word	""trE:$%vIr$ke
tyckte	12	word	""tYk$te
tyst	12	word	"tYst
törstig	12	word	""t9$s`t`Ig
underbar	12	word	""u0n$der$%bA:r
upphöjde	12	word	""u0p$%h9j$de
upprättat	12	word	""u0p$%rE$tat
uppsluka	12	word	""u0p$%sl}:$ka
uppslukade	12	word	""u0p$%sl}:$ka$de
usla	12	word	""}:$sla
utbreda	12	word	""}:t$%bre:$da
utgör	12	word	""}:t$%j2:r
vakten	12	word	"vak$ten
varade	12	word	""vA:$ra$de
vattna	12	word	""vat$na
viljes	12	word	""vIl$jes
vingårdsmännen	12	word	
vinträdet	12	word	""vi:n$%trE:$det
vistas	12	word	""vI$stas
vittnade	12	word	""vIt$na$de
välbehag	12	word	""vE:l$be$%hA:g
välvilja	12	word	""vE:l$%vIl$ja
värdet	12	word	""vE:$d`et
värdighet	12	word	""vE:$d`Ig$%he:t
vävda	12	word	""vE:v$da
vävnad	12	word	""vE:v$nad
vånda	12	word	""vOn$da
vården	12	word	"vo:$d`en
äntligen	12	word	""Ent$lI$gen
ärende	12	word	""E:$ren$de
års	12	word	"o:s`
ödelägga	12	word	""2:$de$%lE$ga
ögons	12	word	""2:$gOns
öppnat	12	word	""9p$nat
övergår	12	word	""2:$ver$%go:r
Agrippa	11	name	
Ahikam	11	name	
Aserorna	11	name	
Askelon	11	name	
Bani	11	name	
Barabbas	11	name	"ba$ra$bas
Beors	11	name	
Debir	11	name	
Dor	11	name	
Därigenom	11	word	"dE:r$I$je:$nOm
Därmed	11	word	"dE:r$me:d
Edens	11	word	"e:$dens
Elihu	11	name	
Er	11	word	"e:r
Förrän	11	word	"f9$rEn
Gasara	11	name	
Gehenna	11	name	je$""hE$na
Gog	11	name	
Gorgias	11	name	
Hagar	11	name	"hA:$gar
Hamats	11	name	
Hanun	11	name	
Hedra	11	word	""he:$dra
Hinnoms	11	name	
Hosea	11	name	
Ismaels	11	name	
Jaeser	11	name	
Jedaja	11	name	
Jojakin	11	name	
Josadaks	11	name	
Judeens	11	name	
Kenas	11	name	
Levis	11	name	"le:$vIs
Magdala	11	name	
Mikmas	11	name	
Nahor	11	name	
Nebukadressars	11	name	
Ners	11	name	
Paddan	11	name	""pa$dan
Persiens	11	name	"pE$s`I$ens
Profetera	11	word	prU$fe$"te:$ra
Sadoks	11	name	
Sidkias	11	name	
Sihons	11	name	
Själv	11	word	"x\Elv
Skaffen	11	word	
Somliga	11	word	""sOm$lI$ga
Susanna	11	name	su0$""sa$na
Söken	11	word	
Tera	11	name	
Tomas	11	name	"tu:$mas
Träden	11	word	"trE:$den
Varom	11	word	
Vet	11	word	"ve:t
Veten	11	word	
aftontiden	11	word	
agar	11	word	""A:$gar
ansedd	11	word	""an$%sEd
araméernas	11	word	a$ra$"me:$e$n`as
arbetarna	11	word	""ar$%be:$ta$n`a
armod	11	word	""ar$%mu:d
avsomnade	11	word	""A:v$%sOm$na$de
behåller	11	word	be$"hO$ler
besatte	11	word	be$"sa$te
beskärma	11	word	be$"x\Er$ma
betesmarker	11	word	""be:$tes$%mar$ker
betrakta	11	word	be$"trak$ta
betäckte	11	word	
bevarat	11	word	be$"vA:$rat
bildstod	11	word	""bIld$%stu:d
bitterligen	11	word	""bI$ter$%l`i:$gen
bittra	11	word	""bI$tra
blandat	11	word	""bland$dat
blickade	11	word	""blI$ka$de
blinde	11	word	""blIn$de
blyges	11	word	""bly:$ges
blåser	11	word	"blo:$ser
bokrulle	11	word	
bokrullen	11	word	""bu:k$%ru0$len
bortförd	11	word	
bortom	11	word	""bO$t`Om
bragte	11	word	""brak$te
brister	11	word	""brI$ster
brokig	11	word	""bru:$kIg
brunnar	11	word	""bru0$nar
bäckenet	11	word	"bE$ke$net
bägaren	11	word	""bE:$ga$ren
bäras	11	word	""bE:$ras
bären	11	word	"bE:$ren
bågen	11	word	"bo:$gen
bördan	11	word	""b2:$d`an
bördeman	11	word	
dolde	11	word	""do:l$de
domens	11	word	"do:$mens
dråparen	11	word	""dro:$pa$ren
därovan	11	word	dEr$""o:$van
dömen	11	word	
dömt	11	word	"d9mt
döparen	11	word	""d2:$pa$ren
döpta	11	word	
eden	11	word	"e:$den
efod	11	word	
efterföljare	11	word	""Ef$ter$%f9l$ja$re
ersätta	11	word	""e:$%s`E$ta
fattades	11	word	""fa$ta$des
femtedelen	11	word	""fEm$te$%de:$len
fingrar	11	word	""fIN$rar
fisk	11	word	"fIsk
flytning	11	word	""fly:t$nIN
flyttade	11	word	""flY$ta$de
fläcken	11	word	"flE$ken
folkhopen	11	word	""fOlk$%hu:$pen
fostrat	11	word	""fU$strat
fotställning	11	word	""fu:t$%stEl$nIN
frimodiga	11	word	""fri:$%mu:$dI$ga
främja	11	word	""frE$mja
fröjderop	11	word	
färdiga	11	word	""fE:$d`I$ga
fästningar	11	word	""fEst$nIN$ar
följen	11	word	""f9l$jen
förborgat	11	word	f9r$"bOr$jat
fördrevo	11	word	
fördärvets	11	word	f9$"d`Er$vets
föredöme	11	word	""f2:$re$%d9$me
förgingos	11	word	
förhatlig	11	word	f9r$"hA:t$lIg
förlopp	11	word	f9$"l`Op
förlossar	11	word	f9$"l`O$sar
församlar	11	word	f9$"s`am$lar
förskingra	11	word	f9r$"x\IN$ra
förstått	11	word	f9$"s`t`Ot
försyndar	11	word	f9$"s`y:n$dar
förtorka	11	word	f9$"t`Or$ka
förtärande	11	word	
förtörnat	11	word	
förvaltare	11	word	f9r$"val$ta$re
förödda	11	word	
förökade	11	word	f9r$"2:$ka$de
gagna	11	word	""gaN$na
gasell	11	word	ga$"sEl
gensträvig	11	word	""je:n$%strE:$vIg
getter	11	word	"jE$ter
giller	11	word	"jI$ler
gissla	11	word	""jI$sla
greps	11	word	"gre:ps
grotta	11	word	""grO$ta
grundat	11	word	""gru0n$dat
grytan	11	word	""gry:$tan
gråtande	11	word	""gro:$tan$de
gudarna	11	word	""g}:$da$n`a
gärningars	11	word	""jE:$n`IN$as`
gåvorna	11	word	""go:$vU$n`a
halsen	11	word	"hal$sen
helgelse	11	word	""hEl$gel$se
hetiternas	11	word	
hinna	11	word	""hI$na
hittills	11	word	"hi:$tIls
hund	11	word	"hu0nd
hurudan	11	word	h}:$r}:$"dA:n
huruvida	11	word	h}:$r}:$""vi:$da
häravdelningar	11	word	""hE:r$A:v$%de:l$nIN$ar
härda	11	word	""hE:$d`a
häri	11	word	"hE:r$i:
härska	11	word	""hE$s`ka
hård	11	word	"ho:d`
högst	11	word	
hörnsten	11	word	""h2:n`$%s`t`e:n
iklätt	11	word	""i:$%klEt
invigning	11	word	""In$%vi:$gnIN
jagade	11	word	""jA:$ga$de
jordagods	11	word	""ju:$d`a$%gUds
jordbävning	11	word	""ju:d`$%bE:v$nIN
kallelse	11	word	""ka$lel$se
kamp	11	word	"kamp
kasten	11	word	"ka$sten
killing	11	word	""s'I$lIN
klart	11	word	"klA:t`
kläde	11	word	""klE:$de
konstförfarna	11	word	""kOnst$f9r$%fA:$n`a
koret	11	word	"ku:$ret
kringspridda	11	word	""krIN$%sprI$da
krossad	11	word	
kula	11	word	""k}:$la
kuvade	11	word	""k}:$va$de
kämpa	11	word	""s'Em$pa
köper	11	word	"s'2:$per
lags	11	word	"lA:gs
ledsaga	11	word	""le:d$%sA:$ga
lejde	11	word	""lEj$de
lem	11	word	"lEm
levnad	11	word	""le:v$nad
ljuder	11	word	"j}:$der
ljuga	11	word	""j}:$ga
ljuvlig	11	word	""j}:v$lIg
lusta	11	word	""lu0$sta
lyder	11	word	"ly:$der
lyser	11	word	"ly:$ser
löftesoffer	11	word	
maktlösa	11	word	""makt$%l2:$sa
mal	11	word	"mA:l
medel	11	word	"me:$del
meniga	11	word	""me:$nI$ga
menighetens	11	word	""me:$nIg$%he:$tens
mest	11	word	
mild	11	word	"mIld
minnet	11	word	""mI$net
männens	11	word	"mE$nens
månadsrening	11	word	""mo:$nats$%re:$nIN
måtto	11	word	""mO$tU
mörkrets	11	word	"m9r$krets
nakna	11	word	""nA:$kna
nedtill	11	word	""ne:d$%tIl
nekade	11	word	""ne:$ka$de
nästen	11	word	""nE$sten
nätverk	11	word	""nE:t$%vErk
oavlåtligen	11	word	""u:$A:v$%lo:t$lIg$gen
offrat	11	word	""O$frat
ogärningsmännen	11	word	""u:$jE:$n`INs$%mE$nen
ohelgade	11	word	
ombord	11	word	Om$"bu:d`
otillbörligt	11	word	""u:$tIl$%b2:$l`Ikt
pannor	11	word	""pa$nUr
plocka	11	word	""plO$ka
predikan	11	word	pre$"di:$kan
profetisk	11	word	prU$"fe:$tIsk
prydde	11	word	""prY$de
påbjudit	11	word	""po:$%bj}:$dIt
rakt	11	word	"rA:kt
rand	11	word	"rand
redlighet	11	word	""re:d$lIg$%he:t
river	11	word	"ri:$ver
rivit	11	word	""ri:$vIt
roten	11	word	""ru:$ten
rustade	11	word	""ru0$sta$de
ryckes	11	word	""rY$kes
ryckt	11	word	"rYkt
räknad	11	word	
rötter	11	word	"r9$ter
saknas	11	word	""sA:$knas
sidorna	11	word	""si:$dU$n`a
siste	11	word	""sI$ste
sjö	11	word	"x\2:
skakar	11	word	""skA:$kar
skattkamrar	11	word	
skilde	11	word	""x\Il$de
skurna	11	word	""sk}:$n`a
skänkt	11	word	"x\ENkt
slutligen	11	word	""sl}:t$lI$gen
släcka	11	word	""slE$ka
släppt	11	word	"slEpt
smord	11	word	"smu:d`
sommaren	11	word	""sO$ma$ren
spela	11	word	""spe:$la
stamfurstar	11	word	
stillar	11	word	""stI$lar
stillhet	11	word	""stIl$%he:t
stol	11	word	"stu:l
straffe	11	word	
stridsman	11	word	""strIts$%man
sträng	11	word	"strEN
strängt	11	word	"strENt
styr	11	word	"sty:r
ställen	11	word	"stE$len
ställer	11	word	"stE$ler
ståthållaren	11	word	""sto:t$%hO$la$ren
stödja	11	word	""st2:d$ja
suckar	11	word	""su0$kar
suttit	11	word	""su0$tIt
svagt	11	word	"svA:kt
svärdbeväpnade	11	word	
syndens	11	word	"sYn$dens
syrat	11	word	
säkerhet	11	word	""sE:$ker$%he:t
sänka	11	word	""sEN$ka
sågen	11	word	"so:$gen
sångare	11	word	""sON$a$re
sönderrivna	11	word	""s9n$der$%ri:v$na
tanken	11	word	""taN$ken
tapper	11	word	"ta$per
tavlor	11	word	""tA:v$lUr
tidens	11	word	"ti:$dens
tillföll	11	word	""tIl$%f9l
tistel	11	word	""tI$stel
tjurens	11	word	"s'}:$rens
tjuvar	11	word	""s'}:$var
torget	11	word	"tOr$jet
tornen	11	word	"tu:$n`en
trampa	11	word	""tram$pa
tvärstänger	11	word	
umgängelse	11	word	""u0m$%jEN$el$se
uppbyggt	11	word	""u0p$%bYkt
uppehälle	11	word	""u0$pe$%hE$le
uppgiva	11	word	""u0p$%ji:$va
uppmanar	11	word	""u0p$%mA:$nar
utforska	11	word	""}:t$%fO$s`ka
utgång	11	word	""}:t$%gON
utrotad	11	word	
uträtta	11	word	""}:t$%rE$ta
uttyda	11	word	""}:t$%ty:$da
utväg	11	word	""}:t$%vE:g
vanlig	11	word	""vA:n$lIg
varnagel	11	word	""vA:$%n`A:$gel
vett	11	word	"vEt
vilddjurets	11	word	""vIld$%j}:$rets
vindar	11	word	""vIn$dar
vinge	11	word	""vIN$e
vises	11	word	""vi:$ses
vittnat	11	word	""vIt$nat
väckte	11	word	""vEk$te
vädurarna	11	word	""vE:$%d}:$ra$n`a
väldigt	11	word	""vEl$dIkt
välsigne	11	word	vEl$"sIN$ne
väpnad	11	word	
växt	11	word	"vEkst
våd	11	word	"vo:d
våningen	11	word	""vo:$nIN$en
ytterst	11	word	"Y$tes`t`
ätter	11	word	""E$ter
återställa	11	word	""o:$te$%s`t`E$la
åtföljd	11	word	
åtlöje	11	word	""o:t$%l9$je
åtskillnad	11	word	""o:t$%x\Il$nad
örnen	11	word	"2:$n`en
Amram	10	name	
Apollos	10	name	a$"pO$lUs
Barnea	10	name	
Beltesassar	10	name	
Bevara	10	word	be$"vA:$ra
Bittida	10	word	"bI$tI$da
Cilicien	10	name	
Debora	10	name	"dE$bO$ra
Dibon	10	name	
Därjämte	10	word	"dE:r$jEm$te
Ekbatana	10	name	
Eliel	10	name	e$lI$"El
Eljasib	10	name	
Eser	10	name	
Far	10	word	"fA:r
Förkunnen	10	word	
Församlen	10	word	
Gerar	10	name	
Hamor	10	name	
Heliges	10	word	""he:$lI$ges
Hermon	10	name	
Härav	10	word	"hE:r$A:v
Jedutun	10	name	
Jehiel	10	name	
Jeus	10	name	
Joa	10	name	
Jorams	10	name	
Josuas	10	name	
Kir	10	name	
Kus	10	name	
Lär	10	word	"lE:r
Mardokeus	10	name	
Mediens	10	name	
Merari	10	name	
Mig	10	word	"mEj
Milka	10	name	""mIl$ka
Misael	10	name	
Mycket	10	word	""mY$ket
Nahas	10	name	
Några	10	word	
Ribla	10	name	
Sade	10	word	""sA:$de
Salig	10	word	""sA:$lIg
Sanballat	10	name	
Set	10	name	"sEt
Sif	10	name	"si:v
Skapare	10	word	""skA:$pa$re
Skynda	10	word	""x\Yn$da
Slå	10	word	"slo:
Soar	10	name	
Sons	10	word	"su:ns
Sorga	10	name	
Tabor	10	name	
Tubal	10	name	
Ussi	10	name	
Ussiel	10	name	
Varken	10	word	""var$ken
Varmed	10	word	"vA:r$me:d
Vilka	10	word	""vIl$ka
agnar	10	word	""aN$nar
anklagade	10	word	""an$%klA:$ga$de
anledning	10	word	""an$%le:d$nIN
ansatte	10	word	""an$sa$te
anses	10	word	""an$se:s
arvet	10	word	"ar$vet
avliva	10	word	""A:v$%li:$va
avskilt	10	word	""A:v$%x\Ilt
axen	10	word	"ak$sen
bedragit	10	word	be$"drA:$gIt
befanns	10	word	be$"fans
befäl	10	word	be$"fE:l
behöven	10	word	
bekände	10	word	be$"s'En$de
bekänner	10	word	be$"s'E$ner
bemäktigade	10	word	be$"mEk$tI$ga$de
berätta	10	word	be$"rE$ta
besatta	10	word	be$"sa$ta
bespotta	10	word	be$"spO$ta
bespottar	10	word	be$"spO$tar
bespottare	10	word	be$"spO$ta$re
betogos	10	word	
betrodd	10	word	be$"trUd
bistånd	10	word	""bi:$%stOnd
blommor	10	word	""blU$mUr
bly	10	word	"bly:
bredden	10	word	"brE$den
brista	10	word	
bräde	10	word	""brE:$de
bräderna	10	word	""brE:$de$n`a
bröllopet	10	word	""br9$lO$pet
bundsförvanter	10	word	""bu0nds$f9r$%van$ter
byggen	10	word	""bY$gen
byggnad	10	word	""bY$gnad
byn	10	word	"by:n
bäckar	10	word	""bE$kar
båt	10	word	"bo:t
böjer	10	word	"b9$jer
bönfalla	10	word	""b2:n$%fa$la
dammen	10	word	"da$men
danade	10	word	""dA:$na$de
darrade	10	word	""da$ra$de
delvis	10	word	""de:l$%vi:s
drivet	10	word	""dri:$vet
dubbel	10	word	"du0$bel
därnäst	10	word	dE$"n`Est
därutanför	10	word	dE:r$""}:$tan$%f2:r
dåligt	10	word	""do:$lIkt
dödar	10	word	""d2:$dar
döde	10	word	""d2:$de
dödliga	10	word	""d2:d$lI$ga
döttrars	10	word	""d9$tras`
efterföljt	10	word	
efterskörd	10	word	""Ef$ter$%x\2:d`
etiopiern	10	word	e$tI$"u:$pI$en`
farbroder	10	word	""far$%bru:$der
fastställt	10	word	""fast$%stElt
fat	10	word	"fA:t
femtiotvå	10	word	fem$tI$U$"tvo:
fjäll	10	word	"fjEl
fjärdedels	10	word	""fjE:$d`e$%de:ls
fortsatte	10	word	""fu:t`$%s`a$te
fots	10	word	"fu:ts
frambäras	10	word	""fram$%bE:$ras
fruktsam	10	word	""fru0kt$%sam
fullhet	10	word	""fu0l$%he:t
funnes	10	word	
fyrkant	10	word	""fy:r$%kant
färdig	10	word	""fE:$d`Ig
fåfängligt	10	word	""fo:$%fEN$lIkt
fönstren	10	word	"f9n$stren
förbannade	10	word	f9r$"ba$na$de
fördelade	10	word	f9$"d`e:$la$de
fördold	10	word	f9$"d`o:ld
förjagade	10	word	f9r$"jA:$ga$de
förledde	10	word	f9r$"l`E$de
förlorad	10	word	f9$"l`u:$rad
förmanar	10	word	f9r$"mA:$nar
förmörkas	10	word	f9r$"m9r$kas
förnummo	10	word	
förskoning	10	word	f9$"s`ku:$nIN
förstling	10	word	""f9s`t`$l`IN
förstörda	10	word	
försökte	10	word	f9$"s`2:k$te
förtrampa	10	word	f9$"t`ram$pa
förtörna	10	word	f9$"t`2:$n`a
förundra	10	word	f9r$"u0n$dra
förundran	10	word	f9r$"u0n$dran
förvara	10	word	f9r$"vA:$ra
gjuten	10	word	""j}:$ten
granatäpplen	10	word	gra$""nA:t$%E$plen
grepos	10	word	
gräshopporna	10	word	""grE:s$%hO$pU$n`a
gråter	10	word	"gro:$ter
grödan	10	word	""gr2:$dan
gudstjänsten	10	word	""gu0ts$%s'En$sten
gård	10	word	"go:d`
gömd	10	word	"j9md
haglet	10	word	"hA:$glet
hakar	10	word	""hA:$kar
handel	10	word	"han$del
hanen	10	word	""hA:$nen
hedmarken	10	word	""he:d$%mar$ken
helade	10	word	""he:$la$de
hemfalla	10	word	""hEm$%fa$la
hemfallen	10	word	""hEm$%fa$len
hemsökte	10	word	""hEm$%s2:k$te
hettan	10	word	""hE$tan
himlarna	10	word	""hIm$la$n`a
hjälpt	10	word	"jElpt
honkön	10	word	""hu:n$%s'2:n
hopfogade	10	word	""hu:p$%fu:$ga$de
hoppades	10	word	""hO$pa$des
hugger	10	word	"hu0$ger
huggit	10	word	""hu0$gIt
husbonden	10	word	""h}:s$%bUn$den
huvudbindeln	10	word	
huvudman	10	word	""h}:$vu0d$%man
hängivet	10	word	""hE$%nji:$vet
härhövitsmannen	10	word	
hårdnackade	10	word	""ho:d`$%n`a$ka$de
höllos	10	word	
inbjöd	10	word	""In$%bj2:d
inbyggarna	10	word	""In$%bY$ga$n`a
ingått	10	word	""IN$%gOt
inlåta	10	word	""In$%lo:$ta
intaget	10	word	""In$%tA:$get
jagande	10	word	""jA:$gan$de
jagar	10	word	""jA:$gar
jordiska	10	word	"ju:$d`I$ska
kalken	10	word	"kal$ken
kastad	10	word	
klenoder	10	word	kle$"nu:$der
knappt	10	word	"knapt
konstvävnad	10	word	""kOnst$%vE:v$nad
konungamakt	10	word	
korg	10	word	"kOrj
korna	10	word	"ku:$n`a
korsfästa	10	word	""kOs`$%fE$sta
kost	10	word	"kOst
krigshövitsmännen	10	word	
kringliggande	10	word	""krIN$%lI$gan$de
kungör	10	word	""ku0$%nj2:r
kvarblivna	10	word	""kvA:r$%bli:v$na
landshövdingar	10	word	""lands$%h9v$dIN$ar
landsändar	10	word	""lands$%En$dar
larmet	10	word	"lar$met
ledo	10	word	
lera	10	word	""le:$ra
leven	10	word	
leverfettet	10	word	
liggande	10	word	""lI$gan$de
likadana	10	word	li:$ka$"dA:$na
liknar	10	word	""li:$knar
luften	10	word	"lu0f$ten
lägerplats	10	word	""lE:$ger$%plats
lären	10	word	
läte	10	word	""lE:$te
lågan	10	word	""lo:$gan
lösaktighet	10	word	""l2:s$ak$tIg$%he:t
lövhyddohögtiden	10	word	""l2:v$hY$dU$h9k$%ti:$den
makter	10	word	""mak$ter
makts	10	word	"makts
medborgare	10	word	""me:d$%bOr$ja$re
medlare	10	word	""me:d$la$re
medtjänare	10	word	
midjaniterna	10	word	
motsvarande	10	word	""mu:t$%svA:$ran$de
mängden	10	word	"mEN$den
märken	10	word	""mEr$ken
mörk	10	word	"m9rk
natur	10	word	na$"t}:r
njurar	10	word	""nj}:$rar
nytta	10	word	""nY$ta
nästan	10	word	""nE$stan
nätet	10	word	"nE:$tet
oaktat	10	word	""u:$%ak$tat
oavlåtligt	10	word	""u:$A:v$%lo:t$lIkt
oförfärad	10	word	""u:$f9r$%fE:$rad
oförnuftig	10	word	""u:$f9$%n`u0f$tIg
oförnuftige	10	word	
oliver	10	word	U$"li:$ver
omkommit	10	word	""Om$%kO$mIt
området	10	word	""Om$%ro:$det
omskärelse	10	word	""Om$%x\E:$rel$se
omtalat	10	word	""Om$%tA:$lat
ondskans	10	word	""Und$skans
ordnade	10	word	""o:d`$n`a$de
oryggligt	10	word	
orättfärdig	10	word	""u:$rEt$%fE:$d`Ig
orättfärdigt	10	word	""u:$rEt$%fE:$d`Ikt
orättrådighet	10	word	
oskyldiga	10	word	""u:$%x\Yl$dI$ga
oskärat	10	word	
palatset	10	word	pa$"lat$set
pannan	10	word	""pa$nan
pilarna	10	word	""pi:$la$n`a
planterar	10	word	plan$"te:$rar
pliktiga	10	word	""plIk$tI$ga
pluggar	10	word	""plu0$gar
profeternas	10	word	prU$"fe:$te$n`as
prydd	10	word	"prYd
publikaner	10	word	pu0$blI$"kA:$ner
rankor	10	word	""raN$kUr
ridhästar	10	word	""ri:d$%hE$star
riktigt	10	word	""rIk$tIkt
ring	10	word	"rIN
ringare	10	word	""rIN$a$re
rovet	10	word	"ru:$vet
ruiner	10	word	r}:$"i:$ner
rycker	10	word	"rY$ker
räknades	10	word	""rE:$kna$des
rättsinniga	10	word	""rEt$%sI$nI$ga
rättvis	10	word	""rEt$%vi:s
rådklokhet	10	word	
råds	10	word	"ro:ds
råkar	10	word	""ro:$kar
röna	10	word	"r2:$na
sammankallade	10	word	""sa$man$%ka$la$de
satraperna	10	word	sa$"tra$pe$n`a
siare	10	word	""si:$a$re
silverpenningar	10	word	""sIl$ver$%pE$nIN$ar
sjönk	10	word	"x\9Nk
skalliga	10	word	""ska$lI$ga
skar	10	word	"skA:r
skeppen	10	word	"x\E$pen
skulden	10	word	"sku0l$den
skyldige	10	word	""x\Yl$dI$ge
skägget	10	word	"x\E$get
skända	10	word	""x\En$da
skökolön	10	word	
skördar	10	word	""x\2:$d`ar
skördemännen	10	word	
sköta	10	word	""x\2:$ta
slagordning	10	word	""slA:g$%o:d`$n`IN
slet	10	word	"sle:t
slita	10	word	""sli:$ta
slockna	10	word	""slO$kna
smädelse	10	word	""smE:$del$se
snaran	10	word	""snA:$ran
snöre	10	word	""sn2:$re
sorgen	10	word	"sOr$jen
spejare	10	word	""spE$ja$re
sprider	10	word	"spri:$der
spärra	10	word	""spE$ra
stack	10	word	"stak
stappla	10	word	""sta$pla
starke	10	word	""star$ke
stormade	10	word	""stOr$ma$de
stryka	10	word	""stry:$ka
strängeligen	10	word	""strEN$e$li:$gen
styggeliga	10	word	
styresman	10	word	""sty:$res$%man
styresmän	10	word	""sty:$res$%mEn
styrkte	10	word	""stYrk$te
ståndaktig	10	word	""stOnd$%ak$tIg
ståt	10	word	"sto:t
störst	10	word	"st9s`t`
suckan	10	word	""su0$kan
sunda	10	word	""su0n$da
svart	10	word	"svat`
svarta	10	word	""sva$t`a
säckar	10	word	""sE$kar
såddes	10	word	""sO$des
söt	10	word	"s2:t
talent	10	word	ta$"lEnt
tand	10	word	"tand
tempelkamrar	10	word	
tempelträlarna	10	word	
terebinten	10	word	te$re$"bIn$ten
tidigare	10	word	""ti:$dI$ga$re
tillbett	10	word	
tillredde	10	word	
tillsluter	10	word	""tIl$%sl}:$ter
tillstädjer	10	word	
tjugufjärde	10	word	
torgen	10	word	"tOr$jen
torkade	10	word	""tOr$ka$de
tornet	10	word	"tu:$n`et
troget	10	word	""tru:$get
trott	10	word	"trUt
träffades	10	word	""trE$fa$des
tröskel	10	word	""tr9$skel
tröskplats	10	word	
tröskplatsen	10	word	
tvinga	10	word	""tvIN$a
täckelset	10	word	""tE$kel$set
tärnor	10	word	""tE:$n`Ur
underrätta	10	word	""u0n$de$%rE$ta
understödde	10	word	""u0n$de$%s`t`9$de
uppehåll	10	word	""u0$pe$%hOl
uppför	10	word	"u0p$f2:r
uppmuntrade	10	word	""u0p$%mu0n$tra$de
upptändas	10	word	
uppväcker	10	word	""u0p$%vE$ker
utropade	10	word	""}:t$%ru:$pa$de
utskiftade	10	word	""}:t$%x\If$ta$de
utslitna	10	word	""}:t$%sli:t$na
utsåg	10	word	""}:t$%so:g
uttalat	10	word	""}:t$%tA:$lat
utvärtes	10	word	
vacklande	10	word	""va$kland$de
vaknar	10	word	""vA:$knar
vaktar	10	word	""vak$tar
vall	10	word	"val
vanliga	10	word	""vA:n$lI$ga
vann	10	word	"van
varm	10	word	"varm
varnade	10	word	""vA:$n`a$de
varnat	10	word	""vA:$n`at
varse	10	word	""va$s`e
vattenbäckar	10	word	
verka	10	word	""vEr$ka
vilddjuren	10	word	""vIld$%j}:$ren
villebråd	10	word	""vI$le$%bro:d
vingården	10	word	""vi:N$%go:$d`en
vinträden	10	word	""vi:n$%trE:$den
vredesdomen	10	word	""vre:$des$%dU$men
väggar	10	word	""vE$gar
vällukt	10	word	""vE:l$%lu0kt
värv	10	word	"vErv
väsen	10	word	"vE:$sen
vågade	10	word	""vo:$ga$de
yppa	10	word	""Y$pa
År	10	word	"o:r
ädlaste	10	word	""E:d$la$ste
ädlingar	10	word	""E:d$lIN$ar
äktenskapsbrytare	10	word	""Ek$ten$skA:ps$%bry:$ta$re
ärade	10	word	""E:$ra$de
ånyo	10	word	O$""ny:$U
årets	10	word	"o:$rets
åsninnan	10	word	o:$""snI$nan
åstunda	10	word	""o:$%stu0n$da
återfå	10	word	""o:$ter$%fo:
återstående	10	word	
öglor	10	word	""2:$glUr
önskan	10	word	""9n$skan
örn	10	word	"2:n`
överdragna	10	word	""2:$ve$%d`rA:$gna
överst	10	word	"2:$ves`t`
Ahikams	9	name	
Ahitub	9	name	
Akaja	9	name	
Akten	9	word	"ak$ten
Arpaksad	9	name	
Baana	9	name	
Besalel	9	name	
Bliv	9	word	"bli:v
Både	9	word	""bo:$de
Cefas	9	name	
Dagon	9	name	
Datan	9	name	""dA:$tan
Dedan	9	name	
Därbredvid	9	word	dEr$""bre:$vi:d
Därpå	9	word	dEr$"po:
Eden	9	word	"e:$den
Ehud	9	name	
Elisabet	9	name	e$""li:$sa$bet
Faderns	9	word	""fA:$den`s`
Felix	9	name	"fe:$lIks
Fenicien	9	name	fe$"ni:$sI$en
Filistéerna	9	word	fI$lI$"ste:$e$n`a
Folken	9	word	"fOl$ken
Gaal	9	name	"gA:l
Geber	9	name	"ge:$ber
Gersom	9	name	
Glädjens	9	word	""glE:d$jens
Haggai	9	name	
Ham	9	name	"ham
Horma	9	name	
Huram	9	name	
Härmed	9	word	"hE:r$me:d
Höjen	9	word	
Iskariot	9	name	
Jegiel	9	name	
Jetro	9	name	
Jisreels	9	name	
Joakim	9	name	""ju:$a$%kIm
Jobab	9	name	
Kaifas	9	name	
Kalebs	9	name	
Konungens	9	word	""ko:$nu0N$ens
Labans	9	name	"lA:$bans
Lemek	9	name	
Lova	9	word	""lu:$va
Lyft	9	word	"lYft
Mackeda	9	name	
Maheli	9	name	
Megiddo	9	name	
Melek	9	name	"me:$lek
Millo	9	name	
Modein	9	name	
Molok	9	name	
Neemias	9	name	
Nerias	9	name	
Nikanors	9	name	
Något	9	word	""no:$gOt
Ogs	9	name	
Pashur	9	name	
Rafael	9	name	
Rehob	9	name	
Rekabs	9	name	
Rimmons	9	name	
Sealtiels	9	name	
Sebadja	9	name	
Sebna	9	name	
Ser	9	word	"se:r
Själva	9	word	""x\El$va
Sodoms	9	name	""su:$dOms
Solen	9	word	"su:$len
Stannen	9	word	
Susan	9	name	su0$"san
Söderlandet	9	name	
Talen	9	word	"tA:$len
Ussias	9	name	
Utsaga	9	word	""}:t$%sA:$ga
Viljen	9	word	""vIl$jen
Visheten	9	word	""vi:s$%he:$ten
alltsedan	9	word	
altarna	9	word	""al$ta$n`a
andedräkt	9	word	""an$de$%drEkt
andekraft	9	word	
angripa	9	word	""aN$%gri:$pa
anställt	9	word	""an$%stElt
användas	9	word	""an$%vEn$das
använde	9	word	""an$%vEn$de
armen	9	word	"ar$men
arvinge	9	word	""ar$vIN$e
assyriernas	9	word	a$"sy:$rI$e$n`as
avföllo	9	word	
avgudabilder	9	word	""A:v$g}:$da$%bIl$der
avskilja	9	word	""A:v$%x\Il$ja
avståndet	9	word	""A:v$%stOn$det
axeln	9	word	"ak$seln
axlar	9	word	""ak$slar
baka	9	word	""bA:$ka
bebodda	9	word	be$"bU$da
bedrevo	9	word	
bedrägliga	9	word	be$"drE:$glI$ga
befinnes	9	word	be$"fI$nes
begabberi	9	word	be$ga$be$"ri:
beklädde	9	word	be$"klE$de
bemäktiga	9	word	be$"mEk$tI$ga
bero	9	word	be$"ru:
berömme	9	word	
bese	9	word	be$"se:
besittningar	9	word	be$"sIt$nIN$ar
beskydda	9	word	be$"x\Y$da
bestryka	9	word	be$"stry:$ka
besättning	9	word	be$"sEt$nIN
besättningen	9	word	be$"sEt$nIN$en
betyga	9	word	be$"ty:$ga
blomster	9	word	"blOm$ster
blottar	9	word	""blO$tar
blottat	9	word	""blO$tat
bohag	9	word	""bu:$%hA:g
boningsorter	9	word	""bu:$nINs$%U$t`er
brutet	9	word	""br}:$tet
bundit	9	word	""bu0n$dIt
byggningsmännen	9	word	
börd	9	word	"b2:d`
cypressträ	9	word	sY$""prEs$%trE:
dager	9	word	"dA:$ger
densamma	9	word	den$"sa$ma
ditut	9	word	""di:t$%}:t
djupen	9	word	"j}:$pen
djävulens	9	word	""jE:$vu0$lens
doft	9	word	"dOft
dold	9	word	"do:ld
dragare	9	word	""drA:$ga$re
drypa	9	word	""dry:$pa
dröj	9	word	"dr9j
dubbla	9	word	""du0$bla
dyrbart	9	word	""dy:r$%bA:t`
därnere	9	word	dE:$""n`e:$re
dåres	9	word	""do:$res
edoméerna	9	word	
egyptier	9	word	e$"jYpt$sI$er
egyptiske	9	word	e$"jYp$tI$ske
eldslågor	9	word	""Elds$%lo:$gUr
elfenben	9	word	""El$fen$%be:n
emellertid	9	word	e$"mE$le$t`i:d
ensamma	9	word	""En$%sa$ma
felar	9	word	""fe:$lar
fiendskap	9	word	""fi:$end$%skA:p
fingen	9	word	
flodens	9	word	"flu:$dens
fläckar	9	word	""flE$kar
flödar	9	word	""fl2:$dar
flöde	9	word	""fl2:$de
foder	9	word	"fu:$der
fogdar	9	word	""fUg$dar
forntidens	9	word	""fu:n`$%t`i:$dens
framdeles	9	word	""fram$%de:$les
framsidan	9	word	""fram$%si:$dan
fresta	9	word	""frE$sta
frestelse	9	word	""frE$stel$se
from	9	word	"frUm
frommas	9	word	""frU$mas
fromme	9	word	""frU$me
frälsningen	9	word	""frEl$snIN$en
främjar	9	word	""frE$mjar
frågan	9	word	""fro:$gan
frågat	9	word	""fro:$gat
fröjden	9	word	"fr9j$den
fullgöra	9	word	""fu0l$%j2:$ra
fullkomliga	9	word	""fu0l$%kOm$lI$ga
fängsla	9	word	""fEN$sla
fängslade	9	word	""fEN$sla$de
fästningarna	9	word	""fEst$nIN$a$n`a
fästningen	9	word	""fEst$nIN$en
fåkunniga	9	word	""fo:$%ku0$nI$ga
fångad	9	word	
förbannelsen	9	word	f9r$"ba$nel$sen
förbittrade	9	word	f9r$"bI$tra$de
förelade	9	word	""f2:$re$%lA:$de
föreläste	9	word	""f2:$re$%lE:$ste
föreskrifter	9	word	""f2:$re$%skrIf$ter
föreståndarna	9	word	""f2:$re$%stOn$da$n`a
företaga	9	word	""f2:$re$%tA:$ga
förfång	9	word	f9r$"fON
förföra	9	word	f9r$"f2:$ra
förgåtts	9	word	f9r$"gOts
förgöres	9	word	f9r$"j2:$res
förhuset	9	word	
förhäver	9	word	f9r$"hE:$ver
förhöll	9	word	f9r$"h9l
förkunnen	9	word	
förlåtna	9	word	
förmaning	9	word	f9r$"mA:$nIN
förnekat	9	word	f9$"n`e:$kat
förnummit	9	word	f9$"n`u0$mIt
förnya	9	word	f9$"n`y:$a
förordnade	9	word	f9r$"o:d`$n`a$de
förordning	9	word	f9r$"o:d`$n`IN
försagd	9	word	f9$"s`agd
försagda	9	word	f9$"s`ag$da
förskjuta	9	word	f9r$"x\}:$ta
förskjutit	9	word	f9r$"x\}:$tIt
försorg	9	word	f9$"s`Orj
förstrött	9	word	f9$"s`t`r9t
försynda	9	word	f9$"s`y:n$da
försöka	9	word	f9$"s`2:$ka
förtjänade	9	word	f9r$"s'E:$na$de
förutsagt	9	word	
förvandla	9	word	f9r$"vand$la
förvarat	9	word	f9r$"vA:$rat
förvillade	9	word	f9r$"vI$la$de
föröda	9	word	f9r$"2:$da
förökar	9	word	f9r$"2:$kar
föröken	9	word	
gagnar	9	word	""gaN$nar
gingen	9	word	
gisslan	9	word	""jI$slan
glädjen	9	word	""glE:d$jen
gossens	9	word	""gO$sens
gravarna	9	word	""grA:$va$n`a
grenarna	9	word	""gre:$na$n`a
gripit	9	word	""gri:$pIt
gudlösa	9	word	""g}:d$%l2:$sa
gäster	9	word	""jE$ster
gårdarna	9	word	""go:$d`a$n`a
gåvos	9	word	
gödda	9	word	
hala	9	word	""hA:$la
havsdjupet	9	word	""hafs$%j}:$pet
hebreisk	9	word	he$"bre:$Isk
helgedomar	9	word	""hEl$ge$%dU$mar
hemligt	9	word	""hEm$lIkt
hemsökelsens	9	word	""hEm$%s2:$kel$sens
hemsöker	9	word	""hEm$%s2:$ker
herden	9	word	""he:$d`en
hinder	9	word	"hIn$der
hitut	9	word	
hjul	9	word	"j}:l
homer	9	word	
huvudbindel	9	word	
huvudhår	9	word	""h}:$vu0d$%ho:r
hårdnackat	9	word	""ho:d`$%n`a$kat
högmodigt	9	word	""h2:g$%mu:$dIkt
höljt	9	word	"h9ljt
hörd	9	word	"h2:d`
hövdingdömena	9	word	
inbördes	9	word	
innanför	9	word	
innehåll	9	word	""I$ne$%hOl
intagen	9	word	""In$%tA:$gen
inälvor	9	word	""I$%nEl$vUr
jublade	9	word	""j}:$bla$de
juden	9	word	""j}:$den
järnet	9	word	"jE:$n`et
kananéer	9	word	
keretéerna	9	word	
keruben	9	word	s'e$"r}:$ben
kinden	9	word	"s'In$den
klipporna	9	word	""klI$pU$n`a
knapp	9	word	"knap
konungsliga	9	word	kO$"nu0N$slI$ga
kopparaltaret	9	word	
korer	9	word	"ku:$rer
korta	9	word	""kO$t`a
kos	9	word	"ku:s
krans	9	word	"krA:ns
krigare	9	word	""kri:$ga$re
kroppens	9	word	"krO$pens
kunniga	9	word	""ku0$nI$ga
kvad	9	word	
lades	9	word	""lA:$des
lejt	9	word	"lEjt
leret	9	word	"le:$ret
likaväl	9	word	li:$ka$"vE:l
likhet	9	word	""li:k$%he:t
liknande	9	word	""li:$knan$de
liljor	9	word	""lIl$jUr
lit	9	word	"li:t
lita	9	word	""li:$ta
ljusstakarna	9	word	""j}:s$%stA:$ka$n`a
lukten	9	word	"lu0k$ten
lutade	9	word	""l}:$ta$de
lykta	9	word	""lYk$ta
lyssnat	9	word	""lY$snat
längden	9	word	"lEN$den
läran	9	word	""lE:$ran
lån	9	word	"lo:n
låna	9	word	""lo:$na
lönen	9	word	"l2:$nen
löper	9	word	"l2:$per
mana	9	word	""mA:$na
medelst	9	word	"me:$delst
minste	9	word	""mIn$ste
misshandling	9	word	
modern	9	word	mU$"dE:n`
mätsnöre	9	word	
nacken	9	word	""na$ken
nasir	9	word	na$"si:r
nattens	9	word	"na$tens
naturen	9	word	na$"t}:$ren
naturliga	9	word	na$"t}:r$l`I$ga
nogsamt	9	word	""nu:g$samt
norrifrån	9	word	"nOr$I$fro:n
nämna	9	word	""nEm$na
nämnt	9	word	"nEmnt
närhet	9	word	""nE:r$%he:t
nöja	9	word	""n9$ja
offergärdsområdet	9	word	
ofruktsamma	9	word	""u:$fru0kt$%sa$ma
omfattade	9	word	""Om$%fa$ta$de
omgiva	9	word	""O$%mji:$va
omkomma	9	word	""Om$%kO$ma
omkommo	9	word	
omringa	9	word	""Om$%rIN$a
områden	9	word	""Om$%ro:$den
omsider	9	word	Om$"si:$der
omsluter	9	word	""Om$%sl}:$ter
omvänt	9	word	""Om$%vEnt
orolig	9	word	""u:$%ru:$lIg
oskuld	9	word	""u:$%sku0ld
oskyldige	9	word	""u:$%x\Yl$dI$ge
ostraffligt	9	word	
ovantill	9	word	
ovännen	9	word	""u:$%vE$nen
oxarna	9	word	""Uk$sa$n`a
paddor	9	word	""pa$dUr
prat	9	word	"prA:t
profetia	9	word	prU$fet$""si:$a
profetians	9	word	prU$fet$""si:$ans
profetlärjungarna	9	word	
pung	9	word	"pu0N
påsk	9	word	"pOsk
raden	9	word	"rA:$den
renar	9	word	""re:$nar
rida	9	word	""ri:$da
rikligt	9	word	""ri:$klIkt
rullen	9	word	""ru0$len
rymma	9	word	""rY$ma
räddas	9	word	""rE$das
rättstjänarna	9	word	
rättvist	9	word	""rEt$%vi:st
rådslå	9	word	
saknar	9	word	""sA:$knar
sal	9	word	"sA:l
sannfärdig	9	word	""san$%fE:$d`Ig
scharlakan	9	word	x\ar$""l`A:$kan
sea	9	word	
sekreterare	9	word	se$kre$""te:$ra$re
ses	9	word	"se:s
signetring	9	word	sIN$""ne:t$%rIN
sist	9	word	"sIst
sjuke	9	word	""x\}:$ke
sjuttiofem	9	word	x\u0$tI$U$"fEm
sjuttiotvå	9	word	x\u0$tI$U$"tvo:
sjutton	9	word	""x\u0$tOn
skaka	9	word	""skA:$ka
skatten	9	word	"ska$ten
skattkammaren	9	word	""skat$%ka$ma$ren
skenet	9	word	"x\e:$net
skickliga	9	word	""x\I$klI$ga
skidan	9	word	""x\i:$dan
skiljer	9	word	"x\Il$jer
skilt	9	word	"x\Ilt
skjutas	9	word	""x\}:$tas
skorven	9	word	"skOr$ven
skria	9	word	""skri:$a
skrymteri	9	word	skrYm$te$"ri:
skönaste	9	word	""x\2:$na$ste
slaktar	9	word	""slak$tar
slöja	9	word	""sl9$ja
smorda	9	word	""smu:$d`a
snabba	9	word	""sna$ba
sorgesång	9	word	""sOr$je$%sON
sprida	9	word	""spri:$da
spärrar	9	word	""spE$rar
spådomar	9	word	""spo:$%dU$mar
stadier	9	word	"stA:$dI$er
stannar	9	word	""sta$nar
stormvinden	9	word	""stOrm$%vIn$den
stämde	9	word	""stEm$de
stämma	9	word	""stE$ma
stängd	9	word	"stENd
stödde	9	word	""st9$de
stöder	9	word	"st2:$der
störtat	9	word	""st9$t`at
synagogor	9	word	""sy:$na$%gu:$gUr
syndig	9	word	""sYn$dIg
syndoffersbock	9	word	
sysslorna	9	word	""sY$slU$n`a
systers	9	word	""sY$stes`
sämre	9	word	
sådde	9	word	""sO$de
sången	9	word	"sON$en
sårade	9	word	""so:$ra$de
tacken	9	word	"ta$ken
tecknen	9	word	"tE$knen
teg	9	word	"te:g
telning	9	word	""te:l$nIN
tempelkamrarna	9	word	
tidsålders	9	word	""ti:ds$%Ol$des`
tillfogade	9	word	""tIl$%fu:$ga$de
tillslutit	9	word	""tIl$%sl}:$tIt
tjugonde	9	word	""s'}:$gOn$de
tjugufemte	9	word	
tjuven	9	word	"s'}:$ven
trakt	9	word	"trakt
trappsteg	9	word	""trap$%ste:g
trefalt	9	word	""tre:$%falt
trettiofem	9	word	tre$tI$U$"fEm
trettiosju	9	word	tre$tI$U$"x\}:
trolldom	9	word	""trOl$%dUm
trädgården	9	word	"trE$go:$d`en
trätor	9	word	""trE:$tUr
tröskar	9	word	""tr9$skar
tuktat	9	word	
turturduvor	9	word	""tu0$t`u0$%d`}:$vUr
tvår	9	word	"tvo:r
tyngre	9	word	"tYN$re
törsta	9	word	""t9$s`t`a
undersöka	9	word	""u0n$de$%s`2:$ka
undfly	9	word	""u0nd$%fly:
unna	9	word	""u0$na
uppgav	9	word	""u0p$%gA:v
uppgång	9	word	""u0p$%gON
upphör	9	word	""u0p$%h2:r
uppifrån	9	word	
uppriktigt	9	word	""u0p$%rIk$tIkt
uppror	9	word	""u0p$%ru:r
utbreder	9	word	""}:t$%bre:$der
utfärdat	9	word	""}:t$%fE:$d`at
utgjutet	9	word	""}:t$%j}:$tet
utifrån	9	word	
utlämna	9	word	""}:t$%lEm$na
utlämnade	9	word	""}:t$%lEm$na$de
utplånas	9	word	""}:t$%plo:$nas
utplånat	9	word	""}:t$%plo:$nat
uträckta	9	word	
uträckte	9	word	""}:t$%rEk$te
utsaga	9	word	""}:t$%sA:$ga
utseendet	9	word	""}:t$%se:$en$det
utsläcka	9	word	""}:t$%slE$ka
utsänd	9	word	""}:t$%sEnd
vanmäktig	9	word	""vA:n$%mEk$tIg
varde	9	word	""vA:$d`e
varthelst	9	word	vat`$"hElst
vattnar	9	word	""vat$nar
verkat	9	word	""vEr$kat
villiga	9	word	""vI$lI$ga
vingårdarna	9	word	""vi:N$%go:$d`a$n`a
vintern	9	word	"vIn$ten`
visen	9	word	""vi:$sen
vredens	9	word	"vre:$dens
vredgades	9	word	
vrånga	9	word	""vrON$a
vrånghet	9	word	""vrON$%he:t
välsignelsen	9	word	vEl$"sIN$nel$sen
välsignelser	9	word	vEl$"sIN$nel$ser
vänskapen	9	word	""vEn$%skA:$pen
Ären	9	word	
äldsta	9	word	""El$sta
ämne	9	word	""Em$ne
ådrager	9	word	
åtrå	9	word	""o:$%tro:
ödelagd	9	word	""2:$de$%lagd
örat	9	word	""2:$rat
övergå	9	word	""2:$ver$%go:
övermodige	9	word	""2:$ver$%mu:$dI$ge
övermorgon	9	word	""2:$ver$%mOr$gOn
övertala	9	word	""2:$ve$%t`A:$la
överträtt	9	word	""2:$ve$%t`rEt
övervunnit	9	word	""2:$ver$%vu0$nIt
Abdon	8	name	
Abinadab	8	name	
Abiram	8	name	
Afek	8	name	
Agag	8	name	
Ajalon	8	name	
Akiakar	8	name	
Allasammans	8	word	
Ana	8	word	""a$na
Andes	8	word	""an$des
Arams	8	name	
Arnons	8	name	
Artasastas	8	name	
Asaja	8	name	
Aven	8	name	""A:$ven
Bed	8	word	"be:d
Berekja	8	name	
Bergen	8	word	"bEr$gen
Betlehem	8	name	""bEt$le$%hEm
Betuel	8	name	
Bikris	8	name	
Bilha	8	name	
Bliven	8	word	
Bär	8	word	"bE:r
Bären	8	word	"bE:$ren
Böj	8	word	"b9j
Cyrene	8	name	
Dagons	8	name	
Drick	8	word	"drIk
Driv	8	word	"dri:v
Dömen	8	word	
Ebal	8	name	
Edrei	8	name	
Ela	8	name	
Elifelet	8	name	
Eljest	8	word	""El$jest
Eljoenai	8	name	
Emellertid	8	word	e$"mE$le$t`i:d
Enos	8	name	
Evige	8	word	""e:$vI$ge
Fastän	8	word	"fa$stEn
Flyn	8	word	"fly:n
Fräls	8	word	"frEls
Frågen	8	word	
Förstår	8	word	f9$"s`t`o:r
Gabael	8	name	
Gilboa	8	name	
Gläd	8	word	"glE:d
Hilkias	8	name	
Himmelen	8	word	""hI$me$len
Hjälp	8	word	"jElp
Härefter	8	word	"hE:r$ef$ter
Idumeen	8	name	
Inför	8	word	In$"f2:r
Jafet	8	name	
Jahas	8	name	
Jahat	8	name	
Jakin	8	name	
Jerubbaals	8	name	
Jishar	8	name	
Josafats	8	name	
Jotams	8	name	
Jämren	8	word	
Kebar	8	name	
Kemos	8	name	
Kidrons	8	name	
Kisleu	8	name	
Kornelius	8	name	kU$"n`e:$lI$u0s
Leas	8	name	""le:$as
Leve	8	name	""le:$ve
Lo	8	name	"lu:
Lots	8	name	"lUts
Lus	8	name	"l}:s
Mamre	8	name	
Markus	8	name	"mar$ku0s
Mattitja	8	name	
Meribas	8	name	
Mesek	8	name	
Människosonens	8	name	""mE$nI$x\U$%so:$nens
Måste	8	word	""mO$ste
Naama	8	name	
Nabals	8	name	
Nabots	8	name	
Naheson	8	name	
Ofra	8	name	
Onan	8	name	""u:$nan
Ornan	8	name	
Peka	8	name	""pe:$ka
Profeten	8	word	prU$"fe:$ten
Prästerna	8	word	""prE$ste$n`a
Rakels	8	name	"rA:$kels
Rehum	8	name	
Resin	8	name	re$"si:n
Sabad	8	name	
Sackur	8	name	
Samla	8	word	""sam$la
Sefanja	8	name	
Sefatja	8	name	
Selofhads	8	name	
Serebja	8	name	
Sikri	8	name	
Simea	8	name	
Slutligen	8	word	""sl}:t$lI$gen
Ställ	8	word	"stEl
Sunem	8	name	
Us	8	name	
Vaken	8	word	""vA:$ken
Vasti	8	name	"va$stI
Vore	8	word	""vu:$re
allra	8	word	""al$ra
alltigenom	8	word	alt$I$"je:$nOm
anförde	8	word	""an$%f2:$d`e
angav	8	word	""aN$%gA:v
angrepp	8	word	""aN$grep
anstiftade	8	word	""an$%stIf$ta$de
arameiska	8	word	a$ra$"me:$I$ska
arbetare	8	word	""ar$%be:$ta$re
arbetspliktiga	8	word	
arvslotter	8	word	""arvs$%lO$ter
avhålla	8	word	""A:v$%hO$la
avhåller	8	word	""A:v$%hO$ler
axelstycken	8	word	""ak$sel$%stY$ken
barnaföderskas	8	word	""bA:$n`a$%f2:$de$s`kas
barnsnöd	8	word	
bedrövat	8	word	be$"dr2:$vat
befunnen	8	word	be$"fu0$nen
behandla	8	word	be$"hand$la
beredd	8	word	be$"rEd
beröva	8	word	be$"r2:$va
berövade	8	word	be$"r2:$va$de
betogs	8	word	be$"tu:gs
betydelse	8	word	be$"ty:$del$se
betänk	8	word	be$"tENk
bevaka	8	word	be$"vA:$ka
bjudet	8	word	""bj}:$det
björn	8	word	"bj2:n`
blodshämnaren	8	word	
brokigt	8	word	""bru:$kIkt
brytas	8	word	""bry:$tas
brännande	8	word	""brE$nan$de
bröllop	8	word	""br9$lOp
buken	8	word	"b}:$ken
bundo	8	word	""bu0n$dU
bädd	8	word	"bEd
båtar	8	word	""bo:$tar
böcker	8	word	"b9$ker
ceder	8	word	"se:$der
cypress	8	word	sY$"prEs
daggen	8	word	"da$gen
degen	8	word	"de:$gen
delaktighet	8	word	""de:l$ak$tIg$%he:t
dop	8	word	"du:p
doppa	8	word	""dO$pa
drick	8	word	"drIk
dristade	8	word	""drI$sta$de
drives	8	word	
drogen	8	word	"dro:$gen
dröjde	8	word	""dr9j$de
dyn	8	word	"dy:n
dyrkas	8	word	""dYr$kas
därute	8	word	dE:r$""}:$te
döper	8	word	"d2:$per
döpt	8	word	"d2:pt
döpte	8	word	""d2:p$te
dörrposterna	8	word	""d9r$%pO$ste$n`a
egyptisk	8	word	e$"jYp$tIsk
evärdliga	8	word	e$"vE:d`$l`I$ga
evärdligt	8	word	e$"vE:d`$l`Ikt
fagra	8	word	""fA:$gra
faran	8	word	""fA:$ran
farisé	8	word	fa$rI$"se:
fetma	8	word	""fEt$ma
flicka	8	word	""flI$ka
fläkt	8	word	"flE:kt
folkmängden	8	word	""fOlk$%mEN$den
fortfara	8	word	""fUt`$%fA:$ra
fortsätta	8	word	""fUt`$%s`E$ta
foster	8	word	"fU$ster
framförde	8	word	""fram$%f2:$d`e
fredligt	8	word	
freds	8	word	"fre:ds
frestade	8	word	""frE$sta$de
friden	8	word	"fri:$den
fridsam	8	word	""fri:d$%sam
frågor	8	word	""fro:$gUr
frånskilja	8	word	""fro:n$%x\Il$ja
fröjde	8	word	
fyrfalt	8	word	""fy:r$falt
fyrfaten	8	word	
fägring	8	word	""fE:$grIN
fäller	8	word	"fE$ler
förbannat	8	word	f9r$"ba$nat
förbindelse	8	word	f9r$"bIn$del$se
förbinder	8	word	""f2:r$%bIn$der
förenade	8	word	f9r$"e:$na$de
förfallet	8	word	f9r$"fa$let
förfaren	8	word	f9r$"fA:$ren
förfäras	8	word	f9r$"fE:$ras
förföljt	8	word	f9r$"f9ljt
förförelse	8	word	f9r$"f2:$rel$se
förgicks	8	word	f9r$"jIks
förklarade	8	word	f9r$"klA:$ra$de
förläna	8	word	f9$"l`E:$na
förlänade	8	word	f9$"l`E:$na$de
förlänar	8	word	f9$"l`E:$nar
förmaningens	8	word	f9r$"mA:$nIN$ens
förmått	8	word	f9r$"mOt
förordna	8	word	f9r$"o:d`$n`a
förråder	8	word	f9r$"ro:$der
församlas	8	word	f9$"s`am$las
förse	8	word	f9$"s`e:
förseglade	8	word	f9$"s`e:$gla$de
förskyllt	8	word	
försköt	8	word	f9r$"x\2:t
försmäktande	8	word	f9$"s`mEk$tan$de
förstföddes	8	word	
förstockat	8	word	f9$"s`t`O$kat
förståndiges	8	word	f9$"s`t`On$dI$ges
förståndigt	8	word	f9$"s`t`On$dIkt
förstörd	8	word	
försvinner	8	word	f9$"s`vI$ner
förtorkade	8	word	f9$"t`Or$ka$de
förtryckare	8	word	f9$"t`rY$ka$re
förtröttas	8	word	f9$"t`r9$tas
förtäljt	8	word	f9$"t`Eljt
förvända	8	word	f9r$"vEn$da
förvärvar	8	word	f9r$"vEr$var
förökas	8	word	f9r$"2:$kas
förövat	8	word	f9r$"2:$vat
gatiten	8	word	
genomborrade	8	word	""je:$nOm$%bO$ra$de
genomgå	8	word	""je:$nOm$%go:
gensträvighet	8	word	""je:n$strE:$vIg$%he:t
get	8	word	"je:t
gethår	8	word	""je:t$%ho:r
gnat	8	word	"gnA:t
granatäpplena	8	word	gra$""nA:t$%E$ple$na
grundval	8	word	""gru0nd$%vA:l
gräva	8	word	""grE:$va
grönt	8	word	"gr2:nt
gästabudet	8	word	""jE$sta$%b}:$det
gående	8	word	""go:$en$de
gåven	8	word	
gömda	8	word	""j9m$da
gördel	8	word	""j2:$d`el
hagelstenar	8	word	
halt	8	word	"halt
hatat	8	word	""hA:$tat
hjordarna	8	word	""ju:$d`a$n`a
hoppa	8	word	""hO$pa
hornet	8	word	"hu:$n`et
hull	8	word	"hu0l
hundrafalt	8	word	""hu0n$dra$%falt
hungrige	8	word	""hu0N$rI$ge
hunno	8	word	
huvudgärd	8	word	""h}:$vu0d$%jE:d`
hysa	8	word	""hy:$sa
hädat	8	word	""hE:$dat
hädelser	8	word	""hE:$del$ser
hämnare	8	word	""hEm$na$re
hämndens	8	word	"hEmn$dens
häpen	8	word	""hE:$pen
härigenom	8	word	"hE:r$I$je:$nOm
härskaren	8	word	""hE$s`ka$ren
härstammade	8	word	""hE:$%s`t`a$ma$de
hästen	8	word	"hE$sten
hätska	8	word	""hEt$ska
högmodiga	8	word	""h2:g$%mu:$dI$ga
högtidsförsamling	8	word	
hörsammat	8	word	""h2:$%s`a$mat
hövdingdömet	8	word	
ihjälrivet	8	word	
inemot	8	word	In$e$"mu:t
inföding	8	word	""In$%f2:$dIN
innestängd	8	word	""I$ne$%stENd
inse	8	word	""In$%se:
inseglet	8	word	""In$%se:$glet
ivrigare	8	word	""i:$vrI$ga$re
jordkretsen	8	word	
kaldéer	8	word	kal$"de:$er
kallen	8	word	"ka$len
kamrar	8	word	""kam$rar
kastades	8	word	""ka$sta$des
kerub	8	word	s'e$"r}:b
killingar	8	word	""s'I$lIN$ar
klappar	8	word	""kla$par
knorra	8	word	""knO$ra
konst	8	word	"kOnst
konster	8	word	""kOn$ster
konungasonen	8	word	
konungavälde	8	word	
kopparen	8	word	
kraften	8	word	"kraf$ten
krafter	8	word	""kraf$ter
krigshär	8	word	""krIks$%hE:r
krigshövitsmän	8	word	
krok	8	word	"kru:k
kronan	8	word	""kru:$nan
kropparna	8	word	""krO$pa$n`a
kränkte	8	word	"krENk$te
kungören	8	word	
kyss	8	word	"s'Ys
kärt	8	word	"s'E:t`
kärvar	8	word	""s'Er$var
kåpa	8	word	""ko:$pa
köpmän	8	word	""s'2:p$%mEn
köttsliga	8	word	""s'9t$slI$ga
laggärningar	8	word	
lagkloke	8	word	""lA:g$%klu:$ke
lame	8	word	""lA:$me
landsman	8	word	""lands$%man
landsträckan	8	word	""land$%strE$kan
lejonen	8	word	""lE$jO$nen
lejonens	8	word	""lE$jO$nens
liknas	8	word	""li:$knas
listiga	8	word	""lI$stI$ga
livklädnaden	8	word	""li:v$%klE:d$na$den
ljuger	8	word	"j}:$ger
ljusets	8	word	"j}:$sets
lurar	8	word	""l}:$rar
lustar	8	word	""lu0$star
lydelse	8	word	""ly:$del$se
längs	8	word	"lENs
lättare	8	word	""lE$ta$re
lårstycket	8	word	
löftesord	8	word	
lösas	8	word	""l2:$sas
lösningen	8	word	""l2:$snIN$en
malm	8	word	"malm
malört	8	word	""mA:l$%9t`
manskapet	8	word	""man$%skA:$pet
marks	8	word	"marks
midnattstiden	8	word	
mogen	8	word	""mu:$gen
motvilja	8	word	""mu:t$%vIl$ja
människohand	8	word	""mE$nI$x\U$%hand
målet	8	word	"mo:$let
måltiden	8	word	""mo:l$%ti:$den
mödar	8	word	""m2:$dar
mödor	8	word	""m2:$dUr
nedgöra	8	word	
netofatiten	8	word	
nittio	8	word	""nI$tI$U
nitälskande	8	word	""ni:t$%El$skan$de
nyktra	8	word	""nYk$tra
närmade	8	word	""nEr$ma$de
närvarande	8	word	""nE:r$%vA:$ran$de
någonstädes	8	word	""no:$gOn$%stE:$des
odödlighet	8	word	""u:$d2:d$lIg$%he:t
oförgänglighet	8	word	
ohelgat	8	word	
oket	8	word	"u:$ket
omgiven	8	word	""Om$%ji:$ven
omhängena	8	word	""Om$%hEN$e$na
omringade	8	word	""Om$%rIN$a$de
omvänder	8	word	""Om$%vEn$der
ondskan	8	word	""Und$skan
ordets	8	word	"u:$d`ets
orättfärdigheten	8	word	""u:$rEt$fE:$d`Ig$%he:$ten
oväder	8	word	""u:$%vE:$der
pelaren	8	word	""pe:$la$ren
persiske	8	word	"pE$s`I$ske
pesten	8	word	"pE$sten
pilen	8	word	"pi:$len
plågad	8	word	
plågan	8	word	""plo:$gan
profeterat	8	word	
präktig	8	word	""prEk$tIg
präktiga	8	word	""prEk$tI$ga
prästadömet	8	word	""prE$sta$%d9$met
prästens	8	word	"prE$stens
prövade	8	word	""pr2:$va$de
pålade	8	word	""po:$la$de
påträffades	8	word	""po:$%trE$fa$des
rafaéerna	8	word	
riklig	8	word	""ri:$klIg
riset	8	word	"ri:$set
romerska	8	word	"rU$me$s`ka
rotade	8	word	""ru:$ta$de
ruinerna	8	word	r}:$"i:$ne$n`a
räck	8	word	"rEk
räddare	8	word	""rE$da$re
rädes	8	word	
rådförde	8	word	
råkat	8	word	""ro:$kat
röjt	8	word	"r9jt
röster	8	word	""r9$ster
rötterna	8	word	"r9$te$n`a
sabbaterna	8	word	"sa$ba$te$n`a
salen	8	word	"sA:$len
salva	8	word	""sal$va
samlen	8	word	
sammansvurit	8	word	
sand	8	word	"sand
sannskyldig	8	word	""san$%x\Yl$dIg
schakaler	8	word	x\a$"kA:$ler
seende	8	word	""se:$en$de
segern	8	word	"se:$gen`
sextiotvå	8	word	sek$stI$U$"tvo:
sidonierna	8	word	
signetringar	8	word	sIN$""ne:t$%rIN$ar
sjöng	8	word	"x\9N
skapar	8	word	""skA:$par
skild	8	word	"x\Ild
skilda	8	word	""x\Il$da
skiljebrev	8	word	
skogens	8	word	"sku:$gens
skovlarna	8	word	
skrevo	8	word	
skrivelsen	8	word	""skri:$vel$sen
skydda	8	word	""x\Y$da
skymfligt	8	word	""x\Ym$flIkt
skändligt	8	word	""x\End$lIkt
skänkte	8	word	""x\ENk$te
skådat	8	word	""sko:$dat
slaktat	8	word	""slak$tat
slutade	8	word	""sl}:$ta$de
smälta	8	word	""smEl$ta
snarare	8	word	""snA:$ra$re
snärja	8	word	""snEr$ja
snår	8	word	"sno:r
spar	8	word	"spA:r
spara	8	word	""spA:$ra
spenabarn	8	word	""spe:n$%bA:n`
späka	8	word	""spE:$ka
stads	8	word	"stA:ds
stenhop	8	word	
stolparna	8	word	""stOl$pa$n`a
stormverktyg	8	word	
stränga	8	word	""strEN$a
ståndaktigt	8	word	""stOn$%dak$tIkt
summa	8	word	""su0$ma
svinen	8	word	"svi:$nen
syndernas	8	word	""sYn$de$n`as
säkra	8	word	""sE:$kra
sänden	8	word	
sändes	8	word	""sEn$des
sättes	8	word	
sålda	8	word	""sOl$da
tagna	8	word	""tA:$gna
tappraste	8	word	""ta$pra$ste
teckna	8	word	""tE$kna
tedde	8	word	""tE$de
tegel	8	word	"te:$gel
tidigt	8	word	""ti:$dIkt
tillfogat	8	word	""tIl$%fu:$gat
tillfriskna	8	word	""tIl$%frIs$kna
tillfället	8	word	""tIl$%fE$let
tillsluten	8	word	
tillstånd	8	word	""tIl$%stOnd
tilltalade	8	word	""tIl$%tA:$la$de
timmermän	8	word	""tI$mer$%mEn
tjock	8	word	"s'Ok
tjugunio	8	word	
tjugusju	8	word	s'}:$gU$"x\}:
tjugutredje	8	word	
tjurarna	8	word	""s'}:$ra$n`a
tomhet	8	word	""tUm$%he:t
trampar	8	word	""tram$par
trettiotre	8	word	tre$tI$U$"tre:
trodden	8	word	
trogne	8	word	""tru:$gne
trälinnor	8	word	trE$""lI$nUr
trängtan	8	word	""trEN$tan
tvagit	8	word	
tvistade	8	word	""tvI$sta$de
tvång	8	word	"tvON
tänderna	8	word	"tEn$de$n`a
tänkesätt	8	word	""tEN$ke$%sEt
tågande	8	word	
undervisat	8	word	""u0n$der$%vi:$sat
undfår	8	word	""u0nd$%fo:r
uppbrända	8	word	
uppbyggd	8	word	
uppfyller	8	word	""u0p$%fY$ler
uppgivit	8	word	""u0p$%ji:$vIt
uppkallade	8	word	""u0p$%ka$la$de
upprättar	8	word	""u0p$%rE$tar
upprörd	8	word	""u0p$%r2:d`
uppskrivna	8	word	
uppstodo	8	word	
upptagna	8	word	""u0p$%tA:$gna
urim	8	word	
utbad	8	word	""}:t$%bA:d
utbyte	8	word	""}:t$%by:$te
utsatt	8	word	""}:t$%sat
utskickade	8	word	""}:t$%x\I$ka$de
utspänt	8	word	""}:t$%spEnt
utstått	8	word	""}:t$%stOt
utsäde	8	word	""}:t$%sE:$de
utvald	8	word	""}:t$%vA:ld
vakar	8	word	""vA:$kar
val	8	word	"vA:l
vanartig	8	word	""vA:n$%A:$t`Ig
vanmakt	8	word	""vA:n$%makt
vanära	8	word	""vA:$%nE:$ra
vassen	8	word	"va$sen
vattnade	8	word	""vat$na$de
vedermödor	8	word	""ve:$der$%m2:$dUr
vems	8	word	"vEms
vetet	8	word	""ve:$tet
vik	8	word	"vi:k
viken	8	word	"vi:$ken
vikten	8	word	"vIk$ten
virke	8	word	""vIr$ke
vissla	8	word	""vI$sla
vissnade	8	word	""vI$sna$de
vist	8	word	"vi:st
vränga	8	word	""vrEN$a
vrångt	8	word	"vrONt
vägnar	8	word	""vE:$gnar
väktaren	8	word	""vEk$ta$ren
väktarna	8	word	""vEk$ta$n`a
väldighet	8	word	""vEl$dIg$%he:t
välja	8	word	""vEl$ja
välsignen	8	word	
vändas	8	word	""vEn$das
väns	8	word	"vE:ns
väsendes	8	word	"vE:$sen$des
väsendet	8	word	"vE:$sen$det
våga	8	word	""vo:$ga
Öppna	8	word	""9p$na
änkans	8	word	""EN$kans
åkerstycke	8	word	
åligganden	8	word	""o:$%lI$gan$den
åsninnorna	8	word	o:$""snI$nU$n`a
åstundan	8	word	""o:$%stu0n$dan
återigen	8	word	"o:$ter$I$jen
återkommit	8	word	""o:$ter$%kO$mIt
återstår	8	word	""o:$te$%s`t`o:r
ödemarker	8	word	""2:$de$%mar$ker
öknens	8	word	"2:$knens
östanvinden	8	word	""9$stan$%vIn$den
överföll	8	word	""2:$ver$%f9l
övergivna	8	word	""2:$ver$%ji:v$na
övergått	8	word	""2:$ver$%gOt
överhovmästaren	8	word	
överlade	8	word	""2:$ve$%l`A:$de
överlämnar	8	word	""2:$ve$%l`Em$nar
översteprästämbetet	8	word	
översvämmande	8	word	""2:$ve$%s`vE$man$de
Abib	7	name	
Abrams	7	name	
Ada	7	name	""A:$da
Adaja	7	name	
Ahinoam	7	name	
Akan	7	name	"A:$kan
Ammihuds	7	name	
Amminadab	7	name	
Anaks	7	name	
Andronikus	7	name	
Arba	7	name	
Arjok	7	name	
Artasasta	7	name	
Asarel	7	name	
Aseka	7	name	
Basans	7	name	
Basemat	7	name	
Beelsebul	7	name	
Beria	7	name	
Betsaida	7	name	
Betänk	7	word	be$"tENk
Bosra	7	name	
Dåren	7	word	""do:$ren
Edna	7	name	""e:d$na
Elams	7	name	
Eliabs	7	name	
Elim	7	name	
Elis	7	name	"e:$lIs
Elisas	7	name	e$""li:$sas
Eljasibs	7	name	
Elon	7	name	"e:$lOn
Esjon	7	name	
Estaol	7	name	
Etam	7	name	
Etan	7	name	e$"tA:n
Eufrat	7	name	"e:$u0$frat
Evad	7	word	
Fem	7	word	"fEm
Fråga	7	word	""fro:$ga
Före	7	word	""f2:$re
Galaaditis	7	name	
Gerson	7	name	
Gesur	7	name	
Gott	7	word	"gOt
Habackuk	7	name	
Hadadeser	7	name	
Hams	7	name	"hams
Hanani	7	name	
Harims	7	name	
Havila	7	name	
Heber	7	name	
Hefer	7	name	
Helig	7	word	""he:$lIg
Iddo	7	name	
Innan	7	word	""I$nan
Ittai	7	name	
Jarmut	7	name	
Javan	7	name	""jA:$van
Jebus	7	name	
Jeremot	7	name	
Jerimot	7	name	
Jordanslätten	7	name	
Judarna	7	word	""j}:$da$n`a
Karmi	7	name	
Köp	7	word	"s'2:p
Lehems	7	name	
Lysimakus	7	name	
Makirs	7	name	
Maon	7	name	
Menahem	7	name	
Merajot	7	name	
Nahors	7	name	
Natanael	7	name	na$""tA:$na$el
Neftalims	7	name	
Oholibama	7	name	
Peleg	7	name	
Penuel	7	name	
Prästen	7	word	"prE$sten
Refaimsdalen	7	name	
Reguel	7	name	
Rättfärdighet	7	word	""rEt$fE:$d`Ig$%he:t
Safans	7	name	
Salthavet	7	name	
Samuels	7	name	""sA:$mu0$els
Sebanja	7	name	
Selemja	7	name	
Seras	7	name	
Sippors	7	name	""sI$pUs`
Skolen	7	word	
Skriv	7	word	"skri:v
Skåda	7	word	""sko:$da
Smorde	7	word	""smu:$d`e
Soko	7	name	
Stefanus	7	name	
Står	7	word	"sto:r
Svara	7	word	""svA:$ra
Sätten	7	word	"sE$ten
Taanak	7	name	
Tarsus	7	name	
Tofet	7	name	
Uri	7	name	
Vemhelst	7	word	vem$"hElst
Vems	7	word	"vEms
aga	7	word	""A:$ga
agg	7	word	"ag
altaroffret	7	word	
amma	7	word	""a$ma
andel	7	word	""an$%de:l
andevärldens	7	word	""an$de$%vE:$d`ens
angrepo	7	word	
angripne	7	word	""aN$%gri:p$ne
anklagad	7	word	
anropa	7	word	""an$%ru:$pa
anropade	7	word	""an$%ru:$pa$de
anser	7	word	""an$%se:r
apostlarnas	7	word	a$"pOst$la$n`as
armband	7	word	""arm$%band
askkärlen	7	word	
assyrierna	7	word	a$"sy:$rI$e$n`a
avfällingar	7	word	""A:v$%fE$lIN$ar
avgudadyrkare	7	word	
avsöndrade	7	word	""A:v$%s9n$dra$de
avundas	7	word	""A:$vu0n$das
avvant	7	word	""A:v$%vA:nt
balsam	7	word	""bal$sam
barmhärtige	7	word	barm$"hE$t`I$ge
basunljud	7	word	
basunljudet	7	word	
bedriver	7	word	be$"dri:$ver
befunnits	7	word	be$"fu0$nIts
befälhavarna	7	word	be$""fE:l$%hA:$va$n`a
begravit	7	word	
begravning	7	word	be$"grA:v$nIN
bekräftelse	7	word	be$"krEf$tel$se
bemäktigat	7	word	
benjaminit	7	word	
besinnade	7	word	be$"sI$na$de
beskärt	7	word	be$"x\E:t`
bespejat	7	word	
bespottelse	7	word	be$"spO$tel$se
beställt	7	word	be$"stElt
bestörtning	7	word	be$"st9t`$n`IN
besvärjare	7	word	be$"svEr$ja$re
betänka	7	word	be$"tEN$ka
betänker	7	word	be$"tEN$ker
bevaras	7	word	be$"vA:$ras
bitterhet	7	word	""bI$ter$%he:t
bjudna	7	word	
blodbad	7	word	""blu:d$%bA:d
blodsdåd	7	word	""blu:ds$%do:d
blomma	7	word	""blU$ma
blomstra	7	word	""blOm$stra
blygdes	7	word	""bly:g$des
bocken	7	word	"bO$ken
borden	7	word	"bu:$d`en
bordsgäster	7	word	""bu:d`s`$%jE$ster
borgar	7	word	""bOr$jar
borttaga	7	word	""bOt`$%t`A:$ga
borttagen	7	word	""bOt`$%t`A:$gen
bosatt	7	word	""bu:$%sat
brott	7	word	"brOt
bruden	7	word	"br}:$den
bruset	7	word	"br}:$set
bryt	7	word	"bry:t
brännoffersdjuret	7	word	
bränsle	7	word	""brEn$sle
bäckarna	7	word	""bE$ka$n`a
bältet	7	word	""bEl$tet
bävande	7	word	""bE:$van$de
bönen	7	word	"b2:$nen
damm	7	word	"dam
danad	7	word	""dA:$nad
deg	7	word	"de:g
deltaga	7	word	""de:l$%tA:$ga
djupets	7	word	"j}:$pets
domstol	7	word	""dUm$%stu:l
doppade	7	word	""dO$pa$de
draget	7	word	""drA:$get
drake	7	word	""drA:$ke
dugliga	7	word	""d}:$glI$ga
dyr	7	word	"dy:r
dyrkade	7	word	""dYr$ka$de
därin	7	word	dEr$"In
däruppe	7	word	dE:r$""u0$pe
dårarnas	7	word	""do:$ra$n`as
döv	7	word	"d2:v
edlig	7	word	""e:d$lIg
egyptiern	7	word	e$"jYpt$sI$en`
eldsglöd	7	word	
enahanda	7	word	""e:$na$%han$da
endast	7	word	""En$dast
etiopier	7	word	e$tI$"u:$pI$er
fatet	7	word	"fA:$tet
fattiges	7	word	""fa$tI$ges
femtiofyra	7	word	fem$tI$U$""fy:$ra
filistéer	7	word	fI$lI$"ste:$er
finaste	7	word	""fi:$na$ste
fisken	7	word	""fI$sken
floder	7	word	""flu:$der
flotta	7	word	""flO$ta
flykting	7	word	""flYk$tIN
flöden	7	word	""fl2:$den
fogade	7	word	""fu:$ga$de
formar	7	word	""fOr$mar
fotsida	7	word	""fu:t$%si:$da
fotspår	7	word	""fu:t$%spo:r
fotstyckena	7	word	
framburit	7	word	""fram$%b}:$rIt
framtill	7	word	""fram$%tIl
frossa	7	word	""frO$sa
fruktansvärde	7	word	""fru0k$tans$%vE:$d`e
fruktträd	7	word	""fru0kt$%trE:d
frånvarande	7	word	""fro:n$%vA:$ran$de
fula	7	word	""f}:$la
fullbordar	7	word	""fu0l$%bu:$d`ar
fullkomnad	7	word	""fu0l$%kOm$nad
fyller	7	word	"fY$ler
fäst	7	word	"fEst
fåfäng	7	word	""fo:$%fEN
fåkunnige	7	word	""fo:$%ku0$nI$ge
förbjudit	7	word	f9r$"bj}:$dIt
förbliven	7	word	f9r$"bli:$ven
förblivit	7	word	f9r$"bli:$vIt
förbrända	7	word	
förbrännas	7	word	f9r$"brE$nas
förbundna	7	word	f9r$"bu0nd$na
förbundsarken	7	word	
fördriver	7	word	f9$"d`ri:$ver
förekommit	7	word	""f2:$re$%kO$mIt
föres	7	word	""f2:$res
förfara	7	word	f9r$"fA:$ra
förfarna	7	word	f9r$"fA:$n`a
förfärdigade	7	word	f9r$"fE:$d`I$ga$de
förfärdigat	7	word	f9r$"fE:$d`I$gat
förgät	7	word	f9r$"jE:t
förhand	7	word	""f2:r$%hand
förhärjade	7	word	f9r$"hEr$ja$de
förhärjare	7	word	
förhärligade	7	word	f9r$"hE:$l`I$ga$de
förhör	7	word	f9r$"h2:r
förkunnare	7	word	f9r$"ku0$na$re
förliknas	7	word	
förlorar	7	word	f9$"l`u:$rar
förre	7	word	""f9$re
församlings	7	word	f9$"s`am$lINs
försedda	7	word	f9$"s`E$da
förskingras	7	word	f9r$"x\IN$ras
förskingrat	7	word	f9r$"x\IN$rat
förskräckelser	7	word	
förskräckes	7	word	f9$"s`krE$kes
förskräckte	7	word	f9$"s`krEk$te
försmäktade	7	word	f9$"s`mEk$ta$de
försmå	7	word	f9$"s`mo:
försmådd	7	word	
förstfödslorätt	7	word	""f9s`t`$f2:d$slU$%rEt
förstlingsfrukter	7	word	""f9s`t`$l`INs$%fru0k$ter
försvann	7	word	f9$"s`van
försvarade	7	word	f9$"s`vA:$ra$de
försyndelser	7	word	f9$"s`Yn$del$ser
försök	7	word	f9$"s`2:k
försökt	7	word	f9$"s`2:kt
förtrogen	7	word	f9$"t`ru:$gen
förtrycker	7	word	f9$"t`rY$ker
förtryckta	7	word	
förtrösten	7	word	
förtärda	7	word	f9$"t`E:$d`a
förtörnas	7	word	f9$"t`2:$n`as
förutan	7	word	f9r$""}:$tan
förvänt	7	word	f9r$"vEnt
förvärvade	7	word	f9r$"vEr$va$de
förödelsens	7	word	f9r$"2:$del$sens
genomborra	7	word	""je:$nOm$%bO$ra
getterna	7	word	"jE$te$n`a
gibeoniterna	7	word	
girighet	7	word	""ji:$rIg$%he:t
gissel	7	word	"jI$sel
gjorden	7	word	"ju:$d`en
gjutet	7	word	
glädjebudskap	7	word	""glE:d$je$b}:d$%skA:p
golv	7	word	"gOlv
gren	7	word	"gre:n
gripes	7	word	""gri:$pes
gruvliga	7	word	""gr}:v$lI$ga
grym	7	word	"grYm
grymma	7	word	""grY$ma
gryr	7	word	"gry:r
gräddmjölk	7	word	""grEd$%mj9lk
gräsmaskar	7	word	
gräver	7	word	"grE:$ver
grönskande	7	word	""gr9n$skan$de
gudfruktig	7	word	""g}:d$%fru0k$tIg
gudomliga	7	word	gu0$"dUm$lI$ga
gäck	7	word	"jEk
gåvan	7	word	""go:$van
göm	7	word	"j9m
halsar	7	word	""hal$sar
hammare	7	word	""ha$ma$re
handfull	7	word	""hand$%fu0l
hebréerna	7	word	he$"bre:$e$n`a
hebréernas	7	word	he$"bre:$e$n`as
helar	7	word	""he:$lar
herradöme	7	word	""hE$ra$%d9$me
hinner	7	word	"hI$ner
hjälten	7	word	""jEl$ten
hovmännen	7	word	""ho:v$%mE$nen
hovo	7	word	
huggna	7	word	
hulpen	7	word	""hu0l$pen
hurudana	7	word	h}:$ru0$"dA:$na
hurudant	7	word	h}:$ru0$"dant
hyllning	7	word	""hYl$nIN
hädanefter	7	word	""hE:$dan$%Ef$ter
hädiska	7	word	"hE:$dI$ska
häftig	7	word	""hEf$tIg
hämtad	7	word	
härens	7	word	"hE:$rens
härlighetens	7	word	""hE:$l`Ig$%he:$tens
hålles	7	word	""hO$les
hålor	7	word	""ho:$lUr
högfärd	7	word	""h2:g$%fE:d`
högljudda	7	word	""h2:g$%ju0$da
högtidsdräkter	7	word	""h9k$ti:ds$%drEk$ter
hövdes	7	word	""h2:v$des
infinna	7	word	""In$%fI$na
infördes	7	word	""In$%f2:$d`es
ingav	7	word	""IN$%gA:v
ingenstädes	7	word	""IN$en$%stE:$des
inkomster	7	word	""IN$%kOm$ster
innehåller	7	word	""I$ne$%hO$ler
inpå	7	word	In$"po:
inrättat	7	word	""In$%rE$tat
inviga	7	word	""In$%vi:$ga
invigt	7	word	""In$%vi:kt
invärtes	7	word	
inåt	7	word	
isop	7	word	"i:$sOp
israeliternas	7	word	Is$ra$e$"li:$te$n`as
israelitiska	7	word	Is$ra$e$"li:$tI$ska
jisreeliten	7	word	
jubelrop	7	word	""j}:$bel$%ru:p
jungfrun	7	word	""ju0N$fr}:n
jämförelse	7	word	""jEm$%f2:$rel$se
kammartärna	7	word	""ka$ma$%t`E:$n`a
kastskovel	7	word	""kast$%skO$vel
kittéernas	7	word	
koger	7	word	"ku:$ger
konungshusets	7	word	
korsfästas	7	word	""kOs`$%fE$stas
korsfäste	7	word	""kOs`$%fE$ste
kraftigt	7	word	""kraf$tIkt
kronor	7	word	""kru:$nUr
krukmakaren	7	word	""kr}:k$%mA:$ka$ren
kränka	7	word	""krEN$ka
kuva	7	word	""k}:$va
kyssa	7	word	""s'Y$sa
kämpat	7	word	""s'Em$pat
kärlekens	7	word	""s'E:$%l`e:$kens
köpen	7	word	"s'2:$pen
laga	7	word	""lA:$ga
lagda	7	word	""lag$da
lans	7	word	"lA:ns
larmsignal	7	word	""larm$sIN$%nA:l
lejonets	7	word	""lE$jO$nets
lek	7	word	"le:k
levit	7	word	le$"vi:t
levnadsår	7	word	""le:v$nats$%o:r
lie	7	word	""li:$e
liksidig	7	word	""li:k$%si:$dIg
lilja	7	word	""lIl$ja
lilla	7	word	""lI$la
linnekläderna	7	word	
ljusstake	7	word	""j}:s$%stA:$ke
ljust	7	word	"j}:st
loge	7	word	"lo:s`
lovar	7	word	""lu:$var
lovsången	7	word	""lo:v$%sON$en
lycklig	7	word	""lY$klIg
lydstäder	7	word	
läckerheter	7	word	""lE$ker$%he:$ter
lägrad	7	word	""lE:$grad
lägre	7	word	"lE:$gre
läkare	7	word	""lE:$ka$re
lämnen	7	word	
läror	7	word	""lE:$rUr
lågor	7	word	""lo:$gUr
lånar	7	word	""lo:$nar
lönndom	7	word	""l9n$%dUm
lösepenning	7	word	
löser	7	word	"l2:$ser
lövhyddor	7	word	""l2:v$%hY$dUr
minnes	7	word	""mI$nes
missunnsamt	7	word	""mI$su0n$%samt
modersskötet	7	word	""mu:$des`$%x\2:$tet
molnsky	7	word	
morgonrodnadens	7	word	""mOr$gOn$%ro:d$na$dens
mottog	7	word	""mu:t$%tu:g
mullen	7	word	"mu0$len
murpelarna	7	word	
mygg	7	word	"mYg
mättar	7	word	""mE$tar
mättas	7	word	""mE$tas
måne	7	word	""mo:$ne
mångfaldiga	7	word	""mON$%fal$dI$ga
mödrar	7	word	""m2:$drar
mönsterbild	7	word	""m9n$ster$%bIld
namngivna	7	word	""namn$%ji:v$na
nedåt	7	word	
nymånaderna	7	word	
nämnas	7	word	""nEm$nas
närhelst	7	word	nE:r$"hElst
näste	7	word	""nE$ste
nätterna	7	word	"nE$te$n`a
nådegåva	7	word	""no:$de$%go:$va
nödga	7	word	""n9d$ga
nödgade	7	word	""n9d$ga$de
obemärkt	7	word	""u:$be$%mErkt
obesmittad	7	word	""u:$be$%smI$tad
ofärds	7	word	""u:$%fE:d`s`
ogunst	7	word	
ogärning	7	word	""u:$%jE:$n`IN
oheligt	7	word	""u:$%he:$lIkt
olivplanteringar	7	word	
omskar	7	word	""Om$%skA:r
omstörtade	7	word	""Om$%st9$t`a$de
omvände	7	word	""Om$%vEn$de
orene	7	word	""u:$%re:$ne
otid	7	word	""u:$%ti:d
otillbörliga	7	word	""u:$tIl$%b2:$l`I$ga
otuktiga	7	word	""u:$%tu0k$tI$ga
ovanifrån	7	word	""o:$van$I$%fro:n
pelarhuvuden	7	word	
peletéerna	7	word	
platserna	7	word	""plat$se$n`a
plägat	7	word	""plE:$gat
plågare	7	word	""plo:$ga$re
plöja	7	word	""pl9$ja
plötslig	7	word	""pl9t$slIg
pretoriet	7	word	
prisat	7	word	""pri:$sat
prisgav	7	word	""pri:s$%gA:v
pryda	7	word	""pry:$da
prövat	7	word	""pr2:$vat
påbudet	7	word	""po:$%b}:$det
påminna	7	word	""po:$%mI$na
påsken	7	word	"pO$sken
påskhögtiden	7	word	""pOsk$h9k$%ti:$den
rafaéernas	7	word	
rakkniv	7	word	""rA:k$%kni:v
reden	7	word	""re:$den
redlig	7	word	""re:d$lIg
redligas	7	word	""re:d$lI$gas
res	7	word	"re:s
reskost	7	word	""re:s$%kOst
riglar	7	word	
rikets	7	word	""ri:$kets
riktade	7	word	""rIk$ta$de
riktning	7	word	""rIkt$nIN
ringhet	7	word	""rIN$%he:t
rinner	7	word	"rI$ner
romersk	7	word	"rU$mes`k
ropat	7	word	""ru:$pat
rost	7	word	"rOst
rostade	7	word	""rO$sta$de
rota	7	word	""ru:$ta
rulle	7	word	""ru0$le
rämnade	7	word	""rEm$na$de
ränsel	7	word	""rEn$sel
rätteligen	7	word	""rE$te$%li:$gen
råden	7	word	"ro:$den
röva	7	word	""r2:$va
rövade	7	word	""r2:$va$de
rövat	7	word	""r2:$vat
sades	7	word	""sA:$des
sakna	7	word	""sA:$kna
salvor	7	word	""sal$vUr
samlades	7	word	""sam$la$des
sammansvuro	7	word	
sargade	7	word	""sar$ja$de
seder	7	word	""se:$der
seglade	7	word	""se:$gla$de
sjukdomen	7	word	""x\}:k$%dU$men
sjungen	7	word	
sjunker	7	word	"x\u0N$ker
sjunkit	7	word	""x\u0N$kIt
sjuttonde	7	word	""x\u0$tOn$de
skapa	7	word	""skA:$pa
skapades	7	word	""skA:$pa$des
skapelse	7	word	""skA:$pel$se
skarpa	7	word	""skar$pa
skarpt	7	word	"skarpt
skicklig	7	word	""x\I$klIg
skiftar	7	word	""x\If$tar
skillnad	7	word	""x\Il$nad
skinande	7	word	""x\i:$nan$de
skinn	7	word	"x\In
skrifter	7	word	""skrIf$ter
skriven	7	word	""skri:$ven
skuldoffret	7	word	
skälvde	7	word	""x\Elv$de
skämmas	7	word	""x\E$mas
skäppan	7	word	""x\E$pan
skåden	7	word	
sköto	7	word	
slaget	7	word	""slA:$get
slagg	7	word	"slag
slagregn	7	word	""slA:g$%rENn
sluter	7	word	"sl}:$ter
slutna	7	word	""sl}:t$na
släktregistret	7	word	""slEkt$re$%jI$stret
slätt	7	word	"slEt
smak	7	word	"smA:k
smakade	7	word	""smA:$ka$de
smaragd	7	word	sma$"ragd
smältugnen	7	word	""smElt$%u0N$nen
smörjelseolja	7	word	
sot	7	word	"su:t
sovande	7	word	
spiran	7	word	""spi:$ran
spottade	7	word	""spO$ta$de
språk	7	word	"spro:k
spänner	7	word	"spE$ner
spå	7	word	"spo:
stadda	7	word	"sta$da
stamfamilj	7	word	
stammen	7	word	"sta$men
stentavlor	7	word	""ste:n$%tA:v$lUr
stode	7	word	
stortån	7	word	""stu:$%t`o:n
straffdom	7	word	""straf$%dUm
straffet	7	word	"stra$fet
streck	7	word	"strEk
stridens	7	word	"stri:$dens
stridsmännen	7	word	""strIts$%mE$nen
stridsvagnar	7	word	""strIts$%vaN$nar
strupe	7	word	""str}:$pe
stränghet	7	word	""strEN$%he:t
stumma	7	word	""stu0$ma
ställas	7	word	""stE$las
ståndaktiga	7	word	""stOnd$%ak$tI$ga
suckade	7	word	""su0$ka$de
svansen	7	word	"svan$sen
svarat	7	word	""svA:$rat
svett	7	word	"svEt
svängde	7	word	""svEN$de
svärdets	7	word	"svE:$d`ets
synderna	7	word	""sYn$de$n`a
sädesfält	7	word	""sE:$des$%fElt
säges	7	word	""sE$jes
sänkte	7	word	""sENk$te
säte	7	word	""sE:$te
sårad	7	word	
sönerna	7	word	""s2:$ne$n`a
taken	7	word	"tA:$ken
tandagnisslan	7	word	""tan$da$%gnI$slan
tego	7	word	
terebint	7	word	te$re$"bInt
tillnamnet	7	word	""tIl$%nam$net
tillsyningsmännen	7	word	""tIl$sy:$nINs$%mE$nen
tingen	7	word	"tIN$en
tjocka	7	word	""s'O$ka
togen	7	word	
togos	7	word	
togs	7	word	"tu:gs
toppar	7	word	""tO$par
trona	7	word	""tru:$na
trossen	7	word	"trO$sen
tuktade	7	word	""tu0k$ta$de
tummen	7	word	""tu0$men
tvingade	7	word	""tvIN$a$de
tycktes	7	word	""tYk$tes
tyget	7	word	"ty:$get
täckas	7	word	""tE$kas
tänkespråk	7	word	""tEN$ke$%spro:k
törnbusken	7	word	""t2:n`$%bu0$sken
ullen	7	word	"u0$len
umgås	7	word	""u0m$%go:s
underdånig	7	word	""u0n$de$%d`o:$nIg
underordna	7	word	""u0n$der$%o:d`$n`a
understöd	7	word	""u0n$de$%s`t`2:d
uppbyggelse	7	word	""u0p$%bY$gel$se
uppenbarades	7	word	""u0$pen$%bA:$ra$des
uppföra	7	word	""u0p$%f2:$ra
uppkallad	7	word	
upplyfte	7	word	
upprätt	7	word	""u0p$%rEt
upprätthålla	7	word	""u0p$rEt$%hO$la
uppsatt	7	word	""u0p$%sat
uppsikt	7	word	""u0p$%sIkt
uppstånden	7	word	""u0p$%stOn$den
upptill	7	word	""u0p$%tIl
utdela	7	word	""}:t$%de:$la
utföras	7	word	""}:t$%f2:$ras
utpost	7	word	""}:t$%pOst
utrymme	7	word	""}:t$%rY$me
utsago	7	word	""}:t$%sA:$gU
utsagor	7	word	""}:t$%sA:$gUr
utse	7	word	""}:t$%se:
utslag	7	word	""}:t$%slA:g
uttåg	7	word	""}:t$%to:g
vanheder	7	word	""vA:n$%he:$der
vanärat	7	word	
vapnen	7	word	"vA:p$nen
varandras	7	word	va$"ran$dras
varigenom	7	word	"vA:r$I$je:$nOm
vattenrik	7	word	""va$ten$%ri:k
veckor	7	word	""vE$kUr
vederfors	7	word	""ve:$der$%fu:s`
vederkvicka	7	word	""ve:$der$%kvI$ka
verkligt	7	word	""vEr$klIkt
verksam	7	word	""vErk$%sam
villkor	7	word	""vIl$%ko:r
vilt	7	word	"vIlt
vingårdens	7	word	""vi:N$%go:$d`ens
virkade	7	word	""vIr$ka$de
vissa	7	word	""vI$sa
vittnens	7	word	""vIt$nens
väcker	7	word	"vE$ker
väderstreck	7	word	""vE:$de$%s`t`rEk
vägas	7	word	""vE:$gas
vägfarande	7	word	""vE:g$%fA:$ran$de
väggarna	7	word	""vE$ga$n`a
välfärd	7	word	""vE:l$%fE:d`
väntan	7	word	""vEn$tan
väva	7	word	""vE:$va
vågorna	7	word	""vo:$gU$n`a
våldsam	7	word	""vOld$%sam
våldsverkare	7	word	""vOlds$%vEr$ka$re
våndas	7	word	""vOn$das
yta	7	word	""y:$ta
Älsken	7	word	
Ängeln	7	word	""EN$eln
ägaren	7	word	""E:$ga$ren
ägg	7	word	"Eg
ändens	7	word	""En$dens
ängslas	7	word	""EN$slas
ärans	7	word	""E:$rans
åkallen	7	word	
åsninnor	7	word	o:$""snI$nUr
åstundade	7	word	""o:$%stu0n$da$de
åstundar	7	word	""o:$%stu0n$dar
återvända	7	word	""o:$ter$%vEn$da
åtminstone	7	word	o:t$""mIn$stO$ne
åttiofem	7	word	O$tI$U$"fEm
ödeläggelse	7	word	""2:$de$%lE$gel$se
överblivna	7	word	""2:$ver$%bli:v$na
övergiv	7	word	""2:$ver$%ji:v
överheten	7	word	""2:$ver$%he:$ten
överskrift	7	word	""2:$ve$%s`krIft
överträdare	7	word	""2:$ve$%t`rE:$da$re
övertäcker	7	word	""2:$ve$%t`E$ker
övervåld	7	word	""2:$ver$%vOld
Abners	6	name	
Absai	6	name	
Adullam	6	name	
Ahias	6	name	
Ahitubs	6	name	
Ajo	6	name	
Akvila	6	name	
Alldenstund	6	word	al$den$"stu0nd
Amminadabs	6	name	
Arabien	6	name	a$"rA:$bI$en
Arauna	6	name	
Arfaksad	6	name	
Ariel	6	name	a$rI$"El
Asarjas	6	name	
Asmavet	6	name	
Asrikam	6	name	
Astarot	6	name	
Baesas	6	name	
Bagoas	6	name	
Barsillai	6	name	
Barsillais	6	name	
Beerot	6	name	
Begiv	6	word	be$"ji:v
Begär	6	word	be$"jE:r
Belsassar	6	name	
Bene	6	name	
Besek	6	name	
Boset	6	name	
Celesyrien	6	name	
Delila	6	name	
Dit	6	word	"di:t
Doeg	6	name	
Ebed	6	name	
Ebjatars	6	name	
Edert	6	word	"e:$det`
Elas	6	name	
Eleasa	6	name	
Elnatan	6	name	
Epifanes	6	name	
Esekias	6	name	
Fatta	6	word	""fa$ta
Filippi	6	name	
Frälsares	6	name	""frEl$sa$res
Följen	6	word	""f9l$jen
Fördärva	6	word	f9$"d`Er$va
Förgäves	6	word	f9r$"jE:$ves
Förlåt	6	word	f9$"l`o:t
Gibbeton	6	name	
Gibeons	6	name	
Haserot	6	name	
Hebrons	6	name	
Hedningarna	6	word	""he:d$nIN$a$n`a
Helgen	6	word	""hEl$gen
Hell	6	name	"hEl
Heres	6	name	
Hermons	6	name	
Hogla	6	name	
Hosianna	6	name	hU$sI$"a$na
Ifrån	6	word	
Ikonium	6	name	
Ingalunda	6	word	""IN$a$%lu0n$da
Ir	6	name	
Ira	6	name	""i:$ra
Itamars	6	name	
Jabbok	6	name	
Jabin	6	name	
Jahasiel	6	name	
Jair	6	name	
Jairs	6	name	
Jamin	6	name	
Jearims	6	name	
Jehus	6	name	
Jekonja	6	name	
Jered	6	name	
Jeroham	6	name	
Jerubbaal	6	name	
Jeter	6	name	
Jojarib	6	name	
Jublen	6	word	"j}:$blen
Jämte	6	word	""jEm$te
Kadmiel	6	name	
Kalla	6	word	""ka$la
Kedar	6	name	
Kedars	6	name	
Kelkias	6	name	
Kirjataim	6	name	
Korint	6	name	kU$"rInt
Korsfäst	6	word	""kOs`$%fEst
Kreta	6	name	""kre:$ta
Kunna	6	word	""ku0$na
Lais	6	name	
Lyssnen	6	word	
Lystra	6	name	""lY$stra
Läggen	6	word	"lE$gen
Mahalalel	6	name	
Makpela	6	name	
Malluk	6	name	
Mara	6	name	""mA:$ra
Massa	6	name	""ma$sa
Meremot	6	name	
Mesopotamien	6	name	me$sU$pU$"tA:$mI$en
Migdol	6	name	
Mosa	6	name	""mu:$sa
Musi	6	name	
Männen	6	word	"mE$nen
Märken	6	word	""mEr$ken
Naftalis	6	name	
Najot	6	name	
Natans	6	name	""nA:$tans
Nedre	6	word	"ne:$dre
Neko	6	name	
Netanja	6	name	
Nob	6	name	
Oholiba	6	name	
Omgjorda	6	word	""Om$%ju:$d`a
Pahat	6	name	
Pamfylien	6	name	
Pareos	6	name	
Predikaren	6	name	pre$"di:$ka$ren
Rages	6	name	
Rekem	6	name	
Rådet	6	word	"ro:$det
Sabdi	6	name	
Sallums	6	name	
Salmon	6	name	
Samlen	6	word	
Sareser	6	name	
Satans	6	name	""sA:$tans
Sean	6	name	"s`A:n
Seboim	6	name	
Sebul	6	name	
Sefer	6	name	
Sema	6	name	
Sems	6	name	
Setar	6	name	
Simeis	6	name	
Simron	6	name	
Siseras	6	name	
Sitt	6	word	"sIt
Ske	6	word	"x\e:
Skynden	6	word	
Slut	6	word	"sl}:t
Sobal	6	name	
Starke	6	word	""star$ke
Svärd	6	word	"svE:d`
Tahat	6	name	
Talmai	6	name	
Tapanhes	6	name	
Tappua	6	name	
Tekoa	6	name	
Tessalonika	6	name	
Tiden	6	word	"ti:$den
Tillika	6	word	tI$""li:$ka
Tjänaren	6	word	""s'E:$na$ren
Troas	6	name	
Urias	6	name	
Ussiels	6	name	
Vadhelst	6	word	
Vatten	6	word	"va$ten
Viken	6	word	"vi:$ken
Västra	6	word	""vE$stra
alltmer	6	word	alt$"me:r
ammoniten	6	word	a$mU$"ni:$ten
ammoniterna	6	word	a$mU$"ni:$te$n`a
anakiterna	6	word	
andades	6	word	""an$da$des
andarnas	6	word	""an$da$n`as
andebesvärjare	6	word	""an$de$be$%svEr$ja$re
andlig	6	word	""and$lIg
anförarna	6	word	""an$%f2:$ra$n`a
angripet	6	word	
anklagare	6	word	""an$%klA:$ga$re
anropar	6	word	""an$%ru:$par
ansatt	6	word	""an$sat
ansedda	6	word	""an$%sE$da
anskaffat	6	word	
ansätta	6	word	""an$%sE$ta
antaga	6	word	""an$%tA:$ga
antogo	6	word	
arbetena	6	word	""ar$be:$te$na
armparet	6	word	
avgudaoffer	6	word	
avgudars	6	word	""A:v$%g}:$das`
avlagt	6	word	""A:v$%lakt
avlägset	6	word	""A:v$%lE:g$set
avlägsna	6	word	""A:v$%lE:g$sna
avsatte	6	word	""A:v$%sa$te
avseglade	6	word	""A:v$%se:$gla$de
avskild	6	word	""A:v$%x\Ild
avsky	6	word	""A:v$%x\y:
avskära	6	word	""A:v$%x\E:$ra
bagaren	6	word	""bA:$ga$ren
baksidan	6	word	""bA:k$%si:$dan
bane	6	word	""bA:$ne
bara	6	word	""bA:$ra
barmen	6	word	"bar$men
barmhärtiga	6	word	barm$"hE$t`I$ga
barnaföderska	6	word	""bA:$n`a$%f2:$de$s`ka
barnens	6	word	"bA:$n`ens
basuner	6	word	ba$"s}:$ner
beblandar	6	word	be$"bland$dar
bedriven	6	word	
befalla	6	word	be$"fa$la
begick	6	word	be$"jIk
begripa	6	word	be$"gri:$pa
begrät	6	word	be$"grE:t
begären	6	word	be$"jE:$ren
behandlade	6	word	be$"hand$la$de
behövdes	6	word	be$"h2:v$des
bekanta	6	word	be$"kan$ta
bekymrar	6	word	be$"s'Ym$rar
belägringen	6	word	be$"lE:$grIN$en
belägringsmur	6	word	
belätena	6	word	be$"lE:$te$na
bered	6	word	be$"re:d
beredda	6	word	be$"rE$da
besinnar	6	word	be$"sI$nar
besinnen	6	word	
besinning	6	word	be$"sI$nIN
beskärd	6	word	be$"x\E:d`
besluten	6	word	be$"sl}:$ten
beslöto	6	word	
bespottade	6	word	be$"spO$ta$de
bestående	6	word	be$"sto:$en$de
besvärja	6	word	be$"svEr$ja
beta	6	word	""be:$ta
betalade	6	word	be$"tA:$la$de
betalas	6	word	be$"tA:$las
betesmark	6	word	""be:$tes$%mark
betraktade	6	word	be$"trak$ta$de
betygat	6	word	
betänkligheter	6	word	be$"tEN$klIg$he:$ter
bifall	6	word	""bi:$%fal
bilden	6	word	"bIl$den
bjuden	6	word	
blindhet	6	word	""blInd$%he:t
blodgiriga	6	word	
blodskulder	6	word	
blodsutgjutelse	6	word	""blu:ds$}:t$%j}:$tel$se
blygs	6	word	"bly:gs
boskapshjordar	6	word	""bu:$skA:ps$%ju:$d`ar
branten	6	word	"bran$ten
brukade	6	word	""br}:$ka$de
brunnens	6	word	""bru0$nens
brusa	6	word	""br}:$sa
brusto	6	word	
bryten	6	word	
bränner	6	word	"brE$ner
brännoffren	6	word	""brEn$%O$fren
bröstet	6	word	"br9$stet
bröstsköldens	6	word	
budorden	6	word	""b}:d$%u:$d`en
budordet	6	word	""b}:d$%u:$d`et
buds	6	word	"b}:ds
bulnader	6	word	""b}:l$na$der
byggdes	6	word	""bYg$des
bälten	6	word	""bEl$ten
bålverk	6	word	""bo:l$%vErk
bölder	6	word	""b9l$der
böners	6	word	""b2:$nes`
bönföll	6	word	""b2:n$%f9l
bönhör	6	word	""b2:n$%h2:r
bönhörde	6	word	
bördor	6	word	""b2:$d`Ur
bören	6	word	
början	6	word	""b9r$jan
cedern	6	word	"se:$den`
dagens	6	word	"dA:$gens
daglönare	6	word	""dA:g$%l2:$na$re
dalens	6	word	"dA:$lens
dariker	6	word	
delat	6	word	""de:$lat
dennas	6	word	""dE$nas
dessutom	6	word	de$""s}:$tOm
dia	6	word	""di:$a
diktamen	6	word	dIk$"tA:$men
ditöver	6	word	di:t$"2:$ver
dolt	6	word	"do:lt
domarsätet	6	word	""dU$ma$%s`E:$tet
dryckenskap	6	word	""drY$ken$%skA:p
dröjsmål	6	word	""dr9js$%mo:l
duger	6	word	"d}:$ger
dundra	6	word	""du0n$dra
duvan	6	word	""d}:$van
dväljas	6	word	""dvEl$jas
dygn	6	word	"dYNn
dyrkar	6	word	""dYr$kar
därförbi	6	word	"dE:r$f9r$bi:
dårens	6	word	""do:$rens
dödes	6	word	""d2:$des
dödlig	6	word	""d2:d$lIg
dödsskugga	6	word	""d9ts$%sku0$ga
dömd	6	word	
efterträdare	6	word	""Ef$te$%t`rE:$da$re
egendomsfolk	6	word	""e:$gen$dUms$%fOlk
egyptiska	6	word	e$"jYp$tI$ska
eldslåga	6	word	""Elds$%lo:$ga
elefanterna	6	word	e$le$"fan$te$n`a
enes	6	word	
er	6	word	"e:r
erkänna	6	word	""e:r$%s'E$na
ertappas	6	word	""e:$%t`a$pas
erövra	6	word	""e:$%r2:$vra
evärdligen	6	word	e$"vE:d`$l`I$gen
fallen	6	word	""fa$len
fallet	6	word	""fa$let
famla	6	word	""fam$la
farande	6	word	""fA:$ran$de
farbroders	6	word	""far$%bru:$des`
fart	6	word	"fA:t`
fattar	6	word	""fa$tar
fejat	6	word	""fE$jat
fientliga	6	word	fI$"Ent$lI$ga
filisté	6	word	fI$lI$"ste:
fiskens	6	word	""fI$skens
fjädrar	6	word	""fjE:$drar
fjättrar	6	word	""fjE$trar
flickans	6	word	""flI$kans
flygeln	6	word	""fly:$geln
flyger	6	word	"fly:$ger
flyktig	6	word	""flYk$tIg
flyttas	6	word	""flY$tas
flyttat	6	word	""flY$tat
flätverk	6	word	""flE:t$%vErk
foga	6	word	""fu:$ga
folkskockning	6	word	
folkstammar	6	word	""fOlk$%sta$mar
fordra	6	word	""fu:$d`ra
fordrar	6	word	""fu:$d`rar
fotfolket	6	word	""fu:t$%fOl$ket
fredliga	6	word	""fre:d$lI$ga
frodiga	6	word	""fru:$dI$ga
fru	6	word	"fr}:
fruktansvärt	6	word	""fru0k$tan$%svE:t`
fruktat	6	word	""fru0k$tat
fräckt	6	word	"frEkt
främlingarnas	6	word	""frEm$lIN$a$n`as
främlingars	6	word	""frEm$lIN$as`
främste	6	word	""frEm$ste
fullbordad	6	word	
furstarnas	6	word	""fu0$s`t`a$n`as
fylld	6	word	
fäderneärvda	6	word	""fE:$de$n`e$%Erv$da
fängslad	6	word	
färden	6	word	"fE:$d`en
färg	6	word	"fErj
fästning	6	word	""fEst$nIN
fålen	6	word	""fo:$len
fåror	6	word	""fo:$rUr
födelse	6	word	""f2:$del$se
förbannelsebringande	6	word	
förbarmade	6	word	f9r$"bar$ma$de
förbinda	6	word	""f2:r$%bIn$da
förbindelser	6	word	f9r$"bIn$del$ser
förbränner	6	word	f9r$"brE$ner
förbud	6	word	""f2:r$%b}:d
förbön	6	word	""f2:r$%b2:n
förd	6	word	
fördränka	6	word	
fördärvas	6	word	f9$"d`Er$vas
fördärvliga	6	word	f9$"d`Erv$lI$ga
förebild	6	word	""f2:$re$%bIld
förehar	6	word	
förelägger	6	word	""f2:$re$%lE$ger
förevändning	6	word	""f2:$re$%vEnd$nIN
förför	6	word	f9r$"f2:r
förgängelse	6	word	f9r$"jEN$el$se
förgängliga	6	word	f9r$"jEN$lI$ga
förgår	6	word	f9r$"go:r
förgård	6	word	""f2:r$%go:d`
förhärligat	6	word	
förhävde	6	word	
förhävelse	6	word	f9r$"hE:$vel$se
förhävt	6	word	
förhållit	6	word	f9r$"hO$lIt
förkunnas	6	word	f9r$"ku0$nas
förkunnelse	6	word	f9r$"ku0$nel$se
förlett	6	word	f9$"l`Et
förliden	6	word	f9$"l`i:$den
förlora	6	word	f9$"l`u:$ra
förlust	6	word	f9$"l`u0st
förminskas	6	word	f9r$"mIn$skas
förnekar	6	word	f9$"n`e:$kar
förrådshusen	6	word	f9r$""ro:ds$%h}:$sen
församlingens	6	word	f9$"s`am$lIN$ens
förseglad	6	word	
förskjuten	6	word	
förskräcker	6	word	f9$"s`krE$ker
förskräckligt	6	word	f9$"s`krE$klIkt
förslag	6	word	f9$"s`l`A:g
försmår	6	word	f9$"s`mo:r
försumma	6	word	f9$"s`u0$ma
försyndade	6	word	f9$"s`y:n$da$de
försäkringar	6	word	f9$"s`E:$krIN$ar
försåg	6	word	f9$"s`o:g
förteckningen	6	word	f9$"t`E$knIN$en
förtorkas	6	word	f9$"t`Or$kas
förtorkat	6	word	f9$"t`Or$kat
förtroende	6	word	f9$"t`ru:$en$de
förtrogna	6	word	f9$"t`ru:$gna
förtröt	6	word	f9$"t`r2:t
förtärdes	6	word	
förtörnades	6	word	f9$"t`2:$n`a$des
förunderliga	6	word	f9r$"u0n$de$l`I$ga
förvandlad	6	word	
förvandlar	6	word	f9r$"vand$lar
förvaringsrum	6	word	f9r$""vA:$rINs$%ru0m
förvissnar	6	word	
förödmjukad	6	word	
förökades	6	word	f9r$"2:$ka$des
förövade	6	word	f9r$"2:$va$de
garnet	6	word	"gA:$n`et
gata	6	word	""gA:$ta
gathörn	6	word	""gA:t$%h2:n`
genast	6	word	
genstridighet	6	word	""je:n$stri:$dIg$%he:t
gileaditen	6	word	
gjorts	6	word	"jUt`s`
gnista	6	word	""gnI$sta
gomer	6	word	
granatäpple	6	word	gra$""nA:t$%E$ple
grandet	6	word	"gran$det
graverar	6	word	gra$"ve:$rar
grekerna	6	word	"gre:$ke$n`a
grus	6	word	"gr}:s
grävt	6	word	"grE:ft
gudabilden	6	word	""g}:$da$%bIl$den
guden	6	word	"g}:$den
gudfruktiga	6	word	""g}:d$%fru0k$tI$ga
gudlöse	6	word	""g}:d$%l2:$se
gudsdyrkan	6	word	""gu0ts$%dYr$kan
gäst	6	word	"jEst
gåve	6	word	
göres	6	word	""j2:$res
handsbredd	6	word	""hands$%brEd
hann	6	word	"han
hantverkare	6	word	""hant$%vEr$ka$re
hatad	6	word	""hA:$tad
havsländer	6	word	
hedniska	6	word	"he:d$nI$ska
heloffer	6	word	
hembära	6	word	""hEm$%bE:$ra
hemfallna	6	word	""hEm$%fal$na
hemsökelses	6	word	""hEm$%s2:$kel$ses
hemsökta	6	word	
herrarnas	6	word	""hE$ra$n`as
herren	6	word	""hE$ren
himlarnas	6	word	""hIm$la$n`as
hitfram	6	word	
hjältars	6	word	""jEl$tas`
hot	6	word	"hu:t
hotade	6	word	""hu:$ta$de
hungerns	6	word	"hu0N$en`s`
hungriga	6	word	""hu0N$rI$ga
husgudarna	6	word	""h}:s$%g}:$da$n`a
hädar	6	word	""hE:$dar
hädelse	6	word	""hE:$del$se
häktor	6	word	""hEk$tUr
hälft	6	word	"hElft
hämnden	6	word	"hEmn$den
händelser	6	word	""hEn$del$ser
härjade	6	word	""hEr$ja$de
härligheten	6	word	""hE:$l`Ig$%he:$ten
härutanför	6	word	hEr$""}:$tan$%f2:r
hårdare	6	word	""ho:$d`a$re
högtidsdag	6	word	
höjen	6	word	
hörande	6	word	""h2:$ran$de
ifall	6	word	I$"fal
illfundigt	6	word	""Il$%fu0n$dIkt
inbjudit	6	word	""In$%bj}:$dIt
ingick	6	word	""In$%jIk
inhysesman	6	word	
inmönstra	6	word	""In$%m9n$stra
innantill	6	word	""I$nan$%tIl
inneslutna	6	word	
inrista	6	word	""In$%rI$sta
intager	6	word	
inträda	6	word	""In$%trE:$da
ivriga	6	word	""i:$vrI$ga
jaspis	6	word	"ja$spIs
jebuséen	6	word	
jebuséernas	6	word	
jordbävningen	6	word	""ju:d`$%bE:v$nIN$en
juble	6	word	
jungfrurna	6	word	""ju0N$fr}:$n`a
jämren	6	word	
kaldeiska	6	word	kal$"de:$I$ska
kalkar	6	word	""kal$kar
kansler	6	word	"kan$sler
kant	6	word	"kant
kasernen	6	word	ka$"sE:$n`en
kedjorna	6	word	""s'e:d$jU$n`a
kerubens	6	word	s'e$"r}:$bens
kerubernas	6	word	s'e$"r}:$be$n`as
klagen	6	word	
klöv	6	word	"kl2:v
knorren	6	word	"knO$ren
kol	6	word	"ko:l
konungariken	6	word	""ko:$nu0N$a$%ri:$ken
konungasönerna	6	word	
kopparfjättrar	6	word	
krigsman	6	word	""krIks$%man
krukan	6	word	""kr}:$kan
krysolit	6	word	krY$sU$"li:t
kränkt	6	word	"krENkt
kräva	6	word	""krE:$va
kullar	6	word	""ku0$lar
kungjord	6	word	""ku0$%nju:d`
kungjorde	6	word	""ku0$%nju:$d`e
kvarnsten	6	word	""kvA:n`$%s`t`e:n
kvarter	6	word	kva$"t`e:r
kviga	6	word	""kvi:$ga
kännes	6	word	
kärlet	6	word	"s'E:$l`et
köttslig	6	word	""s'9t$slIg
köttsligt	6	word	""s'9t$slIkt
last	6	word	"last
lejongropen	6	word	""lE$jON$%gru:$pen
lejoninna	6	word	le$jO$""nI$na
leka	6	word	""le:$ka
lekamen	6	word	le$"kA:$men
lemmarna	6	word	""lE$ma$n`a
leta	6	word	""le:$ta
lidandets	6	word	""li:$dan$dets
likadan	6	word	li:$ka$"dA:n
likadant	6	word	li:$ka$"dA:nt
likasåväl	6	word	li:$ka$sO$"vE:l
linneduk	6	word	""lI$ne$%d}:k
livsande	6	word	""lIfs$%an$de
livstid	6	word	""lIfs$%ti:d
ljuv	6	word	"j}:v
ljuvlighet	6	word	""j}:v$lIg$%he:t
ljöd	6	word	"j2:d
lotter	6	word	""lO$ter
love	6	word	""lu:$ve
lugnt	6	word	"lu0Nt
luttrat	6	word	""lu0$trat
lytt	6	word	"lYt
läglarna	6	word	""lE:$gla$n`a
lägren	6	word	"lE:$gren
lämnad	6	word	
lämplig	6	word	""lEm$plIg
lämpliga	6	word	""lEm$plI$ga
längtan	6	word	""lEN$tan
lärdomar	6	word	""lE:$%d`U$mar
lätta	6	word	""lE$ta
långmodighet	6	word	""lON$mu:$dIg$%he:t
lögnaktig	6	word	""l9Nn$%ak$tIg
löje	6	word	""l9$je
lönar	6	word	""l2:$nar
magra	6	word	""mA:$gra
mandelblommor	6	word	""man$del$%blU$mUr
mask	6	word	"mask
meddelade	6	word	""me:$%de:$la$de
meddelat	6	word	""me:$%de:$lat
medlidande	6	word	""me:d$%li:$dan$de
middagen	6	word	"mI$dA:$gen
milda	6	word	""mIl$da
minor	6	word	""mi:$nUr
missgärningars	6	word	""mIs$%jE:$n`IN$as`
missgärningen	6	word	""mIs$%jE:$n`IN$en
mjölet	6	word	"mj2:$let
mods	6	word	"mOds
motpart	6	word	""mu:t$%pA:t`
motstånd	6	word	""mu:t$%stOnd
motståndares	6	word	""mu:t$%stOn$da$res
mottagen	6	word	""mu:t$%tA:$gen
muntligen	6	word	""mu0nt$lI$gen
myggnätet	6	word	""mYg$%nE:$tet
månads	6	word	""mo:$nads
mångas	6	word	
namnkunniga	6	word	""namn$%ku0$nI$ga
nedbrutet	6	word	
nedersta	6	word	"ne:$de$s`t`a
nedgjorda	6	word	""ne:d$%ju:$d`a
nedlagt	6	word	""ne:d$%lakt
nedslå	6	word	""ne:d$%slo:
nittionio	6	word	nI$tI$U$""ni:$U
nitälska	6	word	""ni:t$%El$ska
nitälskade	6	word	""ni:t$%El$ska$de
nitälskar	6	word	""ni:t$%El$skar
njutning	6	word	""nj}:t$nIN
näpste	6	word	""nEp$ste
näring	6	word	""nE:$rIN
nässlor	6	word	""nE$slUr
nådens	6	word	"no:$dens
nödigt	6	word	""n2:$dIkt
obebott	6	word	""u:$be$%bUt
odjur	6	word	""u:$%j}:r
offergärden	6	word	
ogräset	6	word	""u:$%grE:$set
ohelgar	6	word	
olyckas	6	word	""u:$%lY$kas
omhängen	6	word	""Om$%hEN$en
omkom	6	word	""Om$%kOm
omskäras	6	word	""Om$%x\E:$ras
omsorger	6	word	""Om$%sOr$jer
omstörtas	6	word	""Om$%st9$t`as
ordnat	6	word	""o:d`$n`at
ormens	6	word	"Ur$mens
oroa	6	word	""u:$%ru:$a
oroliga	6	word	""u:$%ru:$lI$ga
oroligheter	6	word	""u:$ru:$lIg$%he:$ter
oryggliga	6	word	
orättfärdighetens	6	word	""u:$rEt$fE:$d`Ig$%he:$tens
otro	6	word	""u:$%tru:
pelarhuvudena	6	word	
perisséernas	6	word	
plundrares	6	word	""plu0n$dra$res
plundrat	6	word	""plu0n$drat
prakt	6	word	"prakt
predikar	6	word	pre$"di:$kar
prisad	6	word	
prisen	6	word	"pri:$sen
prydnader	6	word	""pry:d$na$der
prästadöme	6	word	""prE$sta$%d9$me
pröven	6	word	
punden	6	word	"pu0n$den
påle	6	word	""po:$le
pålägga	6	word	""po:$%lE$ga
ragla	6	word	""rA:$gla
rasa	6	word	""rA:$sa
ridande	6	word	""ri:$dan$de
ringe	6	word	
ringen	6	word	"rIN$en
rista	6	word	""rI$sta
rosenröda	6	word	""ru:$sen$%r2:$da
rycktes	6	word	""rYk$tes
rymlig	6	word	""rYm$lIg
ryta	6	word	""ry:$ta
räckt	6	word	"rEkt
ränker	6	word	"rEN$ker
rättfärdiggjorda	6	word	""rEt$fE:$d`Ig$%ju:$d`a
rättskaffens	6	word	""rEt$%ska$fens
rådsherrarna	6	word	""ro:ds$%hE$ra$n`a
råmärke	6	word	""ro:$%mEr$ke
rödfärgade	6	word	""r2:d$%fEr$ja$de
röse	6	word	""r2:$se
sabbatsvila	6	word	
sadlade	6	word	""sA:d$la$de
safir	6	word	sa$"fi:r
saft	6	word	"saft
sakta	6	word	""sak$ta
samfällt	6	word	""sam$%fElt
samtal	6	word	""sam$%tA:l
satta	6	word	""sa$ta
sextiosex	6	word	sek$stI$U$"sEks
sinnad	6	word	""sI$nad
sittande	6	word	
självdött	6	word	
skadade	6	word	""skA:$da$de
skamligt	6	word	""skam$lIkt
skapad	6	word	
skapelsen	6	word	""skA:$pel$sen
skarp	6	word	"skarp
skick	6	word	"x\Ik
skicken	6	word	"x\I$ken
skildes	6	word	""x\Il$des
skiner	6	word	"x\i:$ner
skingrade	6	word	""x\IN$ra$de
skorpioner	6	word	skOr$pI$"u:$ner
skri	6	word	"skri:
skyddade	6	word	""x\Y$da$de
skymningen	6	word	""x\Ym$nIN$en
skänk	6	word	"x\ENk
skänka	6	word	""x\EN$ka
skänkerna	6	word	""x\EN$ke$n`a
skärp	6	word	"x\Erp
skölja	6	word	""x\9l$ja
skördeskri	6	word	
slocknar	6	word	""slO$knar
slungade	6	word	""slu0N$a$de
slutar	6	word	""sl}:$tar
släpade	6	word	""slE:$pa$de
smakar	6	word	""smA:$kar
smaklig	6	word	""smA:$klIg
smädligt	6	word	""smE:d$lIkt
smörj	6	word	"sm9rj
snabbare	6	word	""sna$ba$re
somnade	6	word	""sOm$na$de
springa	6	word	""sprIN$a
spräckliga	6	word	""sprE$klI$ga
spränga	6	word	""sprEN$a
spärrade	6	word	""spE$ra$de
spådom	6	word	""spo:$%dUm
stadsmuren	6	word	""stats$%m}:$ren
stank	6	word	"staNk
stenas	6	word	""ste:$nas
stigarna	6	word	""sti:$ga$n`a
stinga	6	word	""stIN$a
stocken	6	word	"stO$ken
stoderna	6	word	""stu:$de$n`a
stolparnas	6	word	""stOl$pa$n`as
storma	6	word	""stOr$ma
straffar	6	word	""stra$far
stulit	6	word	""st}:$lIt
styckade	6	word	""stY$ka$de
styggeligt	6	word	
styggelsers	6	word	""stY$gel$ses`
styrde	6	word	""sty:$d`e
städse	6	word	""stE:d$se
stäm	6	word	"stEm
ständig	6	word	""stEn$dIg
största	6	word	""st9$s`t`a
störtas	6	word	""st9$t`as
stöten	6	word	"st2:$ten
summan	6	word	""su0$man
svagare	6	word	""svA:$ga$re
svepte	6	word	""sve:p$te
sviker	6	word	"svi:$ker
svikit	6	word	""svi:$kIt
svävade	6	word	""svE:$va$de
syndares	6	word	""sYn$da$res
synliga	6	word	""sy:n$lI$ga
säljas	6	word	""sEl$jas
således	6	word	""so:$%le:$des
tacksamhet	6	word	""tak$sam$%he:t
talades	6	word	""tA:$la$des
talan	6	word	""tA:$lan
tappar	6	word	""ta$par
tavla	6	word	""tA:v$la
templets	6	word	"tEm$plets
tidernas	6	word	""ti:$de$n`as
tiders	6	word	""ti:$des`
tidsåldern	6	word	""ti:ds$%Ol$den`
tig	6	word	"ti:g
tillförlitlig	6	word	""tIl$f9$%l`i:t$lIg
tillförne	6	word	tIl$""f2:$n`e
tillgiva	6	word	
tillgivenhet	6	word	""tIl$ji:$ven$%he:t
tillräkna	6	word	""tIl$%rE:$kna
tillstatt	6	word	
tillsyningsman	6	word	""tIl$sy:$nINs$%man
timmermännen	6	word	""tI$mer$%mE$nen
tisbiten	6	word	
tistlar	6	word	""tIst$lar
tjugusjunde	6	word	
tjänarinnorna	6	word	s'E:$na$""rI$nU$n`a
tjänstbara	6	word	""s'Enst$%bA:$ra
tjänstekvinnas	6	word	""s'En$ste$%kvI$nas
tjära	6	word	""s'E:$ra
tomhänt	6	word	""tUm$%hEnt
trampas	6	word	""tram$pas
trappan	6	word	""tra$pan
trollkarlar	6	word	""trOl$%kA:$rar
trotsa	6	word	""trOt$sa
trängtar	6	word	""trEN$tar
trång	6	word	"trON
trösklarna	6	word	""tr9s$kla$n`a
tuktar	6	word	""tu0k$tar
tuktigt	6	word	""tu0k$tIkt
tull	6	word	"tu0l
tummim	6	word	
tveeggat	6	word	""tve:$%E$gat
tvillingar	6	word	""tvI$lIN$ar
tvista	6	word	""tvI$sta
tysta	6	word	""tY$sta
täcke	6	word	""tE$ke
töcknet	6	word	"t9$knet
törnena	6	word	""t2:$n`e$na
törstar	6	word	""t9$s`t`ar
underdånigt	6	word	""u0n$de$%d`o:$nIkt
underrättelsen	6	word	""u0n$de$%rE$tel$sen
undervisad	6	word	""u0n$der$%vi:$sad
ungarna	6	word	""u0N$a$n`a
ungdomen	6	word	""u0N$%dU$men
ungtjurar	6	word	""u0N$%s'}:$rar
uppbyggda	6	word	
uppeggade	6	word	""u0p$%E$ga$de
uppehålla	6	word	""u0$pe$%hO$la
uppehållit	6	word	""u0$pe$%hO$lIt
uppfyllelse	6	word	""u0p$%fY$lel$se
uppfört	6	word	""u0p$%f2:t`
upphängd	6	word	
upphängda	6	word	
upphävt	6	word	""u0p$%hE:ft
upplösa	6	word	""u0p$%l2:$sa
uppresa	6	word	""u0p$%re:$sa
upprycka	6	word	""u0p$%rY$ka
uppträder	6	word	""u0p$%trE:$der
ursäkt	6	word	""}:$%s`Ekt
uselt	6	word	"}:$selt
utfärdas	6	word	""}:t$%fE:$d`as
utgingo	6	word	
utgivit	6	word	""}:t$%ji:$vIt
utgrunda	6	word	""}:t$%gru0n$da
utgången	6	word	""}:t$%gON$en
utkorade	6	word	""}:t$%ku:$ra$de
utrannsakar	6	word	""}:t$ran$%sA:$kar
utrikes	6	word	
uträttat	6	word	""}:t$%rE$tat
utspy	6	word	""}:t$%spy:
uttorkade	6	word	""}:t$%tOr$ka$de
uttömma	6	word	""}:t$%t9$ma
vakade	6	word	""vA:$ka$de
vaktlar	6	word	""vakt$lar
valde	6	word	""vA:l$de
vana	6	word	""vA:$na
vanmäktiga	6	word	""vA:n$%mEk$tI$ga
varelse	6	word	""vA:$rel$se
varnar	6	word	""vA:$n`ar
varv	6	word	"varv
vass	6	word	"vas
veckodagen	6	word	""vE$kU$%dA:$gen
vedergällt	6	word	
vederkvickelse	6	word	""ve:$der$%kvI$kel$se
veteskörden	6	word	""ve:$te$%x\2:$d`en
vetter	6	word	"vE$ter
viftoffersbringan	6	word	
vilosabbat	6	word	
vindarna	6	word	""vIn$da$n`a
vingars	6	word	""vIN$as`
vingårdsmän	6	word	
vinpressen	6	word	""vi:n$%prE$sen
visor	6	word	""vi:$sUr
visshet	6	word	""vIs$%he:t
vissna	6	word	""vI$sna
vitnat	6	word	
vittnesbörds	6	word	""vIt$nes$%b2:d`s`
vredesdom	6	word	""vre:$des$%dUm
vunno	6	word	
vädurskinn	6	word	
vägrade	6	word	""vE:$gra$de
välbehållna	6	word	""vE:l$be$%hOl$na
väldigheter	6	word	""vEl$dIg$%he:$ter
välgång	6	word	""vE:l$%gON
vältrade	6	word	""vEl$tra$de
väntat	6	word	""vEn$tat
vänten	6	word	"vEn$ten
vävt	6	word	"vE:ft
våden	6	word	"vo:$den
vågor	6	word	""vo:$gUr
vållade	6	word	""vO$la$de
vårregn	6	word	""vo:r$%rENn
yppat	6	word	""Y$pat
yrke	6	word	""Yr$ke
yxa	6	word	""Yk$sa
Östra	6	word	""9$stra
ädle	6	word	""E:d$le
äldstes	6	word	""El$stes
älskog	6	word	""El$%sku:g
ämnar	6	word	""Em$nar
ängslan	6	word	""EN$slan
ärat	6	word	""E:$rat
åkerfält	6	word	""o:$ker$%fElt
åliggande	6	word	""o:$%lI$gan$de
ålåg	6	word	""o:$%lo:g
åsninna	6	word	o:$""snI$na
återbörda	6	word	""o:$ter$%b2:$d`a
åtföljde	6	word	""o:t$%f9lj$de
öar	6	word	""2:$ar
ödmjuk	6	word	""2:d$%mj}:k
ömka	6	word	""9m$ka
önskade	6	word	""9n$ska$de
öppnas	6	word	""9p$nas
ösa	6	word	""2:$sa
östanvind	6	word	""9$stan$%vInd
österlänningarna	6	word	""9$ste$%l`E$nIN$a$n`a
överföllo	6	word	
överlämnades	6	word	""2:$ve$%l`Em$na$des
överlämnas	6	word	""2:$ve$%l`Em$nas
övermodigt	6	word	""2:$ver$%mu:$dIkt
överstepräster	6	word	""2:$ve$s`t`e$%prE$ster
överträdelsers	6	word	""2:$ve$%t`rE:$del$ses`
övertyga	6	word	""2:$ve$%t`y:$ga
övertäckt	6	word	""2:$ve$%t`Ekt
övertäcktes	6	word	""2:$ve$%t`Ek$tes
Abiam	5	name	
Abinadabs	5	name	
Abisag	5	name	
Abisua	5	name	
Ackub	5	name	
Addar	5	name	
Adma	5	name	
Adoni	5	name	
Ahieser	5	name	
Ahiluds	5	name	
Ahitofels	5	name	
Ain	5	name	"ajn
Akbors	5	name	
Akors	5	name	
Aksa	5	name	
Alexanders	5	name	a$lek$"san$des`
Alfeus	5	name	
Amasjas	5	name	
Ammisaddais	5	name	
Amons	5	name	"a$mUns
Ar	5	word	"A:r
Arad	5	name	
Ararats	5	name	"a$ra$rats
Argob	5	name	
Aristarkus	5	name	
Asan	5	name	
Asel	5	name	
Asiens	5	name	"A:$sI$ens
Assir	5	name	
Astarterna	5	name	
Baala	5	name	
Bahurim	5	name	
Balaks	5	name	
Bebais	5	name	
Berea	5	name	
Bereden	5	word	
Betoron	5	name	
Betyluas	5	name	
Bildad	5	name	""bIl$dad
Bileams	5	name	
Binnui	5	name	
Blev	5	word	"ble:v
Bosets	5	name	
Bucki	5	name	
Bus	5	name	"b}:s
Daniels	5	name	""dA:$nI$els
Delaja	5	name	
Dison	5	word	
Däremot	5	word	"dE:r$e$mu:t
Dårens	5	word	""do:$rens
Dödsriket	5	word	""d9ts$%ri:$ket
Ebeds	5	name	
Efa	5	word	
Efrat	5	name	
El	5	name	"El
Eleale	5	name	
Eljasaf	5	name	
Enans	5	name	
Eupator	5	name	
Eva	5	name	""e:$va
Fastmer	5	word	fast$"me:r
Fly	5	word	"fly:
Framför	5	word	""fram$%f2:r
Fördärv	5	word	f9$"d`Erv
Fördärvaren	5	word	f9$"d`Er$va$ren
Förgät	5	word	f9r$"jE:t
Förmana	5	word	f9r$"mA:$na
Församla	5	word	f9$"s`am$la
Förstån	5	word	
Gajus	5	name	
Galileiska	5	name	ga$lI$"le:$I$ska
Geras	5	name	
Gersoms	5	name	
Gibeas	5	name	
Gideonis	5	name	
Gihon	5	name	
Hackos	5	name	
Hadadesers	5	name	
Hadaresers	5	name	
Haggits	5	name	
Hammedatas	5	name	
Hasaels	5	name	
Hassub	5	name	
Hattaava	5	name	
Hattus	5	name	
Havet	5	word	"hA:$vet
Heles	5	name	""he:$les
Helons	5	name	
Herodias	5	name	
Himlarna	5	word	""hIm$la$n`a
Himmelens	5	word	""hI$me$lens
Hodia	5	name	
Hofni	5	name	
Hoppas	5	word	""hO$pas
Hämta	5	word	""hEm$ta
Iddos	5	name	
Immer	5	name	
Immers	5	name	
Indien	5	name	"In$dI$en
Inga	5	word	""IN$a
Inom	5	word	""In$%Om
Invid	5	word	
Jafia	5	name	
Jamnia	5	name	
Javans	5	name	
Jedutuns	5	name	
Jeguel	5	name	
Jekonias	5	name	
Jissia	5	name	
Jobs	5	name	"jObs
Johanans	5	name	
Judarnas	5	word	""j}:$da$n`as
Kallen	5	word	"ka$len
Kana	5	name	""kA:$na
Karmels	5	name	
Kasta	5	word	""ka$sta
Kedorlaomer	5	name	
Kegilas	5	name	
Kenan	5	name	"kE$nan
Kibrot	5	name	
Kison	5	name	
Kära	5	word	""s'E:$ra
Laedans	5	name	
Laodicea	5	name	
Lehi	5	name	
Leviatan	5	name	
Libanonskogshuset	5	name	
Libni	5	name	
Likt	5	word	"li:kt
Lovsjungen	5	word	""lo:v$%x\u0N$en
Lyften	5	word	"lYf$ten
Långt	5	word	"lONt
Maasejas	5	name	
Mahela	5	name	
Malki	5	name	"mal$kI
Maresa	5	name	
Matteus	5	name	ma$"tE$u0s
Melkisedeks	5	name	
Meon	5	name	
Metusela	5	name	
Mispe	5	name	
Misraim	5	name	
Mycken	5	word	""mY$ken
Naharaim	5	name	
Nahat	5	name	
Nehemja	5	name	
Ner	5	name	"ne:r
Nikodemus	5	name	nI$kU$"de:$mu0s
No	5	name	"nu:
Nof	5	name	
Nordlandet	5	word	
Ohola	5	name	
Oholiab	5	name	
Okrans	5	name	
Omris	5	name	
Ordet	5	word	"u:$d`et
Otniel	5	name	
Patros	5	name	
Pedaja	5	name	
Pedasurs	5	name	
Pelatja	5	name	
Pelet	5	name	
Raguels	5	name	
Ram	5	name	"rA:m
Refidim	5	name	
Regu	5	name	
Resen	5	word	""re:$sen
Ropa	5	word	""ru:$pa
Ryck	5	name	"rYk
Saltdalen	5	name	
Sammua	5	name	
Saron	5	name	
Sedeurs	5	name	
Sefarvaims	5	name	
Sefatjas	5	name	
Sekanja	5	name	
Sekanjas	5	name	
Seleukus	5	name	
Semajas	5	name	
Sered	5	name	
Seres	5	name	
Serubbabels	5	name	
Serug	5	name	
Sibeon	5	name	
Silpa	5	name	
Sju	5	word	"x\}:
Skullen	5	word	""sku0$len
Snart	5	word	"snA:t`
Stick	5	word	"stIk
Sual	5	name	
Suars	5	name	
Surisaddais	5	name	
Säger	5	word	"sE$jer
Sänden	5	word	
Söner	5	word	""s2:$ner
Tel	5	name	"te:l
Tig	5	word	"ti:g
Tio	5	word	""ti:$U
Tola	5	name	
Tron	5	word	"tru:n
Tykikus	5	name	
Vartill	5	word	"vA:$t`Il
Vattenporten	5	name	
Vedergällen	5	name	
Vin	5	word	"vi:n
Vinkeln	5	name	""vIN$keln
Värdes	5	word	
Vårt	5	word	"vo:t`
ack	5	word	"ak
agagiten	5	word	
aktades	5	word	""ak$ta$des
akte	5	word	
allmosa	5	word	""al$%mu:$sa
allmänt	5	word	""al$%mEnt
allvarligt	5	word	""al$%vA:$l`Ikt
alster	5	word	"al$ster
anbefalla	5	word	""an$be$%fa$la
anbefallt	5	word	
anblick	5	word	""an$%blIk
andas	5	word	""an$das
andligt	5	word	""and$lIkt
anfalla	5	word	""an$%fa$la
anföra	5	word	""an$%f2:$ra
angelägenheter	5	word	""an$je$lE:$gen$%he:$ter
angick	5	word	""an$%jIk
anlopp	5	word	""an$%lOp
anse	5	word	""an$%se:
ansenlig	5	word	""an$%se:n$lIg
anstiftat	5	word	
anställda	5	word	""an$%stEl$da
antågande	5	word	""an$%to:$gan$de
användes	5	word	""an$%vEn$des
araber	5	word	a$"rA:$ber
arameiske	5	word	a$ra$"me:$I$ske
araméen	5	word	
armas	5	word	
art	5	word	"A:t`
arvingen	5	word	""ar$vIN$en
assyriska	5	word	a$"sy:$rI$ska
avel	5	word	"A:$vel
avgud	5	word	""A:v$%g}:d
avgudarnas	5	word	""A:v$%g}:$da$n`as
avgå	5	word	""A:v$%go:
avgöras	5	word	""A:v$%j2:$ras
avkastningen	5	word	""A:v$%kast$nIN$en
avsatserna	5	word	""A:v$%sat$se$n`a
avskjuta	5	word	""A:v$%x\}:$ta
bakade	5	word	""bA:$ka$de
baktill	5	word	""bA:k$%tIl
barnlösa	5	word	""bA:n`$%l`2:$sa
bars	5	word	"bA:s`
basuners	5	word	ba$"s}:$nes`
bedjande	5	word	""be:d$jan$de
bedrövelser	5	word	be$"dr2:$vel$ser
befatta	5	word	be$"fa$ta
befriar	5	word	be$"fri:$ar
befunnos	5	word	
befäster	5	word	be$"fE$ster
begabbade	5	word	be$"ga$ba$de
begagnade	5	word	be$"gaN$na$de
begingo	5	word	
begiven	5	word	be$"ji:$ven
begjutna	5	word	be$"j}:t$na
begrav	5	word	be$"grA:v
begravna	5	word	be$"grA:v$na
begräto	5	word	
begärelsen	5	word	be$"jE:$rel$sen
begången	5	word	
behaglig	5	word	be$"hA:$glIg
behöll	5	word	be$"h9l
bekräfta	5	word	be$"krEf$ta
bemötte	5	word	be$"m9$te
benjaminiterna	5	word	
benkläder	5	word	""be:n$%klE:$der
bergets	5	word	"bEr$jets
bergfäste	5	word	
bergstopparna	5	word	""bErjs$%tO$pa$n`a
berövar	5	word	be$"r2:$var
besett	5	word	
beskydd	5	word	be$"x\Yd
beskär	5	word	be$"x\E:r
beskära	5	word	be$"x\E:$ra
beskärmar	5	word	be$"x\Er$mar
besluta	5	word	be$"sl}:$ta
besmittelse	5	word	be$"smI$tel$se
bespottaren	5	word	be$"spO$ta$ren
besteg	5	word	be$"ste:g
besvärlig	5	word	be$"svE:$l`Ig
besättningar	5	word	be$"sEt$nIN$ar
beså	5	word	be$"so:
besök	5	word	be$"s2:k
betalningen	5	word	be$"tA:l$nIN$en
betesmarkerna	5	word	""be:$tes$%mar$ke$n`a
betrott	5	word	be$"trUt
betsel	5	word	"bEt$sel
betänkte	5	word	be$"tENk$te
bevingade	5	word	be$"vIN$a$de
bildade	5	word	""bIl$da$de
bjälkar	5	word	""bjEl$kar
bjälken	5	word	""bjEl$ken
bjällror	5	word	""bjEl$rUr
bjödo	5	word	
blandar	5	word	""bland$dar
blicka	5	word	""blI$ka
blixtra	5	word	""blIk$stra
blods	5	word	"blu:ds
blodsförvant	5	word	""blu:ds$f9r$%vant
blomstrar	5	word	""blOm$strar
bloss	5	word	"blOs
boende	5	word	""bu:$en$de
boningsplatser	5	word	
bostad	5	word	""bu:$%stA:d
botten	5	word	"bO$ten
brak	5	word	"brA:k
bringan	5	word	""brIN$an
broderlig	5	word	""bru:$de$l`Ig
brus	5	word	"br}:s
brännes	5	word	
brännoffersdjuren	5	word	
brötos	5	word	
buga	5	word	""b}:$ga
buller	5	word	"bu0$ler
bulnaden	5	word	""b}:l$na$den
busken	5	word	"bu0$sken
bygder	5	word	""bYg$der
byggnader	5	word	""bY$gna$der
bärare	5	word	""bE:$ra$re
bärga	5	word	""bEr$ja
bådas	5	word	""bo:$das
båtarna	5	word	""bo:$ta$n`a
bönehus	5	word	""b2:$ne$%h}:s
bördesrätt	5	word	
cittror	5	word	""sI$trUr
dagakarlen	5	word	""dA:$ga$%kA:$ren
darrar	5	word	""da$rar
delad	5	word	""de:$lad
delaktig	5	word	""de:l$%ak$tIg
desamma	5	word	de$"sa$ma
ditbort	5	word	di:t$"bOt`
ditfram	5	word	
djurens	5	word	"j}:$rens
djurs	5	word	"j}:s`
doften	5	word	"dOf$ten
dolda	5	word	""do:l$da
dragas	5	word	""drA:$gas
dristat	5	word	""drI$stat
drägligare	5	word	""drE:$glI$ga$re
dräpas	5	word	""drE:$pas
dräptes	5	word	""drE:p$tes
dråparfristaden	5	word	
dröjt	5	word	"dr9jt
drömt	5	word	"dr9mt
dundret	5	word	"du0n$dret
dygd	5	word	"dYgd
därhän	5	word	dEr$"hE:n
därinvid	5	word	dEr$In$"vi:d
därovanpå	5	word	dEr$""o:$van$%po:
dödsskuggans	5	word	""d9ts$%sku0$gans
döva	5	word	""d2:$va
efterforskningar	5	word	""Ef$ter$%fOs`$knIN$ar
efterföljer	5	word	""Ef$ter$%f9l$jer
efterkommandes	5	word	""Ef$ter$%kO$man$des
efterskänka	5	word	""Ef$ter$%x\EN$ka
eftertanke	5	word	""Ef$te$%t`aN$ke
ekar	5	word	""e:$kar
elda	5	word	""El$da
elefanter	5	word	e$le$"fan$ter
enfaldiga	5	word	""e:n$%fal$dI$ga
erfara	5	word	""e:r$%fA:$ra
erlägga	5	word	""e:r$%s'E$nas
etiopierna	5	word	e$tI$"u:$pI$e$n`a
falle	5	word	
fasthet	5	word	""fast$%he:t
feber	5	word	"fe:$ber
felsteg	5	word	""fe:l$%ste:g
femtionde	5	word	""fEm$tI$On$de
femtiotre	5	word	fem$tI$U$"tre:
fenor	5	word	""fe:$nUr
fet	5	word	"fe:t
fiendehand	5	word	""fi:$en$de$%hand
firas	5	word	""fi:$ras
fiskare	5	word	""fI$ska$re
flammade	5	word	""fla$ma$de
flickebarn	5	word	""flI$ke$%bA:n`
fliken	5	word	"fli:$ken
flit	5	word	"fli:t
flugsvärmar	5	word	""fl}:g$%svEr$mar
flyktingar	5	word	""flYk$tIN$ar
flyttar	5	word	""flY$tar
flög	5	word	"fl2:g
flöjt	5	word	"fl9jt
fogdarna	5	word	""fUg$da$n`a
fogde	5	word	""fUg$de
folkförsamlingen	5	word	""fOlk$f9$%s`am$lIN$en
folkskara	5	word	""fOlk$%skA:$ra
fore	5	word	
fostrar	5	word	""fU$strar
fotsid	5	word	""fu:t$%si:d
frambären	5	word	
frambäres	5	word	
framlade	5	word	""fram$%lA:$de
framlägga	5	word	""fram$%lE$ga
framom	5	word	""fram$%Om
framskriden	5	word	""fram$%skri:$den
framträdde	5	word	""fram$%trE$de
frestelser	5	word	""frE$stel$ser
fridsförbund	5	word	
fromhet	5	word	""frUm$%he:t
fruhuset	5	word	
fullkomna	5	word	""fu0l$%kOm$na
funnet	5	word	
furstes	5	word	""fu0$s`t`es
fyrtioett	5	word	f9$t`I$U$"Et
fyrtiofyra	5	word	f9$t`I$U$""fy:$ra
fädernestad	5	word	""fE:$de$n`e$%stA:d
fädernestam	5	word	
fänaden	5	word	""fE:$na$den
färgen	5	word	"fEr$jen
fåkunnighet	5	word	
fåle	5	word	""fo:$le
fållor	5	word	""fO$lUr
fångade	5	word	""fON$a$de
fångenskapens	5	word	""fON$en$%skA:$pens
fårhjordar	5	word	""fo:r$%ju:$d`ar
födelsedag	5	word	""f2:$del$se$%dA:g
födes	5	word	""f2:$des
förakten	5	word	
förband	5	word	f9r$"band
förbarmat	5	word	f9r$"bar$mat
förbidade	5	word	f9r$"bi:$da$de
förbidar	5	word	f9r$"bi:$dar
förbiden	5	word	
förbjudes	5	word	f9r$"bj}:$des
förblevo	5	word	
förblive	5	word	
förda	5	word	
fördragen	5	word	f9$"d`rA:$gen
fördärvad	5	word	f9$"d`Er$vad
fördärvare	5	word	f9$"d`Er$va$re
fördömer	5	word	f9$"d`9$mer
förebrå	5	word	""f2:$re$%bro:
förebrådde	5	word	""f2:$re$%brO$de
förekomma	5	word	""f2:$re$%kO$ma
förening	5	word	f9r$"e:$nIN
förestod	5	word	""f2:$re$%stu:d
företagit	5	word	""f2:$re$%tA:$gIt
företogo	5	word	
förfaras	5	word	f9r$"fA:$ras
förfor	5	word	f9r$"fu:r
förforo	5	word	
förfärdigande	5	word	f9r$"fE:$d`I$gan$de
förförde	5	word	f9r$"f2:$d`e
förgängelsen	5	word	f9r$"jEN$el$sen
förgätna	5	word	f9r$"jE:t$na
förhoppning	5	word	f9r$"hOp$nIN
förhärligar	5	word	f9r$"hE:$l`I$gar
förhålla	5	word	f9r$"hO$la
förhåller	5	word	f9r$"hO$ler
förklaras	5	word	f9r$"klA:$ras
förlade	5	word	f9$"l`A:$de
förleder	5	word	""f2:$%l`e:$der
förlitade	5	word	f9$"l`i:$ta$de
förlitande	5	word	f9$"l`i:$tan$de
förloren	5	word	
förlåtit	5	word	f9$"l`o:$tIt
förmätenhet	5	word	f9r$"mE:$ten$he:t
förmåner	5	word	""f2:r$%mo:$ner
förmörkat	5	word	f9r$"m9r$kat
förnedring	5	word	f9$"n`e:$drIN
förnäm	5	word	f9$"n`E:m
förrättar	5	word	f9r$"rE$tar
förrådd	5	word	
förrådde	5	word	f9r$"rO$de
förrådsstäder	5	word	
förrått	5	word	f9r$"rOt
församlen	5	word	
förseelser	5	word	f9$"s`e:$el$ser
förskingrar	5	word	f9r$"x\IN$rar
förskräcktes	5	word	f9$"s`krEk$tes
försonad	5	word	f9$"s`u:$nad
förstocka	5	word	
förstör	5	word	f9$"s`t`2:r
förstöras	5	word	f9$"s`t`2:$ras
försvarare	5	word	f9$"s`vA:$ra$re
försvinnande	5	word	f9$"s`vI$nan$de
försäkran	5	word	f9$"s`E:$kran
förtalar	5	word	f9$"t`A:$lar
förtjäna	5	word	f9r$"s'E:$na
förtjänat	5	word	f9r$"s'E:$nat
förtryckarens	5	word	f9$"t`rY$ka$rens
förtrytelse	5	word	f9$"t`ry:$tel$se
förts	5	word	"f2:t`s`
förtäckta	5	word	f9$"t`Ek$ta
förtörnen	5	word	
förvillar	5	word	f9r$"vI$lar
förvirrade	5	word	f9r$"vI$ra$de
förändra	5	word	f9r$"En$dra
förändrade	5	word	f9r$"En$dra$de
förödd	5	word	
förökat	5	word	f9r$"2:$kat
föröke	5	word	
gafflarna	5	word	""ga$fla$n`a
galla	5	word	""ga$la
gallan	5	word	""ga$lan
gapet	5	word	"gA:$pet
gaseller	5	word	ga$"sE$ler
genomborrar	5	word	""je:$nOm$%bO$rar
gera	5	word	
gersoniternas	5	word	
gesuréernas	5	word	
girgaséerna	5	word	
gisselslag	5	word	""jI$sel$%slA:g
givits	5	word	""ji:$vIts
gjut	5	word	"j}:t
glansen	5	word	"glan$sen
glädjedag	5	word	
glömska	5	word	""gl9m$ska
gom	5	word	"gUm
gossarna	5	word	""gO$sa$n`a
gottgörelse	5	word	""gOt$%j2:$rel$se
grek	5	word	"gre:k
grottorna	5	word	""grO$tU$n`a
grundade	5	word	""gru0n$da$de
grushög	5	word	""gr}:s$%h2:g
grymt	5	word	"grYmt
gryta	5	word	""gry:$ta
gudinna	5	word	gu0$""dI$na
gudsmannens	5	word	""gu0ts$%ma$nens
guldsmederna	5	word	""gu0ld$%sme:$de$n`a
gärningarna	5	word	""jE:$n`IN$a$n`a
gästerna	5	word	""jE$ste$n`a
gångerna	5	word	""gON$e$n`a
gåta	5	word	""go:$ta
gåtor	5	word	""go:$tUr
gödsel	5	word	
gömslen	5	word	""j9m$slen
görare	5	word	""j2:$ra$re
ha	5	word	"hA:
handa	5	word	""han$da
handpåläggning	5	word	""hand$po:$%lE$gnIN
handslag	5	word	""hand$%slA:g
hantera	5	word	han$"te:$ra
harmas	5	word	""har$mas
harpan	5	word	""har$pan
hastade	5	word	""ha$sta$de
hastar	5	word	""ha$star
havskusten	5	word	""hafs$%ku0$sten
hedersamt	5	word	""he:$de$%s`amt
hedmarker	5	word	""he:d$%mar$ker
hednisk	5	word	"he:d$nIsk
hedrad	5	word	""he:$drad
helgedoms	5	word	""hEl$ge$%dUms
helgen	5	word	"hEl$jen
hemlig	5	word	""hEm$lIg
hindrade	5	word	""hIn$dra$de
hivéernas	5	word	
hjort	5	word	"jUt`
hjälm	5	word	"jElm
hjärtesorg	5	word	""jE$t`e$%sOrj
hjässa	5	word	""jE$sa
hjässan	5	word	""jE$san
hopade	5	word	""hu:$pa$de
hotar	5	word	""hu:$tar
hotat	5	word	""hu:$tat
hovmästare	5	word	""ho:v$%mE$sta$re
huggormars	5	word	""hu0g$%Ur$mas`
hundar	5	word	""hu0n$dar
hunden	5	word	"hu0n$den
hungerår	5	word	""hu0N$er$%o:r
hungrande	5	word	
husatiten	5	word	
husgudar	5	word	""h}:s$%g}:$dar
hustrurs	5	word	""hu0$str}:s`
hy	5	word	"hy:
hädade	5	word	""hE:$da$de
hägnad	5	word	""hEN$nad
härarna	5	word	""hE:$ra$n`a
härjande	5	word	""hEr$jan$de
härkomst	5	word	""hE:r$%kOmst
härlige	5	word	""hE:$l`I$ge
härskaran	5	word	""hE:$%s`kA:$ran
härstamma	5	word	""hE:$%s`t`a$ma
håren	5	word	"ho:$ren
högljudd	5	word	""h2:g$%ju0d
högtidskläder	5	word	""h9k$ti:ds$%klE:$der
höjes	5	word	""h9$jes
höljas	5	word	
hörsammade	5	word	""h2:$%s`a$ma$de
idisslar	5	word	""i:$%dI$slar
iförde	5	word	
ihågkommen	5	word	
iklädda	5	word	""i:$%klE$da
inbjudna	5	word	
inbärgen	5	word	
infattning	5	word	""In$%fat$nIN
infödingen	5	word	""In$%f2:$dIN$en
införa	5	word	""In$%f2:$ra
ingivit	5	word	""In$%ji:$vIt
ingångarna	5	word	""IN$%gON$a$n`a
inlät	5	word	""In$%lE:t
inomhus	5	word	""I$nOm$%h}:s
insätta	5	word	""In$%sE$ta
intag	5	word	""In$%tA:g
inträffade	5	word	""In$%trE$fa$de
invändigt	5	word	
irra	5	word	""I$ra
israelitiske	5	word	Is$ra$e$"li:$tI$ske
jordstycke	5	word	""ju:d`$%s`t`Y$ke
jubelår	5	word	""j}:$bel$%o:r
jublen	5	word	"j}:$blen
jämföra	5	word	""jEm$%f2:$ra
jämrade	5	word	""jEm$ra$de
kainéerna	5	word	
kala	5	word	""kA:$la
kall	5	word	"kal
kalmus	5	word	"kal$mu0s
kanel	5	word	ka$"ne:l
kanske	5	word	""kan`$s`e
kansleren	5	word	
karbunkel	5	word	kar$"bu0N$kel
karneol	5	word	ka$n`e$"o:l
kedja	5	word	""s'e:d$ja
kedjan	5	word	""s'e:d$jan
kistan	5	word	""s'I$stan
klar	5	word	"klA:r
klara	5	word	""klA:$ra
klarare	5	word	""klA:$ra$re
klentrogne	5	word	""kle:n$%tru:$gne
klippor	5	word	""klI$pUr
klotformiga	5	word	""klu:t$%fOr$mI$ga
kläd	5	word	
knoppar	5	word	""knO$par
knorrande	5	word	""knO$ran$de
konstarbeten	5	word	
konstmässigt	5	word	""kOnst$%mE$sIkt
kornet	5	word	"ku:$n`et
krav	5	word	"krA:v
krigshären	5	word	""krIks$%hE:$ren
krigsredskap	5	word	
kristall	5	word	krI$"stal
kroppslig	5	word	""krOp$slIg
kränker	5	word	"krEN$ker
krävde	5	word	""krE:v$de
kräver	5	word	"krE:$ver
kunglig	5	word	""ku0N$lIg
kunskapens	5	word	""ku0n$%skA:$pens
kvinnors	5	word	""kvI$nUs`
kämpade	5	word	""s'Em$pa$de
kämpe	5	word	""s'Em$pe
kännas	5	word	""s'E$nas
käpparna	5	word	""s'E$pa$n`a
kärare	5	word	""s'E:$ra$re
kärleksäpplen	5	word	
kåpan	5	word	""ko:$pan
köld	5	word	"s'9ld
köpmännen	5	word	""s'2:p$%mE$nen
köpta	5	word	"s'9p$ta
körde	5	word	""s'2:$d`e
köttets	5	word	"s'9$tets
lagboken	5	word	""lA:g$%bu:$ken
lam	5	word	"lA:m
landsfurste	5	word	
landsfursten	5	word	
larma	5	word	""lar$ma
lejd	5	word	"lEjd
lejons	5	word	""lE$jOns
liden	5	word	""li:$den
lin	5	word	"li:n
linnekläder	5	word	
livskraft	5	word	""lIfs$%kraft
livsuppehälle	5	word	""lIfs$u0$pe$%hE$le
livvakt	5	word	""li:v$%vakt
ljugit	5	word	""j}:$gIt
ljungeld	5	word	""ju0N$%Eld
ljungelden	5	word	""ju0N$%El$den
lovets	5	word	"lo:$vets
luft	5	word	"lu0ft
lummiga	5	word	""lu0$mI$ga
lupit	5	word	
lustgårdar	5	word	""lu0st$%go:$d`ar
lyckosamma	5	word	""lY$kU$%sa$ma
lysande	5	word	""ly:$san$de
lägel	5	word	""lE:$gel
läglig	5	word	""lE:$glIg
lägrar	5	word	""lE:$grar
läkaren	5	word	""lE:$ka$ren
läkt	5	word	"lE:kt
lämnades	5	word	""lEm$na$des
längesedan	5	word	""lEN$e$%se:$dan
längta	5	word	""lEN$ta
lärjungarnas	5	word	""lE:r$%ju0N$a$n`as
läser	5	word	"lE:$ser
läten	5	word	""lE:$ten
lättnad	5	word	""lEt$nad
låda	5	word	""lo:$da
lågorna	5	word	""lo:$gU$n`a
löftena	5	word	""l9f$te$na
lögnen	5	word	"l9N$nen
maktlös	5	word	""makt$%l2:s
manade	5	word	""mA:$na$de
manar	5	word	""mA:$nar
mandråpare	5	word	
manlig	5	word	""man$lIg
mannat	5	word	
marmor	5	word	""mar$mUr
middagstiden	5	word	""mI$dA:gs$%ti:$den
milt	5	word	"mIlt
missgärnings	5	word	""mIs$%jE:$n`INs
misslynta	5	word	""mI$%slYn$ta
missmodig	5	word	""mI$%smu:$dIg
mist	5	word	"mIst
moabitiskan	5	word	
mognad	5	word	""mu:$gnad
molnstod	5	word	""mo:ln$%stu:d
molnstoden	5	word	""mo:ln$%stu:$den
morgondagen	5	word	""mOr$gOn$%dA:$gen
morgonens	5	word	""mOr$gO$nens
motsats	5	word	""mu:t$%sats
motståndarna	5	word	""mu:t$%stOn$da$n`a
mulåsna	5	word	""m}:l$%o:$sna
munskänk	5	word	""mu0n$%x\ENk
munskänken	5	word	""mu0n$%x\EN$ken
mura	5	word	""m}:$ra
musikinstrumenter	5	word	
myckenhets	5	word	""mY$ken$%he:ts
människoben	5	word	
märg	5	word	"mErj
mätstången	5	word	""mE:t$%stON$en
mödat	5	word	
möter	5	word	"m2:$ter
nedbruten	5	word	""ne:d$%br}:$ten
nedbrutna	5	word	""ne:d$%br}:t$na
nedbryta	5	word	""ne:d$%bry:$ta
nedböjda	5	word	""ne:d$%b9j$da
nedre	5	word	"ne:$dre
nuvarande	5	word	""n}:$%vA:$ran$de
nymånad	5	word	
nymånader	5	word	
nymånadsdagen	5	word	
nyttiga	5	word	""nY$tI$ga
nämnde	5	word	""nEmn$de
näpsa	5	word	""nEp$sa
nådegärningar	5	word	
nådigt	5	word	""no:$dIkt
nötas	5	word	""n2:$tas
ocker	5	word	"O$ker
offergärdslåret	5	word	
offergåvan	5	word	""O$fer$%go:$van
offerkistorna	5	word	
oförfärade	5	word	""u:$f9r$%fE:$ra$de
oförgängligt	5	word	""u:$f9r$%jEN$lIkt
oförståndige	5	word	
ogudaktighetens	5	word	""u:$g}:d$ak$tIg$%he:$tens
ogärningsmännens	5	word	""u:$jE:$n`INs$%mE$nens
okunnighet	5	word	""u:$ku0$nIg$%he:t
olikt	5	word	""u:$%li:kt
omfång	5	word	""Om$%fON
omgiver	5	word	
omgåvo	5	word	
omskärelsen	5	word	""Om$%x\E:$rel$sen
omslöt	5	word	""Om$%sl2:t
omstörta	5	word	""Om$%st9$t`a
omstörtat	5	word	
omväg	5	word	""Om$%vE:g
omvänden	5	word	
omvärvde	5	word	
onyxstenar	5	word	
oomskuret	5	word	""u:$Om$%sk}:$ret
ordspråket	5	word	""u:d`$%s`pro:$ket
orenad	5	word	""u:$%re:$nad
orsaken	5	word	""u:$%s`A:$ken
orättfärdigas	5	word	""u:$rEt$%fE:$d`I$gas
orättrådige	5	word	
oskäliga	5	word	""u:$%x\E:$lI$ga
oskära	5	word	
oskärade	5	word	
otrogen	5	word	""u:$%tru:$gen
otuktig	5	word	""u:$%tu0k$tIg
ovilja	5	word	""u:$%vIl$ja
ovänskap	5	word	""u:$vEn$%skA:p
paddorna	5	word	""pa$dU$n`a
panter	5	word	""pan$ter
parti	5	word	pa$"t`i:
passar	5	word	""pa$sar
pelarhuvud	5	word	
pelarhuvudet	5	word	
penning	5	word	""pE$nIN
penningpung	5	word	""pE$nIN$%pu0N
pina	5	word	""pi:$na
plan	5	word	"plA:n
plankor	5	word	""plaN$kUr
platsens	5	word	"plat$sens
plogen	5	word	"plu:$gen
plundringståg	5	word	""plu0n$drINs$%to:g
prisas	5	word	""pri:$sas
prisgiva	5	word	""pri:s$%ji:$va
prisgiven	5	word	""pri:s$%ji:$ven
profetens	5	word	prU$"fe:$tens
profetiska	5	word	prU$"fe:$tI$ska
profetissan	5	word	prU$fe$""tI$san
prytt	5	word	"prYt
prövas	5	word	""pr2:$vas
psalmer	5	word	""sal$mer
puka	5	word	""p}:$ka
purpurröda	5	word	""pu0r$pu0r$%r2:$da
putéer	5	word	
påminnelse	5	word	""po:$%mI$nel$se
påskoffer	5	word	
påstå	5	word	""po:$%sto:
raglar	5	word	
randen	5	word	"ran$den
rannsaka	5	word	""ran$%sA:$ka
rasar	5	word	""rA:$sar
regerar	5	word	re$"je:$rar
rensa	5	word	""rEn$sa
rensar	5	word	""rEn$sar
resliga	5	word	""re:$slI$ga
rikena	5	word	""ri:$ke$na
rimfrost	5	word	""rIm$%frOst
rinnande	5	word	
ropande	5	word	
rovfåglar	5	word	""ru:v$%fo:$glar
rund	5	word	"ru0nd
rustningar	5	word	""ru0st$nIN$ar
ryggar	5	word	""rY$gar
rykande	5	word	
ryter	5	word	"ry:$ter
räddhåga	5	word	""rEd$%ho:$ga
räknen	5	word	
rätte	5	word	""rE$te
rättssak	5	word	""rEts$%sA:k
råka	5	word	""ro:$ka
rått	5	word	"rOt
röjer	5	word	""r9$jer
rött	5	word	"r9t
sadducéerna	5	word	sa$d}:$"se:$e$n`a
sammanfogat	5	word	
sammanlagt	5	word	""sa$man$%lakt
samtidigt	5	word	""sam$%ti:$dIkt
samveten	5	word	""sam$%ve:$ten
samvetets	5	word	""sam$%ve:$tets
sanne	5	word	""sa$ne
sannfärdiga	5	word	""san$%fE:$d`I$ga
sedd	5	word	"sEd
sedda	5	word	""sE$da
segla	5	word	""se:$gla
senapskorn	5	word	""se:$naps$%ku:n`
sextiofem	5	word	sek$stI$U$"fEm
sidokamrarna	5	word	
sidoniernas	5	word	
signet	5	word	sIN$"ne:t
silverkärl	5	word	
sinnade	5	word	""sI$na$de
sjunger	5	word	"x\u0N$er
skadar	5	word	""skA:$dar
skadeglädje	5	word	""skA:$de$%glE:d$je
skakade	5	word	""skA:$ka$de
skakades	5	word	""skA:$ka$des
skattkammare	5	word	""skat$%ka$ma$re
skattkamrarna	5	word	
skepnad	5	word	""x\e:p$nad
skicklighet	5	word	""x\I$klIg$%he:t
skinnsaken	5	word	
sko	5	word	"sku:
skogarna	5	word	""sku:$ga$n`a
skorem	5	word	""sku:$%rEm
skriar	5	word	""skri:$ar
skriftlärdes	5	word	""skrIft$%lE:$d`es
skuldra	5	word	""sku0l$dra
skuldror	5	word	""sku0l$drUr
skyler	5	word	"x\y:$ler
skyndar	5	word	""x\Yn$dar
skäligt	5	word	""x\E:$lIkt
skälva	5	word	""x\El$va
slakten	5	word	"slak$ten
slocknat	5	word	""slO$knat
sluten	5	word	""sl}:$ten
släpas	5	word	""slE:$pas
slättlandet	5	word	""slEt$%land$det
slån	5	word	"slo:n
slås	5	word	"slo:s
smordes	5	word	
smulor	5	word	""sm}:$lUr
smycke	5	word	""smY$ke
smädad	5	word	""smE:$dad
smälte	5	word	""smEl$te
smälter	5	word	"smEl$ter
småningom	5	word	""smo:$nIN$Om
sold	5	word	"sOld
solsken	5	word	""su:l$%x\e:n
solstoder	5	word	
sommar	5	word	""sO$mar
sonson	5	word	""so:n$%so:n
sorgelåt	5	word	
sorgsen	5	word	""sOrj$sen
spartanerna	5	word	spar$"tA:$ne$n`a
sparvar	5	word	""spar$var
spel	5	word	"spe:l
spetälskan	5	word	""spE$%tEl$skan
spikar	5	word	""spi:$kar
spillror	5	word	""spIl$rUr
spott	5	word	"spOt
springande	5	word	""sprIN$an$de
spyor	5	word	""spy:$Ur
spåren	5	word	"spo:$ren
stekt	5	word	"ste:kt
stentavlorna	5	word	""ste:n$%tA:v$lU$n`a
sticka	5	word	""stI$ka
stjäl	5	word	"x\E:l
stjärna	5	word	""x\E:$n`a
stolt	5	word	"stOlt
stormar	5	word	""stOr$mar
stråla	5	word	""stro:$la
strålar	5	word	""stro:$lar
strövtåg	5	word	""str2:v$%to:g
styrelsen	5	word	""sty:$rel$sen
styrkas	5	word	""stYr$kas
styrkt	5	word	"stYrkt
stämpla	5	word	""stEm$pla
stämplar	5	word	""stEm$plar
stäng	5	word	"stEN
stängas	5	word	""stEN$as
stängt	5	word	"stENt
stödjepelare	5	word	
stötta	5	word	""st9$ta
sunt	5	word	"su0nt
svaren	5	word	"svA:$ren
svaret	5	word	"svA:$ret
svält	5	word	"svElt
svärjen	5	word	
syndarens	5	word	""sYn$da$rens
syndofferstjuren	5	word	
synds	5	word	"sYnds
synlig	5	word	""sy:n$lIg
synligt	5	word	""sy:n$lIkt
syrad	5	word	""sy:$rad
sädesutgjutning	5	word	
sälla	5	word	""sE$la
sälta	5	word	""sEl$ta
sänklod	5	word	""sENk$%lu:d
sångerskor	5	word	""sON$e$s`kUr
såningsmannen	5	word	""so:$nINs$%ma$nen
sönderkrossa	5	word	""s9n$der$%krO$sa
sönderslås	5	word	
söndring	5	word	""s9n$drIN
sötma	5	word	""s9t$ma
tacke	5	word	
tackor	5	word	""ta$kUr
taladen	5	word	
tapperhet	5	word	""ta$per$%he:t
tempelberget	5	word	""tEm$pel$%bEr$jet
tempelkammare	5	word	
tenn	5	word	"tEn
tiderna	5	word	""ti:$de$n`a
tigga	5	word	""tI$ga
tillföllo	5	word	
tillhörigheter	5	word	""tIl$h2:$rIg$%he:$ter
tillkallade	5	word	""tIl$%ka$la$de
tillkom	5	word	""tIl$%kOm
tillsatte	5	word	
tillslöt	5	word	""tIl$%sl2:t
tillspillogivet	5	word	
tiotusental	5	word	""ti:$U$%t}:$sen$tA:l
tjänarens	5	word	""s'E:$na$rens
tjänstekvinnor	5	word	""s'En$ste$%kvI$nUr
tjänstekvinnorna	5	word	""s'En$ste$%kvI$nU$n`a
topas	5	word	tU$"pA:s
torg	5	word	"tOrj
torkar	5	word	""tOr$kar
tredjedels	5	word	""tre:d$je$%de:ls
trettiosex	5	word	tre$tI$U$"sEks
triumfera	5	word	trI$u0m$"fe:$ra
trolldomskonster	5	word	""trOl$dUms$%kOn$ster
trolovad	5	word	
trädens	5	word	"trE:$dens
trädgårdsporten	5	word	
trätgirig	5	word	""trE:t$%ji:$rIg
tråd	5	word	"tro:d
trög	5	word	"tr2:g
tröstare	5	word	""tr9$sta$re
tungans	5	word	""tu0N$ans
tungas	5	word	""tu0N$as
tunna	5	word	""tu0$na
tusenden	5	word	""t}:$sen$den
tvister	5	word	""tvI$ster
tyckes	5	word	""tY$kes
tygvåder	5	word	
tystnad	5	word	""tYst$nad
täcken	5	word	""tE$ken
täcket	5	word	""tE$ket
täcktes	5	word	""tEk$tes
tältläger	5	word	""tElt$%lE:$ger
tänden	5	word	
tågen	5	word	"to:$gen
tåget	5	word	"to:$get
tål	5	word	"to:l
tålig	5	word	""to:$lIg
tåligt	5	word	""to:$lIkt
tålmodig	5	word	
umgälla	5	word	""u0m$%E$la
undandraga	5	word	""u0n$dan$%drA:$ga
undantag	5	word	""u0n$dan$%tA:g
underdånighet	5	word	""u0n$de$d`o:$nIg$%he:t
undergå	5	word	""u0n$der$%go:
underhövitsmän	5	word	
underlagt	5	word	
underlivet	5	word	""u0n$de$%l`i:$vet
underordnen	5	word	
underrättade	5	word	""u0n$de$%rE$ta$de
understödja	5	word	""u0n$de$%s`t`2:d$ja
undersåtar	5	word	""u0n$de$%s`o:$tar
undfick	5	word	""u0nd$%fIk
unnar	5	word	""u0$nar
uppegga	5	word	""u0p$%E$ga
uppenbarelsen	5	word	""u0$pen$%bA:$rel$sen
uppfostrare	5	word	""u0p$%fU$stra$re
uppfyllen	5	word	
uppgick	5	word	""u0p$%jIk
uppgivas	5	word	""u0p$%ji:$vas
upphänga	5	word	""u0p$%hEN$a
upphöjda	5	word	""u0p$%h9j$da
upphöjning	5	word	""u0p$%h9j$nIN
uppkallas	5	word	""u0p$%ka$las
upplopp	5	word	""u0p$%lOp
uppmana	5	word	""u0p$%mA:$na
uppsatte	5	word	""u0p$%sa$te
uppstiga	5	word	""u0p$%sti:$ga
uppställda	5	word	""u0p$%stEl$da
uppsyningsmän	5	word	""u0p$sy:$nINs$%mEn
utbredda	5	word	
utgångar	5	word	""}:t$%gON$ar
utgöras	5	word	""}:t$%j2:$ras
uthamrat	5	word	
utkrävas	5	word	""}:t$%krE:$vas
utkrävt	5	word	
utlovade	5	word	""}:t$%lo:$va$de
utländska	5	word	""}:t$%lEnd$ska
utrotar	5	word	""}:t$%ru:$tar
utrustade	5	word	""}:t$%ru0$sta$de
uträcker	5	word	""}:t$%rE$ker
utskiftas	5	word	""}:t$%x\If$tas
utsträckt	5	word	""}:t$%strEkt
uttalar	5	word	""}:t$%tA:$lar
uttorka	5	word	""}:t$%tOr$ka
uttydde	5	word	
utvaldas	5	word	""}:t$%vA:l$das
utverka	5	word	""}:t$%vEr$ka
vadställena	5	word	""vA:d$%stE$le$na
vagnshjul	5	word	""vaNns$%j}:l
vagnsstäderna	5	word	
vaknat	5	word	""vA:$knat
vakthållningen	5	word	""vakt$%hOl$nIN$en
vallar	5	word	""va$lar
vanärad	5	word	
vanärade	5	word	""vA:$%nE:$ra$de
vapenrustning	5	word	
varden	5	word	
varefter	5	word	"vA:$ref$ter
vargar	5	word	""var$jar
vattenledning	5	word	""va$ten$%le:d$nIN
vederkvickt	5	word	
verkade	5	word	""vEr$ka$de
verksamhet	5	word	""vErk$sam$%he:t
vette	5	word	""vE$te
vidlåder	5	word	""vi:d$%lo:$der
vildmark	5	word	""vIld$%mark
villkoret	5	word	""vIl$%ko:$ret
vingarna	5	word	""vIN$a$n`a
vinlägel	5	word	""vi:n$%lE:$gel
vinpress	5	word	""vi:n$%prEs
visare	5	word	""vi:$sa$re
vissnar	5	word	""vI$snar
vädret	5	word	"vE:$dret
vädurens	5	word	""vE:$%d}:$rens
vägra	5	word	""vE:$gra
vägrar	5	word	""vE:$grar
vägs	5	word	"vE:gs
vägvisare	5	word	""vE:g$%vi:$sa$re
välförtjänta	5	word	""vE:l$f9r$%s'E:n$ta
vällust	5	word	""vE:l$%lu0st
vältra	5	word	""vEl$tra
vänliga	5	word	""vEn$lI$ga
värld	5	word	"vE:d`
värmde	5	word	""vErm$de
väsendenas	5	word	"vE:$sen$de$nas
växter	5	word	""vEk$ster
våldets	5	word	"vOl$dets
våldsgärningar	5	word	""vOlds$%jE:$n`IN$ar
vållas	5	word	""vO$las
vårdar	5	word	""vo:$d`ar
vårdare	5	word	""vo:$d`a$re
ylle	5	word	""Y$le
ypperste	5	word	
yvas	5	word	""y:$vas
yxan	5	word	""Yk$san
Än	5	word	
Ät	5	word	"E:t
Översteprästen	5	word	""2:$ve$s`t`e$%prE$sten
ädel	5	word	"E:$del
ädlingarna	5	word	""E:d$lIN$a$n`a
ägnar	5	word	""EN$nar
ägt	5	word	"E:gt
äktenskap	5	word	""Ek$ten$%skA:p
äktenskapsbryterskor	5	word	
ändamål	5	word	""En$da$%mo:l
änglars	5	word	""EN$las`
änkekläder	5	word	
änkorna	5	word	""EN$kU$n`a
äras	5	word	""E:$ras
ärenden	5	word	""E:$ren$den
ärorika	5	word	""E:$rU$%ri:$ka
ättling	5	word	""Et$lIN
ävlas	5	word	""E:v$las
åkerstycket	5	word	
åligger	5	word	""o:$%lI$ger
ålägga	5	word	""o:$%lE$ga
ålägger	5	word	""o:$%lE$ger
återse	5	word	""o:$te$%s`e:
återstå	5	word	""o:$te$%s`t`o:
ö	5	word	"2:
öarna	5	word	""2:$a$n`a
ödmjukat	5	word	
ögonlock	5	word	""2:$gOn$%lOk
ögonsten	5	word	""2:$gOn$%ste:n
ömse	5	word	""9m$se
ön	5	word	"2:n
öppningen	5	word	""9p$nIN$en
örhängen	5	word	""2:r$%hEN$en
överenskommelse	5	word	2:$ve$""rEn$%skO$mel$se
överensstämmelse	5	word	2:$ve$""rEns$%stE$mel$se
överfaller	5	word	""2:$ver$%fa$ler
övergivet	5	word	""2:$ver$%ji:$vet
överhet	5	word	""2:$ver$%he:t
överträdarna	5	word	""2:$ve$%t`rE:$da$n`a
överträder	5	word	""2:$ve$%t`rE:$der
övervinna	5	word	""2:$ver$%vI$na
Abi	4	name	
Abidan	4	name	
Abieser	4	name	
Abihail	4	name	
Abinoams	4	name	
Adna	4	name	
Ahiman	4	name	
Ahira	4	name	
Aja	4	name	""a$ja
Ajas	4	name	""a$jas
Aksib	4	name	
Alemet	4	name	
Alltsammans	4	word	alt$"sa$mans
Amaleks	4	name	
Amasai	4	name	
Ammaus	4	name	
Ammi	4	name	
Ammiels	4	name	
Amrams	4	name	
Anas	4	name	""A:$nas
Arimatea	4	name	
Arpads	4	name	
Artaxerxes	4	name	
Asasel	4	name	
Asdods	4	name	
Askalon	4	name	
Asuba	4	name	
Atarot	4	name	
Aten	4	name	a$"te:n
Aters	4	name	
Atrot	4	name	
Attai	4	name	
Avhåll	4	word	""A:v$%hOl
Baalat	4	name	
Bamot	4	name	
Banis	4	name	
Bartolomeus	4	name	ba$t`U$lU$"me:$u0s
Benjaminsporten	4	name	
Berias	4	name	
Besais	4	name	
Beser	4	word	
Blott	4	word	"blOt
Bosenai	4	name	
Bredvid	4	word	bre$"vi:d
Bryt	4	word	"bry:t
Bröder	4	word	"br2:$der
Bygg	4	word	"bYg
Bäst	4	word	"bEst
Båda	4	word	""bo:$da
Ciliciens	4	name	
Dalporten	4	name	
Deguels	4	name	
Derbe	4	name	
Dessutom	4	word	de$""s}:$tOm
Dositeus	4	name	
Dotaim	4	name	
Druvdalen	4	name	
Dyngporten	4	name	
Därunder	4	word	dEr$"u0n$der
Döden	4	word	"d2:$den
Efer	4	name	
Efraimsporten	4	name	
Efrata	4	name	
Efrons	4	name	
Ekrons	4	name	
Elat	4	name	
Elhanan	4	name	
Elisur	4	name	
Elot	4	name	
Estemoa	4	name	
Etiopiens	4	name	e$tI$"u:$pI$ens
Fallen	4	word	""fa$len
Fiskporten	4	name	
Folk	4	word	"fOlk
Fruktansvärd	4	word	""fru0k$tans$%vE:d`
Främlingen	4	word	""frEm$lIN$en
Furstarna	4	word	""fu0$s`t`a$n`a
Fårporten	4	name	
Förtrösta	4	word	f9r$"tr9$sta
Gaas	4	name	
Gabriel	4	name	""gA:$brI$el
Galatien	4	name	ga$"lA:t$sI$en
Gamla	4	word	""gam$la
Gamliel	4	name	
Gedor	4	name	
Gemarja	4	name	
Gennesarets	4	name	
Gera	4	word	
Gerissim	4	name	
Gesem	4	name	
Giddels	4	name	
Glädje	4	word	""glE:d$je
Golan	4	name	gU$"lA:n
Goljat	4	name	
Gomer	4	word	
Gosan	4	name	
Gossen	4	word	""gO$sen
Gripen	4	word	"gri:$pen
Gråt	4	word	"gro:t
Guni	4	name	
HERRES	4	word	""hE$res
Hadads	4	name	
Hadareser	4	name	
Hade	4	word	""ha$de
Hadoram	4	name	
Hahirot	4	name	
Hajesimot	4	name	
Hanamel	4	name	
Hananeltornet	4	name	
Hananis	4	name	
Hannas	4	name	""ha$nas
Harim	4	name	
Hatak	4	name	
Hebers	4	name	
Hedmarkshavet	4	name	
Hemans	4	name	
Henadads	4	name	
Hesekiel	4	name	
Himmel	4	word	""hI$mel
Himmelriket	4	word	""hI$mel$%ri:$ket
Hittills	4	word	"hi:$tIls
Hores	4	name	
Horonaim	4	name	
Hosa	4	name	""hu:$sa
Hoseas	4	name	
Hugg	4	word	"hu0g
Huggen	4	word	""hu0$gen
Husam	4	name	
Husim	4	name	
Hälsa	4	word	""hEl$sa
Härigenom	4	word	"hE:r$I$je:$nOm
Hörnporten	4	name	
Idel	4	word	"i:$del
Isebels	4	name	
Jaakan	4	name	
Jaasanja	4	name	
Jaebes	4	name	
Jael	4	name	
Jaelam	4	name	
Jafets	4	name	
Jafo	4	name	
Jasons	4	name	
Jattir	4	name	
Jediael	4	name	
Jehudi	4	name	
Jerameel	4	name	
Jerameels	4	name	
Jerohams	4	name	
Jeser	4	name	
Jesurun	4	name	
Jimlas	4	name	
Jimna	4	name	
Jisvi	4	name	
Joktan	4	name	
Jordanbygdens	4	name	
Joses	4	name	
Ju	4	word	"ju0
Jubla	4	word	""j}:$bla
Kaldeen	4	name	
Karmis	4	name	
Kenaanas	4	name	
Kidron	4	name	
Knappt	4	word	"knapt
Kommer	4	word	"kO$mer
Konungar	4	word	""ko:$nu0N$ar
Kusan	4	name	
Kvinna	4	word	""kvI$na
Kärleken	4	word	""s'E:$%l`e:$ken
Leviterna	4	word	le$"vi:$te$n`a
Lotans	4	name	
Lydda	4	name	
Lämnen	4	word	
Maakas	4	name	
Magog	4	name	
Maktens	4	word	"mak$tens
Malkam	4	name	
Mattan	4	name	""ma$tan
Me	4	name	"mi:
Medeba	4	name	
Melki	4	name	
Menen	4	word	"me:$nen
Merib	4	name	
Merodak	4	name	
Mesa	4	name	
Mijamin	4	name	
Mikaja	4	name	
Miklot	4	name	
Molada	4	name	
Mordokais	4	name	
Människan	4	word	""mE$nI$x\an
Människors	4	word	""mE$nI$x\Us`
Mästaren	4	word	""mE$sta$ren
Natten	4	word	"na$ten
Nefeg	4	name	
Nekodas	4	name	
Nergal	4	name	
Nineves	4	name	
Numenius	4	name	
Nya	4	word	""ny:$a
Nära	4	word	""nE:$ra
Obot	4	name	
On	4	name	"On
Oreb	4	name	
Oren	4	word	""u:$%re:n
Ornans	4	name	
Pagiel	4	name	
Pallu	4	name	
Palmstaden	4	name	
Pashurs	4	name	
Perasim	4	name	
Petaja	4	name	
Pi	4	name	"pi:
Pisga	4	name	
Pisgas	4	name	
Predika	4	word	pre$"di:$ka
Profeterna	4	word	prU$"fe:$te$n`a
Rameses	4	name	
Refaja	4	name	
Reguels	4	name	
Rehabeams	4	name	
Rehobot	4	name	
Rekab	4	name	
Rik	4	word	"ri:k
Rispa	4	name	""rI$spa
Rogelskällan	4	name	
Ropen	4	word	"ru:$pen
Ros	4	name	"ru:s
Ruhama	4	name	
Rättfärdige	4	word	""rEt$%fE:$d`I$ge
Sackeus	4	name	
Safat	4	name	
Safats	4	name	
Sakarjas	4	name	
Salka	4	name	
Salma	4	name	
Sammansvärjning	4	word	""sa$man$%svErj$nIN
Saras	4	name	""sA:$ras
Sebub	4	name	
Seeb	4	name	
Sefon	4	name	
Selofhad	4	name	
Selomit	4	name	
Selomot	4	name	
Selumiel	4	name	
Semarja	4	name	
Semiramot	4	name	
Senir	4	name	
Sesan	4	name	
Sesbassar	4	name	
Sibbekai	4	name	
Sikris	4	name	
Silla	4	name	
Silvanus	4	name	
Simsai	4	name	
Sinear	4	name	
Sinears	4	name	
Sisak	4	name	
Sist	4	word	"sIst
Sittim	4	name	
Slätten	4	word	"slE$ten
Soans	4	name	
Sobab	4	name	
Sofar	4	name	
Som	4	word	
Sorobabel	4	name	
Stundom	4	word	""stu0n$dOm
Ställen	4	word	"stE$len
Stöten	4	word	"st2:$ten
Svarar	4	word	""svA:$rar
Sydlandets	4	name	
Tattenai	4	name	
Tekoas	4	name	
Temas	4	name	"te:$mas
Tillsammans	4	word	tIl$"sa$mans
Tror	4	word	"tru:r
Tvärtom	4	word	tvE$"t`Om
Upphöjd	4	word	""u0p$%h9jd
Ussas	4	name	
Ut	4	word	"}:t
Ute	4	word	"u:$te
Utgjut	4	word	""}:t$%j}:t
Utom	4	word	""}:$tOm
Varav	4	word	"vA:$rA:v
Varde	4	word	""vA:$d`e
Vare	4	word	""vA:$re
Vattnet	4	word	"vat$net
Vishetens	4	word	""vi:s$%he:$tens
ahoaiten	4	word	
alltings	4	word	""al$%tINs
aloe	4	word	""A:$lU$e
ammonitiskan	4	word	
anatotiten	4	word	
andars	4	word	""an$das`
anföll	4	word	""an$%f9l
anförda	4	word	""an$%f2:$d`a
anförtrott	4	word	""an$f9$%t`rUt
angeläget	4	word	""a$nje$%lE:$get
angriper	4	word	""aN$%gri:$per
angripit	4	word	""aN$%gri:$pIt
anklagelse	4	word	""an$%klA:$gel$se
anklagelser	4	word	""an$%klA:$gel$ser
anlade	4	word	""an$%lA:$de
anmälde	4	word	""an$%mE:l$de
annorstädes	4	word	""a$nU$%s`t`E:$des
ansattes	4	word	""an$%sa$tes
anseddaste	4	word	
ansett	4	word	""an$set
anställer	4	word	""an$%stE$ler
antände	4	word	""an$%tEn$de
använda	4	word	""an$%vEn$da
araben	4	word	a$"rA:$ben
arkiten	4	word	
arvsrätt	4	word	""arvs$%rEt
avbeta	4	word	""A:v$%be:$ta
avbilder	4	word	""A:v$%bIl$der
avdelningen	4	word	""A:v$%de:l$nIN$en
avdrag	4	word	""A:v$%drA:g
avfaller	4	word	
avgifter	4	word	""A:v$%jIf$ter
avgudabelätet	4	word	
avgudadyrkan	4	word	""A:v$g}:$da$%dYr$kan
avgudahus	4	word	
avhugget	4	word	""A:v$%hu0$get
avhuggna	4	word	""A:v$%hu0$gna
avlat	4	word	""A:v$lat
avlägga	4	word	""A:v$%lE$ga
avlägsen	4	word	""A:v$%lE:g$sen
avmäta	4	word	""A:v$%mE:$ta
avmätta	4	word	""A:v$%mE$ta
avog	4	word	""A:$vUg
avogt	4	word	""A:$vu:kt
avsatsen	4	word	""A:v$%sat$sen
avseende	4	word	""A:v$%se:$en$de
avsegla	4	word	""A:v$%se:$gla
avskaffa	4	word	""A:v$%ska$fa
avskilda	4	word	""A:v$%x\Il$da
avskriften	4	word	""A:v$%skrIf$ten
avskuret	4	word	
avtorka	4	word	""A:v$%tOr$ka
avtvå	4	word	""A:v$%tvo:
babylonierna	4	word	ba$bY$"lu:$nI$e$n`a
badade	4	word	""bA:$da$de
bakas	4	word	""bA:$kas
bakhållet	4	word	""bA:k$%hO$let
bakifrån	4	word	""bA:k$I$%fro:n
baklänges	4	word	""bA:k$%lEN$es
baktråg	4	word	""bA:k$%tro:g
bakverk	4	word	""bA:k$%vErk
banad	4	word	""bA:$nad
banen	4	word	"bA:$nen
barfota	4	word	""bA:r$%fu:$ta
barnets	4	word	"bA:$n`ets
bebyggare	4	word	be$"bY$ga$re
bedrog	4	word	be$"dru:g
befläckat	4	word	
befriade	4	word	be$"fri:$a$de
befälhavaren	4	word	be$""fE:l$%hA:$va$ren
begagna	4	word	be$"gaN$na
begraver	4	word	be$"grA:$ver
begrundade	4	word	be$"gru0n$da$de
begråta	4	word	be$"gro:$ta
behandlar	4	word	be$"hand$lar
behållit	4	word	be$"hO$lIt
behöllo	4	word	
behövande	4	word	be$"h2:$van$de
behövligt	4	word	be$"h2:v$lIkt
belägrad	4	word	
belägring	4	word	be$"lE:$grIN
benjaminiten	4	word	
bergfästena	4	word	
berövad	4	word	be$"r2:$vad
berövas	4	word	be$"r2:$vas
besegrade	4	word	be$"se:$gra$de
besinningen	4	word	be$"sI$nIN$en
beskaffenheten	4	word	be$"ska$fen$he:$ten
beskrivning	4	word	be$"skri:v$nIN
besmitta	4	word	be$"smI$ta
bespottarna	4	word	be$"spO$ta$n`a
bestyr	4	word	be$"sty:r
besvor	4	word	be$"svu:r
besvärjarna	4	word	be$"svEr$ja$n`a
besåg	4	word	be$"so:g
betade	4	word	""be:$ta$de
betalt	4	word	be$"tA:lt
betedde	4	word	be$"tE$de
betrycktas	4	word	
betrycktes	4	word	be$"trYk$tes
betäcker	4	word	be$"tE$ker
betäckt	4	word	be$"tEkt
betänken	4	word	
bevarad	4	word	be$"vA:$rad
bevilja	4	word	be$"vIl$ja
beviljade	4	word	be$"vIl$ja$de
bidar	4	word	""bi:$dar
bita	4	word	""bi:$ta
biter	4	word	"bi:$ter
bjudes	4	word	""bj}:$des
bjälkarna	4	word	""bjEl$ka$n`a
bjällra	4	word	""bjEl$ra
björnar	4	word	""bj2:$n`ar
blad	4	word	"blA:d
blindas	4	word	""blIn$das
blodgång	4	word	
blomsterband	4	word	
bläck	4	word	"blEk
blånad	4	word	""blo:$nad
blåsen	4	word	
bockarna	4	word	""bO$ka$n`a
bockars	4	word	""bO$kas`
bockens	4	word	"bO$kens
bortförde	4	word	""bOt`$%f2:$d`e
bortsopa	4	word	""bOt`$%s`u:$pa
boskapsskötsel	4	word	""bu:$skA:ps$%x\9t$sel
botas	4	word	""bu:$tas
branden	4	word	"bran$den
bristen	4	word	"brI$sten
brorson	4	word	""bru:$%s`o:n
brudgåva	4	word	""br}:d$%go:$va
brukas	4	word	""br}:$kas
brytes	4	word	""bry:$tes
bräddar	4	word	""brE$dar
brännoffersaltarets	4	word	
brännsåret	4	word	""brEn$%so:$ret
brödstycke	4	word	""br2:d$%stY$ke
brödstycket	4	word	""br2:d$%stY$ket
budbäraren	4	word	""b}:d$%bE:$ra$ren
budord	4	word	""b}:d$%u:d`
bundet	4	word	""bu0n$det
buske	4	word	""bu0$ske
byggd	4	word	"bYgd
bygges	4	word	
byggningsmän	4	word	
bytesvaror	4	word	""by:$tes$%vA:$rUr
bytte	4	word	""bY$te
bägarna	4	word	""bE:$ga$n`a
bäre	4	word	
bäres	4	word	
bättra	4	word	""bE$tra
bättren	4	word	
bådar	4	word	""bo:$dar
bågskyttar	4	word	""bo:g$%x\Y$tar
bår	4	word	"bo:r
böckerna	4	word	"b9$ke$n`a
böjt	4	word	"b9jt
bönfaller	4	word	""b2:n$%fa$ler
bördig	4	word	""b2:$d`Ig
bördigt	4	word	""b2:$d`Ikt
cypresser	4	word	sY$"prE$ser
dagbräckningen	4	word	""dA:g$%brE$knIN$en
dags	4	word	
dagsresa	4	word	""daks$%re:$sa
dalbygden	4	word	
daniternas	4	word	
delarna	4	word	""de:$la$n`a
diademet	4	word	di:$a$"de:$met
dimma	4	word	""dI$ma
domslut	4	word	""dUm$%sl}:t
domstolen	4	word	""dUm$%stu:$len
dotters	4	word	""dO$tes`
drabbats	4	word	""dra$bats
drage	4	word	
drinkare	4	word	""drIN$ka$re
driven	4	word	""dri:$ven
drivna	4	word	""dri:v$na
droppar	4	word	""drO$par
druvklase	4	word	""dr}:v$%klA:$se
druvorna	4	word	""dr}:$vU$n`a
druvsaft	4	word	""dr}:v$%saft
dryckeslag	4	word	""drY$kes$%lA:g
dräpen	4	word	
dråpslag	4	word	""dro:p$%slA:g
dundrar	4	word	""du0n$drar
dunkel	4	word	"du0N$kel
dyrbaraste	4	word	""dy:r$%bA:$ra$ste
dyrbarheter	4	word	""dy:r$bA:r$%he:$ter
därhemma	4	word	dE:r$""hE$ma
dåd	4	word	"do:d
dålig	4	word	""do:$lIg
dåna	4	word	""do:$na
dåra	4	word	""do:$ra
dårarna	4	word	""do:$ra$n`a
dödsdag	4	word	""d9ts$%dA:g
dölj	4	word	"d9lj
döme	4	word	
döparens	4	word	""d2:$pa$rens
dörrpost	4	word	""d9r$%pOst
edliga	4	word	""e:d$lI$ga
efterforska	4	word	""Ef$ter$%fO$s`ka
eftersinna	4	word	""Ef$te$%s`I$na
efterskänkte	4	word	
eftertänksamhet	4	word	""Ef$te$t`ENk$sam$%he:t
eldens	4	word	"El$dens
eldstod	4	word	""Eld$%stu:d
endas	4	word	
enfödde	4	word	""e:n$%f9$de
enskild	4	word	""e:n$%x\Ild
fabler	4	word	"fA:$bler
faderlösas	4	word	""fA:$de$%l`2:$sas
fallgropen	4	word	
falskeligen	4	word	""fal$ske$lI$gen
falskheten	4	word	""falsk$%he:$ten
farlig	4	word	""fA:$l`Ig
fasor	4	word	""fA:$sUr
faten	4	word	"fA:$ten
fatten	4	word	
fattigas	4	word	
febern	4	word	"fe:$ben`
fela	4	word	""fe:$la
femtiosex	4	word	fem$tI$U$"sEks
fester	4	word	""fE$ster
fikonkaka	4	word	
firades	4	word	""fi:$ra$des
flammande	4	word	
flyktande	4	word	
fläckarna	4	word	""flE$ka$n`a
fläckiga	4	word	""flE$kI$ga
fogar	4	word	""fu:$gar
forntida	4	word	""fu:n`$%t`i:$da
fortfarande	4	word	""fUt`$%fA:$ran$de
fostrades	4	word	""fU$stra$des
fostran	4	word	""fU$stran
fotsenorna	4	word	
framfarna	4	word	""fram$%fA:$n`a
framkalla	4	word	""fram$%ka$la
framme	4	word	""fra$me
framsatt	4	word	""fram$%sat
framstupa	4	word	""fram$%st}:$pa
framställda	4	word	
framträda	4	word	""fram$%trE:$da
fredlig	4	word	""fre:d$lIg
frestad	4	word	
frestar	4	word	""frE$star
frestas	4	word	""frE$stas
friheten	4	word	""fri:$%he:$ten
frikostig	4	word	""fri:$%kO$stIg
fristad	4	word	""fri:$%stA:d
fristäder	4	word	""fri:$%stE:$der
friåret	4	word	
frodas	4	word	""fru:$das
frossare	4	word	""frO$sa$re
frost	4	word	"frOst
frukte	4	word	
främmandes	4	word	""frE$man$des
främre	4	word	"frEm$re
frånträdas	4	word	""fro:n$%trE:$das
frö	4	word	"fr2:
fröbärande	4	word	
fullgör	4	word	""fu0l$%j2:r
fullkomlighet	4	word	""fu0l$kOm$lIg$%he:t
fullkomligt	4	word	""fu0l$%kOm$lIkt
fullmakt	4	word	""fu0l$%makt
fullmogna	4	word	""fu0l$%mu:$gna
funne	4	word	""fu0$ne
fyllda	4	word	
fyrfotadjuren	4	word	""fy:r$fu:$ta$%j}:$ren
fyrtioåtta	4	word	f9$t`I$U$""O$ta
fäkreaturs	4	word	""fE:$kre:$a$%t}:s`
fällde	4	word	""fEl$de
fåfänglig	4	word	""fo:$%fEN$lIg
fåkunnig	4	word	""fo:$%ku0$nIg
fållen	4	word	"fO$len
fångnas	4	word	
fåret	4	word	"fo:$ret
förblinda	4	word	f9r$"blIn$da
förblindat	4	word	
förbliv	4	word	f9r$"bli:v
förbränning	4	word	f9r$"brE$nIN
förbunden	4	word	f9r$"bu0n$den
förbytt	4	word	f9r$"bYt
förden	4	word	
fördraga	4	word	f9$"d`rA:$ga
fördraget	4	word	""f9$%d`rA:$get
fördriven	4	word	f9$"d`ri:$ven
fördärvades	4	word	f9$"d`Er$va$des
fördölj	4	word	
fördöljer	4	word	
fördöma	4	word	f9$"d`9$ma
förehade	4	word	
förehaft	4	word	
förehavande	4	word	""f2:$re$%hA:$van$de
förena	4	word	""f2:r$e$na
föreskrift	4	word	""f2:$re$%skrIft
föreskriften	4	word	""f2:$re$%skrIf$ten
föreskrivit	4	word	""f2:$re$%skri:$vIt
företräde	4	word	""f2:$re$%trE:$de
förfalla	4	word	f9r$"fa$la
förfallna	4	word	f9r$"fal$na
förfarit	4	word	f9r$"fA:$rIt
förfärdigar	4	word	f9r$"fE:$d`I$gar
förföljares	4	word	f9r$"f9l$ja$res
förföljda	4	word	f9r$"f9lj$da
förföljelser	4	word	f9r$"f9l$jel$ser
förgjorda	4	word	
förgripit	4	word	f9r$"gri:$pIt
förgripligt	4	word	f9r$"gri:$plIkt
förgrymmelses	4	word	f9r$"grY$mel$ses
förgänglig	4	word	f9r$"jEN$lIg
förgätet	4	word	f9r$"jE:$tet
förgårdsmuren	4	word	
förhatliga	4	word	f9r$"hA:t$lI$ga
förhjälpa	4	word	f9r$"jEl$pa
förhärda	4	word	f9r$"hE:$d`a
förkastad	4	word	
förklaring	4	word	f9r$"klA:$rIN
förkrossad	4	word	f9r$"krO$sad
förkrossat	4	word	f9r$"krO$sat
förkunnades	4	word	f9r$"ku0$na$des
förlusta	4	word	f9$"l`u0$sta
förlänat	4	word	
förlåtande	4	word	f9$"l`o:$tan$de
förlåtas	4	word	f9$"l`o:$tas
förmenen	4	word	
förmyndare	4	word	f9r$"mYn$da$re
förmörka	4	word	f9r$"m9r$ka
förnimmer	4	word	f9$"n`I$mer
förnämligare	4	word	f9$"n`E:m$lI$ga$re
förpliktat	4	word	
förpliktelser	4	word	f9r$"plIk$tel$ser
förrättat	4	word	f9r$"rE$tat
förråden	4	word	f9$"ro:$den
församlades	4	word	f9$"s`am$la$des
församlingsföreståndare	4	word	f9$""s`am$lINs$f2:$re$%stOn$da$re
förskräcklig	4	word	f9$"s`krE$klIg
försmädelse	4	word	f9$"s`mE:$del$se
försmälta	4	word	
förstfödd	4	word	""f9s`t`$%f9d
förströdde	4	word	f9$"s`t`r9$de
förströr	4	word	f9$"s`t`r2:r
förståndets	4	word	f9$"s`t`On$dets
försätta	4	word	f9$"s`E$ta
förtid	4	word	""f2:$%t`i:d
förtorkad	4	word	
förtret	4	word	f9$"t`re:t
förtrogne	4	word	f9$"t`ru:$gne
förtryckares	4	word	f9$"t`rY$ka$res
förtryckt	4	word	f9$"t`rYkt
förtvivlan	4	word	f9$"t`vi:v$lan
förtörnelses	4	word	
förundrar	4	word	f9r$"u0n$drar
förvissna	4	word	
förvissnad	4	word	
förvissnade	4	word	
förväntan	4	word	f9r$"vEn$tan
föräldrarna	4	word	f9r$"El$dra$n`a
föräldrars	4	word	f9r$"El$dras`
galiléer	4	word	ga$lI$"le:$er
galit	4	word	
gallret	4	word	"gal$ret
gemåler	4	word	je$"mo:$ler
gengäld	4	word	""je:$%njEld
getingar	4	word	""je:$tIN$ar
gifte	4	word	""jIf$te
gifter	4	word	
gjuter	4	word	"j}:$ter
glupande	4	word	""gl}:$pan$de
gläd	4	word	"glE:d
godset	4	word	"gUt$set
gol	4	word	"gu:l
granatträd	4	word	
grannskap	4	word	""gran$%skA:p
grekisk	4	word	"gre:$kIsk
gripna	4	word	""gri:p$na
gropar	4	word	""gru:$par
grymhet	4	word	""grYm$%he:t
grymmaste	4	word	""grY$ma$ste
gräsets	4	word	"grE:$sets
gråtit	4	word	""gro:$tIt
gudabild	4	word	""g}:$da$%bIld
gudahus	4	word	""g}:$da$%h}:s
gudarnas	4	word	""g}:$da$n`as
gudlöses	4	word	""g}:d$%l2:$ses
guldsmeden	4	word	""gu0ld$%sme:$den
gästa	4	word	""jE$sta
gästabuden	4	word	""jE$sta$%b}:$den
gästabuds	4	word	""jE$sta$%b}:ds
gånge	4	word	""gON$e
gåtan	4	word	""go:$tan
hagariterna	4	word	
handfyllningsväduren	4	word	
handlen	4	word	
harpospelare	4	word	""har$pU$%spe:$la$re
havens	4	word	"hA:$vens
hebroniterna	4	word	
hebréer	4	word	he$"bre:$er
hedmark	4	word	""he:d$%mark
hedningars	4	word	""he:d$nIN$as`
hedrar	4	word	""he:$drar
helgdag	4	word	""hElj$%dA:g
helhet	4	word	""he:l$%he:t
helkluvna	4	word	
hemligheten	4	word	""hEm$lIg$%he:$ten
hemsök	4	word	""hEm$%s2:k
hemvist	4	word	""hEm$%vIst
hetast	4	word	""he:$tast
hjälpen	4	word	"jEl$pen
hjälpkvinnorna	4	word	
hjältes	4	word	""jEl$tes
honungen	4	word	""ho:$nu0N$en
hopa	4	word	""hu:$pa
hoppets	4	word	"hO$pets
hopps	4	word	"hOps
hopsamla	4	word	""hu:p$%sam$la
huggorm	4	word	""hu0g$%Urm
hungrade	4	word	""hu0N$ra$de
hungrar	4	word	""hu0N$rar
husbonde	4	word	""h}:s$%bUn$de
husvill	4	word	""h}:s$%vIl
huvor	4	word	""h}:$vUr
huvudena	4	word	""h}:$vu0$de$na
huvudgärden	4	word	""h}:$vu0d$%jE:$d`en
huvudstaden	4	word	""h}:$vu0d$%stA:$den
huvudsumman	4	word	""h}:$vu0d$%su0$man
hägern	4	word	"hE:$gen`
häktorna	4	word	""hEk$tU$n`a
hälleberget	4	word	""hE$le$%bEr$jet
hälsen	4	word	
hämtas	4	word	""hEm$tas
hängas	4	word	""hEN$as
härförare	4	word	""hE:r$%f2:$ra$re
härhövitsmännen	4	word	
härja	4	word	""hEr$ja
härskade	4	word	""hE$s`ka$de
hästarnas	4	word	""hE$sta$n`as
hätskhet	4	word	""hEtsk$%he:t
häv	4	word	"hE:v
hågkomst	4	word	""ho:g$%kOmst
hål	4	word	"ho:l
håna	4	word	""ho:$na
hårdnackenhet	4	word	
högar	4	word	""h2:$gar
höge	4	word	""h2:$ge
högljutt	4	word	""h2:g$%ju0t
högtidståg	4	word	
högtlovad	4	word	""h9kt$%lo:$vad
höj	4	word	"h9j
hörare	4	word	""h2:$ra$re
hörntofsen	4	word	
hövisk	4	word	"h2:$vIsk
idissla	4	word	""i:$%dI$sla
iklädd	4	word	""i:$%klEd
ilbuden	4	word	""i:l$%b}:$den
inbjuda	4	word	""In$%bj}:$da
indelade	4	word	""In$%de:$la$de
infattningsstenar	4	word	
ingingo	4	word	
ingiver	4	word	
inkomst	4	word	""IN$%kOmst
innandömen	4	word	""I$nan$%d9$men
innehålla	4	word	""I$ne$%hO$la
inneslöt	4	word	""I$ne$%sl2:t
inristade	4	word	""In$%rI$sta$de
inristat	4	word	""In$%rI$stat
inspärrad	4	word	""In$%spE$rad
instängda	4	word	""In$%stEN$da
intagas	4	word	
inuti	4	word	
invigningen	4	word	""In$%vi:$gnIN$en
ismaeliterna	4	word	
isopen	4	word	"i:$sO$pen
israelit	4	word	Is$ra$e$"li:t
israelitisk	4	word	Is$ra$e$"li:$tIsk
ivraren	4	word	""i:$vra$ren
jeteriten	4	word	
jordkretsens	4	word	
jägare	4	word	""jE:$ga$re
järnspira	4	word	""jE:n`$%s`pi:$ra
jättarna	4	word	""jE$ta$n`a
kalcedon	4	word	kal$se$"du:n
kamelen	4	word	ka$"me:$len
kampen	4	word	"kam$pen
kamrat	4	word	kam$"rA:t
kannorna	4	word	""ka$nU$n`a
karmeliten	4	word	kar$me$"li:$ten
killingen	4	word	""s'I$lIN$en
kind	4	word	"s'Ind
kinder	4	word	""s'In$der
kista	4	word	""s'I$sta
klagade	4	word	""klA:$ga$de
klappa	4	word	""kla$pa
klappade	4	word	""kla$pa$de
klarhet	4	word	""klA:r$%he:t
klokheten	4	word	""klu:k$%he:$ten
klokskap	4	word	""klu:k$%skA:p
klokt	4	word	"klu:kt
knivarna	4	word	""kni:$va$n`a
ko	4	word	"ku:
kokade	4	word	
komna	4	word	
kon	4	word	"ku:n
konsten	4	word	"kOn$sten
konungatronen	4	word	
konungsligt	4	word	kO$"nu0N$slIkt
kopparkärl	4	word	""kO$par$%s'E:l`
koppartavlor	4	word	""kO$pa$%t`A:v$lUr
koraiternas	4	word	
korparna	4	word	""kOr$pa$n`a
korsets	4	word	"kO$s`ets
kortsida	4	word	""kOt`$%s`i:$da
kostade	4	word	""kO$sta$de
krankhet	4	word	""kraNk$%he:t
krankheter	4	word	
krigstjänst	4	word	""krIks$%s'Enst
krokigt	4	word	""kru:$kIkt
krubba	4	word	""kr}:$ba
krukmakarens	4	word	""kr}:k$%mA:$ka$rens
krukor	4	word	""kr}:$kUr
krukorna	4	word	""kr}:$kU$n`a
krälande	4	word	
krämare	4	word	""krE:$ma$re
kustlandet	4	word	""ku0st$%land$det
kuvat	4	word	
kvinnovaktaren	4	word	
kvist	4	word	"kvIst
källsprång	4	word	""s'El$%sprON
kämparna	4	word	""s'Em$pa$n`a
kännedom	4	word	""s'E$ne$%dUm
käpp	4	word	"s'Ep
kärast	4	word	""s'E:$rast
kärve	4	word	""s'Er$ve
köp	4	word	"s'2:p
köparen	4	word	""s'2:$pa$ren
köpebrevet	4	word	""s'2:$pe$%bre:$vet
köpslå	4	word	""s'2:p$%slo:
körsven	4	word	""s'2:$%s`vEn
lada	4	word	""lA:$da
landshövding	4	word	""lands$%h9v$dIN
landshövdingarna	4	word	""lands$%h9v$dIN$a$n`a
lansar	4	word	""lan$sar
larmtrumpeterna	4	word	
lat	4	word	"lA:t
lata	4	word	""lA:$ta
ledas	4	word	""le:$das
leden	4	word	"le:$den
ledsagade	4	word	""le:d$%sA:$ga$de
legodräng	4	word	""le:$gU$%drEN
leran	4	word	""le:$ran
letar	4	word	""le:$tar
lett	4	word	"lEt
lev	4	word	"le:v
levern	4	word	"le:$ven`
lien	4	word	""li:$en
lindring	4	word	""lIn$drIN
linneskjortor	4	word	
listen	4	word	"lI$sten
litade	4	word	""li:$ta$de
livlösa	4	word	""li:v$%l2:$sa
livsfläkt	4	word	
livslängd	4	word	""lIfs$%lENd
ljungade	4	word	""ju0N$a$de
ljungande	4	word	
lockar	4	word	""lO$kar
loss	4	word	"lOs
lossa	4	word	""lO$sa
lossna	4	word	""lO$sna
lovprisning	4	word	""lo:v$%pri:$snIN
lovsäga	4	word	
lovsägen	4	word	
lupo	4	word	
lutande	4	word	""l}:$tan$de
lutsalt	4	word	
lydande	4	word	
lysen	4	word	""ly:$sen
lägerplatser	4	word	""lE:$ger$%plat$ser
lägges	4	word	""lE$ges
läglar	4	word	""lE:$glar
läka	4	word	""lE:$ka
lågande	4	word	""lo:$gan$de
löste	4	word	""l2:$ste
löstes	4	word	""l2:$stes
lövverk	4	word	""l2:v$%vErk
macedonier	4	word	ma$ke$"du:$nI$er
maka	4	word	""mA:$ka
mala	4	word	""mA:$la
manades	4	word	""mA:$na$des
manliga	4	word	""man$lI$ga
manligt	4	word	""man$lIkt
medarvingar	4	word	
medfört	4	word	""me:d$%f2:t`
meningar	4	word	""me:$nIN$ar
meningen	4	word	""me:$nIN$en
metall	4	word	me$"tal
middagens	4	word	"mI$dA:$gens
midjaniternas	4	word	
misshagar	4	word	""mIs$%hA:$gar
mogna	4	word	""mu:$gna
molnet	4	word	"mo:l$net
mord	4	word	"mu:d`
morgonstjärnan	4	word	""mOr$gOn$%x\E:$n`an
mottogo	4	word	
munväder	4	word	""mu0n$%vE:$der
murbruk	4	word	""m}:r$%br}:k
murbräckor	4	word	""m}:r$%brE$kUr
musik	4	word	m}:$"si:k
människobud	4	word	
människosätt	4	word	
mänsklig	4	word	""mEns$klIg
märkt	4	word	"mErkt
mätas	4	word	""mE:$tas
mätsnöret	4	word	
mätstång	4	word	""mE:t$%stON
mättat	4	word	""mE$tat
måhända	4	word	mo:$""hEn$da
månaders	4	word	""mo:$na$des`
månne	4	word	""mO$ne
måtta	4	word	""mO$ta
mödors	4	word	""m2:$dUs`
möjlig	4	word	""m9j$lIg
mönstring	4	word	""m9n$strIN
mörkblå	4	word	""m9rk$%blo:
möt	4	word	"m2:t
mött	4	word	"m9t
möttes	4	word	""m9$tes
nakenhet	4	word	""nA:$ken$%he:t
nardus	4	word	"nar$d`u0s
nasirtid	4	word	
natthärbärge	4	word	""nat$hE:r$%bEr$je
nattväkten	4	word	""nat$%vEk$ten
nedböjd	4	word	""ne:d$%b9jd
nedböjt	4	word	""ne:d$%b9jt
nedgjort	4	word	""ne:d$%jUt`
nedkastad	4	word	""ne:d$%ka$stad
nekar	4	word	""ne:$kar
nittiofem	4	word	nI$tI$U$"fEm
nittonde	4	word	""nI$tOn$de
nitälskat	4	word	
njuter	4	word	"nj}:$ter
nyckeln	4	word	""nY$keln
näpser	4	word	"nEp$ser
närma	4	word	""nEr$ma
näsan	4	word	""nE:$san
näten	4	word	"nE:$ten
nöds	4	word	"n2:ds
nödvändigt	4	word	""n2:$%dvEn$dIkt
oavlåtliga	4	word	""u:$A:v$%lo:t$lI$ga
obetänksamt	4	word	""u:$be$tENk$%samt
ockrar	4	word	""O$krar
oense	4	word	""u:$%En$se
offergärder	4	word	
offergärdsområde	4	word	
offerhöjd	4	word	
offerhöjdshus	4	word	
offerhöjdspräster	4	word	
offermåltider	4	word	
ofärdig	4	word	""u:$%fE:$d`Ig
oförnuftigt	4	word	""u:$f9$%n`u0f$tIkt
oförskräckt	4	word	""u:$f9$%s`krEkt
ogifta	4	word	""u:$%jIf$ta
ogräs	4	word	""u:$%grE:s
ogudaktigheten	4	word	""u:$g}:d$ak$tIg$%he:$ten
ogudaktigt	4	word	
ogärningsman	4	word	""u:$jE:$n`INs$%man
ohöviskt	4	word	""u:$%h2:$vIskt
olivträ	4	word	
olycklige	4	word	""u:$%lY$klI$ge
olycksbud	4	word	""u:$lYks$%b}:d
olydiga	4	word	""u:$%ly:$dI$ga
olydnad	4	word	""u:$%ly:d$nad
omak	4	word	""u:$%mA:k
ombesörja	4	word	""Om$be$%s9r$ja
ombud	4	word	""Om$%b}:d
omgav	4	word	""Om$%gA:v
omgjordad	4	word	
omstörtades	4	word	""Om$%st9$t`a$des
omättlig	4	word	""u:$%mEt$lIg
onyx	4	word	"u:$nYks
oomskurnas	4	word	""u:$Om$%sk}:$n`as
oordning	4	word	""u:$%o:d`$n`IN
ordna	4	word	""o:d`$n`a
orenligheten	4	word	""u:$re:n$lIg$%he:$ten
oräkneliga	4	word	""u:$%rE:$kne$lI$ga
orättfärdiges	4	word	""u:$rEt$%fE:$d`I$ges
orättrådig	4	word	""u:$rE$%tro:$dIg
ostrafflige	4	word	
osyrad	4	word	""u:$%sy:$rad
otros	4	word	""u:$%tru:s
otukts	4	word	""u:$%tu0kts
outrannsakliga	4	word	
ovärdigt	4	word	""u:$%vE:$d`Ikt
palatsets	4	word	pa$"lat$sets
palmträd	4	word	""palm$%trE:d
passet	4	word	"pa$set
pelargång	4	word	""pe:$lar$%gON
perserna	4	word	"pE$s`e$n`a
pilträd	4	word	""pi:l$%trE:d
pipor	4	word	""pi:$pUr
pirgatoniten	4	word	
planta	4	word	""plan$ta
planteren	4	word	
plikta	4	word	""plIk$ta
pliktig	4	word	""plIk$tIg
plockade	4	word	""plO$ka$de
plundrare	4	word	""plu0n$dra$re
plågades	4	word	""plo:$ga$des
plågat	4	word	""plo:$gat
plåt	4	word	"plo:t
plöjt	4	word	"pl9jt
predikas	4	word	pre$"di:$kas
pressen	4	word	"prE$sen
priset	4	word	"pri:$set
profetior	4	word	prU$fet$""si:$Ur
profetsyner	4	word	
prydda	4	word	""prY$da
pryder	4	word	"pry:$der
prästerliga	4	word	""prE$ste$l`I$ga
prästs	4	word	"prEsts
prästämbete	4	word	""prEst$Em$%be:$te
prövningar	4	word	""pr2:v$nIN$ar
publikan	4	word	pu0$blI$"kA:n
pågick	4	word	""po:$%jIk
pålen	4	word	""po:$len
påträffas	4	word	""po:$%trE$fas
rad	4	word	"rA:d
rannsakar	4	word	""ran$%sA:$kar
regnskyar	4	word	""rENn$%x\y:$ar
rekabiternas	4	word	
reningen	4	word	""re:$nIN$en
reta	4	word	""re:$ta
retade	4	word	""re:$ta$de
revor	4	word	""re:$vUr
rikare	4	word	""ri:$ka$re
rikedomens	4	word	""ri:$ke$%dU$mens
rikliga	4	word	""ri:$klI$ga
riksföreståndare	4	word	""rIks$f2:$re$%stOn$da$re
riktig	4	word	""rIk$tIg
ropet	4	word	"ru:$pet
rovfåglarna	4	word	""ru:v$%fo:$gla$n`a
ruset	4	word	"r}:$set
russinkakor	4	word	""ru0$sIn$%kA:$kUr
rustning	4	word	""ru0st$nIN
ruttna	4	word	""ru0t$na
rymde	4	word	""rYm$de
rädas	4	word	""rE:$das
rädd	4	word	"rEd
rädden	4	word	
rädsla	4	word	""rE:d$sla
räfst	4	word	"rEfst
rättas	4	word	""rE$tas
rättast	4	word	""rE$tast
rätterna	4	word	""rE$te$n`a
rättighet	4	word	""rE$tIg$%he:t
rådlösa	4	word	""ro:d$%l2:$sa
rådsförsamlingen	4	word	""ro:ds$f9$%s`am$lIN$en
rödvit	4	word	""r2:d$%vi:t
röjd	4	word	"r9jd
röres	4	word	""r2:$res
rövarkula	4	word	""r2:$var$%k}:$la
rövarskara	4	word	
s	4	word	"Es
sabbatsdag	4	word	""sa$bats$%dA:g
sadducéer	4	word	sa$d}:$"se:$er
sadducéernas	4	word	sa$d}:$"se:$e$n`as
saktmodig	4	word	""sakt$%mu:$dIg
salar	4	word	""sA:$lar
saltet	4	word	"sal$tet
samaritisk	4	word	sa$ma$"ri:$tIsk
sambukor	4	word	
samkväm	4	word	""sam$%kvE:m
samlats	4	word	""sam$lats
sannfärdige	4	word	""san$%fE:$d`I$ge
sannfärdigt	4	word	""san$%fE:$d`Ikt
sannskyldiga	4	word	""san$%x\Yl$dI$ga
satraper	4	word	sa$"tra$per
seden	4	word	"se:$den
sedermera	4	word	""se:$der$%me:$ra
sedvänja	4	word	""se:$%dvE$nja
sedvänjor	4	word	""se:$%dvE$njUr
segerkrans	4	word	""se:$ger$%krans
sena	4	word	""se:$na
senor	4	word	""se:$nUr
sent	4	word	"se:nt
seraiternas	4	word	
sextiofalt	4	word	
sido	4	word	
sidolister	4	word	
sidolisterna	4	word	
sidovägg	4	word	
silverpenning	4	word	""sIl$ver$%pE$nIN
silverpenningarna	4	word	""sIl$ver$%pE$nIN$a$n`a
sinsemellan	4	word	"sIn$se$me$lan
sjudande	4	word	""x\}:$dan$de
sjungit	4	word	""x\u0N$It
sjuttiofyra	4	word	x\u0$tI$U$""fy:$ra
sjuttiotre	4	word	x\u0$tI$U$"tre:
sjättedels	4	word	""x\E$te$%de:ls
sjöar	4	word	""x\2:$ar
sjömän	4	word	""x\2:$%mEn
sjönko	4	word	
skakas	4	word	""skA:$kas
skamliga	4	word	""skam$lI$ga
skeppare	4	word	""x\E$pa$re
skeppsbrott	4	word	""x\Eps$%brOt
skickad	4	word	
skifta	4	word	""x\If$ta
skiften	4	word	"x\If$ten
skiljen	4	word	""x\Il$jen
skilts	4	word	"x\Ilts
skina	4	word	""x\i:$na
skinnet	4	word	"x\I$net
skogsbygden	4	word	""skUks$%bYg$den
skonat	4	word	""sku:$nat
skorpiongissel	4	word	
skriande	4	word	""skri:$an$de
skriftliga	4	word	""skrIft$lI$ga
skriftlärd	4	word	""skrIft$%lE:d`
skrivelser	4	word	""skri:$vel$ser
skuggorna	4	word	""sku0$gU$n`a
skumma	4	word	""sku0$ma
skuro	4	word	
skär	4	word	"x\E:r
skålen	4	word	"sko:$len
skölden	4	word	"x\9l$den
skönhets	4	word	""x\2:n$%he:ts
slagfältet	4	word	""slA:g$%fEl$tet
slapp	4	word	"slap
slem	4	word	"slEm
slicka	4	word	""slI$ka
slitit	4	word	""sli:$tIt
slummer	4	word	"slu0$mer
sluttningar	4	word	""slu0t$nIN$ar
släktens	4	word	""slEk$tens
släppas	4	word	""slE$pas
slät	4	word	"slE:t
smakat	4	word	""smA:$kat
smugit	4	word	""sm}:$gIt
smutsen	4	word	"smu0t$sen
smörjelsen	4	word	""sm9r$jel$sen
snidverk	4	word	
snodder	4	word	""snU$der
snön	4	word	"sn9n
snöns	4	word	"sn9ns
snöpt	4	word	
somna	4	word	""sOm$na
sonhustrur	4	word	""so:n$%hu0$str}:r
spanar	4	word	""spA:$nar
spe	4	word	"spe:
spegel	4	word	""spe:$gel
speja	4	word	""spE$ja
spelade	4	word	""spe:$la$de
spillas	4	word	""spI$las
split	4	word	"spli:t
späd	4	word	"spE:d
spåman	4	word	""spo:$%man
stadig	4	word	""stA:$dIg
stadiga	4	word	""stA:$dI$ga
stamfränder	4	word	""stam$%frEn$der
stamhövdingar	4	word	""stam$%h9v$dIN$ar
stamhövdingarna	4	word	""stam$%h9v$dIN$a$n`a
stannat	4	word	""sta$nat
stapplade	4	word	""sta$pla$de
stengolvet	4	word	""ste:N$%gOl$vet
stenhuggare	4	word	""ste:n$%hu0$ga$re
stickade	4	word	""stI$ka$de
sticker	4	word	"stI$ker
sticket	4	word	""stI$ket
stigen	4	word	"sti:$gen
stinger	4	word	
stjärnan	4	word	""x\E:$n`an
stock	4	word	"stOk
stoden	4	word	"stu:$den
stortaliga	4	word	
straffat	4	word	""stra$fat
straffdomar	4	word	""straf$%dU$mar
stridsmakt	4	word	
stridsvapen	4	word	
strimmiga	4	word	""strI$mI$ga
stritt	4	word	"strIt
strutsar	4	word	""stru0t$sar
strålade	4	word	""stro:$la$de
strör	4	word	"str2:r
stulet	4	word	""st}:$let
stunder	4	word	""stu0n$der
stungit	4	word	
styckverk	4	word	""stYk$%vErk
styggelserna	4	word	""stY$gel$se$n`a
styrk	4	word	"stYrk
ställdes	4	word	""stEl$des
stängda	4	word	""stEN$da
stänkelsevatten	4	word	
stärkt	4	word	"stErkt
ståndaktigheten	4	word	""stOnd$ak$tIg$%he:$ten
stångar	4	word	""stON$ar
stören	4	word	"st2:$ren
störtskurar	4	word	""st9t`$%s`k}:$rar
sunnanvind	4	word	""su0$nan$%vInd
svallande	4	word	
svans	4	word	"svA:ns
svartsjuk	4	word	""svat`$%x\}:k
svedda	4	word	""svE$da
sviklig	4	word	""svi:$klIg
svikligt	4	word	""svi:$klIkt
svin	4	word	"svi:n
svuro	4	word	
svägerska	4	word	""svE:$ge$s`ka
svämma	4	word	""svE$ma
svänga	4	word	""svEN$a
svårare	4	word	""svo:$ra$re
syftar	4	word	""sYf$tar
synagogföreståndaren	4	word	
syndarnas	4	word	""sYn$da$n`as
syndigt	4	word	""sYn$dIkt
syndoffersdjuret	4	word	
syndoffrets	4	word	
synnerhet	4	word	""sY$ner$%he:t
syns	4	word	"sy:ns
säkerligen	4	word	""sE:$ke$l`i:$gen
sälj	4	word	"sElj
sällsamma	4	word	""sEl$%sa$ma
sängliggande	4	word	""sEN$%lI$gan$de
sådd	4	word	"sOd
sönderbruten	4	word	""s9n$der$%br}:$ten
sönderslå	4	word	
taggar	4	word	""ta$gar
tankarna	4	word	""taN$ka$n`a
tappert	4	word	"ta$pet`
teckentyderi	4	word	
tecknat	4	word	""tE$knat
telningar	4	word	""te:l$nIN$ar
tempelträlar	4	word	
terebinter	4	word	te$re$"bIn$ter
terebintlund	4	word	te$re$""bInt$%lu0nd
tids	4	word	"ti:ds
tidsålder	4	word	""ti:ds$%Ol$der
tillbörlig	4	word	""tIl$%b2:$l`Ig
tilldelat	4	word	""tIl$%de:$lat
tilldrog	4	word	""tIl$%dru:g
tillfaller	4	word	""tIl$%fa$ler
tillfallit	4	word	""tIl$%fa$lIt
tillfoga	4	word	""tIl$%fu:$ga
tillförsikten	4	word	""tIl$f9$%s`Ik$ten
tillgift	4	word	""tIl$%jIft
tillhörighet	4	word	""tIl$h2:$rIg$%he:t
tillkalla	4	word	""tIl$%ka$la
tillredelsedag	4	word	
tillräckligt	4	word	""tIl$%rE$klIkt
tillräknar	4	word	""tIl$%rE:$knar
tillskyndelse	4	word	
tillspillogivning	4	word	
tillsäga	4	word	""tIl$%sE$ja
tillsätta	4	word	""tIl$%sE$ta
tillåtelse	4	word	""tIl$%lo:$tel$se
tiondedelen	4	word	""ti:$On$de$%de:$len
tiotusenden	4	word	
tjuguen	4	word	
tjuguförsta	4	word	s'}:$gU$""f9$s`t`a
tjuta	4	word	""s'}:$ta
tjänstekvinnan	4	word	""s'En$ste$%kvI$nan
torde	4	word	""tu:$d`e
trettiofalt	4	word	
trettioåtta	4	word	tre$tI$U$""O$ta
trolova	4	word	""trU$%lo:$va
trolovade	4	word	""trU$%lo:$va$de
trolöshet	4	word	""tru:$l2:s$%he:t
tronade	4	word	""tru:$na$de
träck	4	word	"trEk
trädets	4	word	""trE:$dets
trädgårdar	4	word	
trälen	4	word	"trE:$len
tröska	4	word	""tr9$ska
tu	4	word	"t}:
tuktans	4	word	
tuktoris	4	word	
tungors	4	word	""tu0N$Us`
tunnkakor	4	word	
tusental	4	word	""t}:$sen$%tA:l
tvagning	4	word	""tvA:$gnIN
tvetungade	4	word	
tvistefrågor	4	word	""tvI$ste$%fro:$gUr
tvärs	4	word	"tvEs`
tvärstängerna	4	word	
tvås	4	word	"tvo:s
tvått	4	word	
tyda	4	word	""ty:$da
tyrierna	4	word	
tälten	4	word	"tEl$ten
tältets	4	word	"tEl$tets
tär	4	word	"tE:r
tärande	4	word	""tE:$ran$de
tätt	4	word	"tEt
tävlan	4	word	""tE:v$lan
tågar	4	word	""to:$gar
tömt	4	word	"t9mt
törnsnår	4	word	""t2:n`$%s`n`o:r
törstade	4	word	""t9$s`t`a$de
törstande	4	word	
ulvar	4	word	""u0l$var
underhövitsman	4	word	
underkasta	4	word	""u0n$der$%ka$sta
underkastade	4	word	""u0n$der$%ka$sta$de
underlåta	4	word	""u0n$de$%l`o:$ta
underlåter	4	word	""u0n$de$%l`o:$ter
underpant	4	word	""u0n$der$%pant
underst	4	word	"u0n$des`t`
undersökning	4	word	""u0n$de$%s`2:$knIN
undrade	4	word	""u0n$dra$de
undseende	4	word	""u0nd$%se:$en$de
uppblåst	4	word	""u0p$%blo:st
uppblåsta	4	word	""u0p$%blo:$sta
uppbrott	4	word	""u0p$%brOt
uppbränd	4	word	""u0p$%brEnd
uppbygger	4	word	""u0p$%bY$ger
uppfött	4	word	
uppgången	4	word	""u0p$%gON$en
upphävde	4	word	""u0p$%hE:v$de
upphöjelse	4	word	""u0p$%h9$jel$se
upplåtas	4	word	""u0p$%lo:$tas
upplåtet	4	word	""u0p$%lo:$tet
upplåtit	4	word	""u0p$%lo:$tIt
uppriktiga	4	word	""u0p$%rIk$tI$ga
upprättad	4	word	
upprördes	4	word	""u0p$%r2:$d`es
upptagas	4	word	""u0p$%tA:$gas
upptagit	4	word	""u0p$%tA:$gIt
upptänt	4	word	
urminnes	4	word	""}:r$%mI$nes
utbett	4	word	""}:t$%bEt
utdelade	4	word	""}:t$%de:$la$de
utdrivna	4	word	""}:t$%dri:v$na
utfall	4	word	""}:t$%fal
utgifter	4	word	""}:t$%jIf$ter
utgöto	4	word	
uthållighet	4	word	""}:t$hO$lIg$%he:t
utkanten	4	word	""}:t$%kan$ten
utkastad	4	word	""}:t$%ka$stad
utkrävde	4	word	
utkämpa	4	word	""}:t$%s'Em$pa
utlysa	4	word	""}:t$%ly:$sa
utlänning	4	word	""}:t$%lE$nIN
utmark	4	word	""}:t$%mark
utmärka	4	word	""}:t$%mEr$ka
utplundrade	4	word	""}:t$%plu0n$dra$de
utplånad	4	word	
utplånade	4	word	""}:t$%plo:$na$de
utplånar	4	word	""}:t$%plo:$nar
utsirningar	4	word	""}:t$%si:$n`IN$ar
utsläckes	4	word	""}:t$%slE$kes
utstår	4	word	
utstött	4	word	""}:t$%st9t
uttagit	4	word	
uttröttade	4	word	""}:t$%tr9$ta$de
v	4	word	"ve:
vackert	4	word	"va$ket`
vacklade	4	word	""va$kla$de
vaktkamrar	4	word	
vaktkamrarna	4	word	
vakttorn	4	word	""vakt$%tu:n`
vanan	4	word	""vA:$nan
vandrande	4	word	""van$dran$de
vanvettiga	4	word	""vA:n$%vE$tI$ga
vapenmakt	4	word	""vA:$pen$%makt
varnande	4	word	""vA:$n`an$de
varning	4	word	""vA:$n`IN
vattenbrunn	4	word	
vattenbärare	4	word	""va$ten$%bE:$ra$re
vattenkällan	4	word	""va$ten$%s'E$lan
vattnens	4	word	"vat$nens
vattnets	4	word	"vat$nets
veckohögtiden	4	word	
vedergällde	4	word	
vederkvicker	4	word	""ve:$der$%kvI$ker
vederlägga	4	word	""ve:$de$%l`E$ga
vederstyggliga	4	word	""ve:$de$%s`t`Y$glI$ga
vederstygglighet	4	word	""ve:$de$s`t`Y$glIg$%he:t
vedhuggare	4	word	""ve:d$%hu0$ga$re
veklagan	4	word	""ve:$%klA:$gan
veklighet	4	word	
verklig	4	word	""vEr$klIg
verkliga	4	word	""vEr$klI$ga
verkligheten	4	word	""vEr$klIg$%he:$ten
vetat	4	word	""ve:$tat
vidsträckt	4	word	""vi:d$%strEkt
viftade	4	word	""vIf$ta$de
vildåsnor	4	word	
vilen	4	word	
villfarelse	4	word	""vIl$%fA:$rel$se
villfarelsens	4	word	""vIl$%fA:$rel$sens
viloplats	4	word	""vi:$lU$%plats
vinbärgningen	4	word	
vingårdsmannen	4	word	
vinnas	4	word	""vI$nas
vinnes	4	word	""vI$nes
vinningslystnad	4	word	""vI$nINs$%lYst$nad
vinst	4	word	"vInst
vinter	4	word	"vIn$ter
vistats	4	word	""vI$stats
vitsord	4	word	""vIts$%u:d`
vittnet	4	word	""vIt$net
vredesvin	4	word	
vrå	4	word	"vro:
vrång	4	word	"vrON
väderstrecken	4	word	""vE:$de$%s`t`rE$ken
väger	4	word	"vE:$ger
väglösa	4	word	""vE:g$%l2:$sa
välgörenhet	4	word	""vE:l$j2:$ren$%he:t
välstånd	4	word	""vE:l$%stOnd
vältrar	4	word	""vEl$trar
välvilligt	4	word	""vE:l$%vI$lIkt
väninnor	4	word	vE$""nI$nUr
värnlösa	4	word	""vE:n`$%l`2:$sa
värsta	4	word	""vE$s`t`a
väsenden	4	word	"vE:$sen$den
vässa	4	word	""vE$sa
vässt	4	word	
vävbom	4	word	""vE:v$%bUm
våder	4	word	""vo:$der
vågat	4	word	""vo:$gat
vågen	4	word	"vo:$gen
våldet	4	word	"vOl$det
våldsverkares	4	word	""vOlds$%vEr$ka$res
våldsverkarnas	4	word	""vOld$%svEr$ka$n`as
vördnad	4	word	""v2:d`$n`ad
ymniga	4	word	""Ym$nI$ga
ymnighet	4	word	""Ym$nIg$%he:t
Älska	4	word	""El$ska
Ända	4	word	""En$da
Ära	4	word	""E:$ra
Öknen	4	word	"2:$knen
Öppnen	4	word	
Övergiv	4	word	""2:$ver$%ji:v
Överlämna	4	word	""2:$ve$%l`Em$na
Översten	4	word	"2:$ve$s`t`en
ägna	4	word	""EN$na
ägnade	4	word	""EN$na$de
äktenskapsbryterska	4	word	
ämnade	4	word	""Em$na$de
ängelns	4	word	""EN$elns
änglarnas	4	word	""EN$la$n`as
änkors	4	word	""EN$kUs`
ärva	4	word	""Er$va
ättikvin	4	word	
ävlan	4	word	""E:v$lan
åkerjorden	4	word	""o:$ker$%ju:$d`en
åkerman	4	word	
åldring	4	word	""Ol$drIN
årens	4	word	"o:$rens
åsnefåle	4	word	
åte	4	word	
återhållsamt	4	word	""o:$ter$%hOl$samt
återkomna	4	word	""o:$ter$%kOm$na
återstod	4	word	""o:$te$%s`t`u:d
åtnjuta	4	word	""o:t$%nj}:$ta
ödeläggas	4	word	""2:$de$%lE$gas
ödmjuke	4	word	""2:d$%mj}:$ke
ömkar	4	word	""9m$kar
ömma	4	word	""9$ma
örsnibb	4	word	""2:$%s`n`Ib
örsnibben	4	word	""2:$%s`n`I$ben
öste	4	word	""2:$ste
österns	4	word	"9$sten`s`
öven	4	word	
överdraget	4	word	""2:$ve$%d`rA:$get
överfalla	4	word	""2:$ver$%fa$la
överflöda	4	word	""2:$ver$%fl2:$da
överhanden	4	word	""2:$ver$%han$den
övermakten	4	word	""2:$ver$%mak$ten
övermodig	4	word	""2:$ver$%mu:$dIg
överskrida	4	word	""2:$ve$%s`kri:$da
överträdde	4	word	""2:$ve$%t`rE$de
överväldigande	4	word	""2:$ver$%vEl$dI$gan$de
A	3	name	"A:
Abba	3	name	
Abels	3	name	"A:$bels
Abiel	3	name	
Abigal	3	name	
Abimeleks	3	name	
Abirams	3	name	
Ackubs	3	name	
Adams	3	name	
Adins	3	name	
Adonikams	3	name	
Adrammelek	3	name	
Adullams	3	name	
Ahimeleks	3	name	
Ahisamaks	3	name	
Aksaf	3	name	
Alexandria	3	name	a$lek$san$""dri:$a
Alltför	3	word	"alt$f2:r
Alltsedan	3	word	
Almon	3	name	
Aminadab	3	name	
Amnons	3	name	
Anat	3	name	""A:$nat
Angående	3	word	
Aras	3	name	""A:$ras
Arsaces	3	name	
Asbel	3	name	
Asenat	3	name	
Asgads	3	name	
Askenas	3	name	
Asmavets	3	name	
Asmon	3	name	
Asriel	3	name	
Asriels	3	name	
Assyriens	3	name	a$"sy:$rI$ens
Astarte	3	name	
Atenobius	3	name	
Avundas	3	word	""A:$vu0n$das
Baanas	3	name	
Bakbukja	3	name	
Befall	3	name	be$"fal
Beker	3	name	
Bels	3	name	"be:ls
Benajas	3	name	
Bered	3	word	be$"re:d
Berekjas	3	name	
Bernice	3	name	bE$"n`i:s
Besinna	3	word	be$"sI$na
Besor	3	name	
Betfage	3	name	
Betsan	3	name	
Bigvai	3	name	
Bigvais	3	name	
Bilga	3	name	
Bilhan	3	name	
Bilhas	3	name	
Blive	3	word	
Blygs	3	word	"bly:gs
Bryten	3	word	
Bunni	3	name	
Cedron	3	name	
Cendebeus	3	name	
Dag	3	word	"dA:g
Debar	3	name	
Dedans	3	name	
Dekapolis	3	name	
Demas	3	name	
Detsamma	3	word	det$"sa$ma
Didymus	3	name	
Disan	3	name	
Disans	3	name	
Djupet	3	word	"j}:$pet
Dobrat	3	name	
Dora	3	name	""du:$ra
Dricken	3	word	
Duma	3	name	""d}:$ma
Dånet	3	word	"do:$net
Dårarna	3	word	""do:$ra$n`a
Dödens	3	word	"d2:$dens
Dölj	3	word	"d9lj
Eben	3	name	
Ebjasaf	3	name	
Edoméen	3	word	
Elimelek	3	name	
Elisamas	3	name	
Eljada	3	name	
Enan	3	name	
Enok	3	name	"e:$nOk
Epafras	3	name	
Erastus	3	name	
Erebs	3	name	
Esarhaddon	3	name	
Esdrelon	3	name	
Esem	3	name	
Esrom	3	name	
Esters	3	name	"E$stes`
Fall	3	word	"fal
Fallet	3	word	""fa$let
Fares	3	name	
Faror	3	word	""fA:$rUr
Femtio	3	word	"fEm$tI$U
Fera	3	name	
Filometor	3	name	
Finees	3	name	
Flytta	3	word	""flY$ta
Folkens	3	word	"fOl$kens
Frambringe	3	name	
Fruktan	3	word	""fru0k$tan
Frygien	3	name	"fry:g$jen
Främlingar	3	word	""frEm$lIN$ar
Fyra	3	word	""fy:$ra
Fyrtio	3	word	"f9$t`I$U
Fåfängligheters	3	name	
Får	3	word	"fo:r
Förbarma	3	word	f9r$"bar$ma
Förbliven	3	word	f9r$"bli:$ven
Förehåll	3	word	""f2:$re$%hOl
Förgör	3	word	f9r$"j2:r
Förhuset	3	word	
Förlita	3	word	f9$"l`i:$ta
Förliten	3	word	
Förut	3	word	f2:r$"}:t
Förutom	3	word	f9r$""}:$tOm
Föräldrarna	3	word	f9r$"El$dra$n`a
Förödelse	3	word	f9r$"2:$del$se
Gaetam	3	name	
Galal	3	name	
Gallio	3	name	
Gannim	3	name	
Gedi	3	name	
Gedis	3	name	
Gideons	3	name	
Gittít	3	name	
Glädjen	3	word	""glE:d$jen
Gods	3	word	"gu:ds
Goim	3	name	
Goljats	3	name	
Gomorras	3	name	
Gråten	3	word	""gro:$ten
Gudarna	3	word	""g}:$da$n`a
Gudgoda	3	name	
Guld	3	word	"gu0ld
Gällde	3	word	""jEl$de
Gäller	3	word	"jE$ler
Göm	3	word	"j9m
Göra	3	word	""j2:$ra
Haaraba	3	name	
Habor	3	name	
Haeser	3	name	
Haggoim	3	name	
Hakilahöjden	3	name	
Hala	3	word	""hA:$la
Hamadatus	3	name	
Hamors	3	name	
Hamul	3	name	
Harmas	3	word	""har$mas
Haroset	3	name	
Hasors	3	name	""hA:$sUs`
Hasums	3	name	
Hegai	3	name	
Helgad	3	word	
Helkat	3	name	
Helt	3	word	"he:lt
Hesbons	3	name	
Hesrons	3	name	
Hirams	3	name	
Hjälparen	3	word	""jEl$pa$ren
Hodauja	3	name	
Holon	3	name	
Huppim	3	name	
Hämten	3	word	
Härom	3	word	
Härpå	3	word	"hE:r$po:
Härvid	3	word	"hE:r$vi:d
Häröver	3	word	"hE:$r2:$ver
Hästporten	3	name	
Håller	3	word	"hO$ler
Hövitsmannen	3	word	""h2:$vIts$%ma$nen
Ickes	3	name	
Ijon	3	name	
Ikläden	3	word	
Italien	3	name	I$"tA:$lI$en
Itiel	3	name	
Jaasiel	3	name	
Jairus	3	name	
Janoa	3	name	
Jarib	3	name	
Jasobeam	3	name	
Jasub	3	name	
Jeftas	3	name	
Jehiels	3	name	
Jekamja	3	name	
Jeria	3	name	
Jessai	3	name	
Jessais	3	name	
Jeters	3	name	
Jetur	3	name	
Jibhar	3	name	
Jibleam	3	name	
Jifta	3	name	
Jigeal	3	name	
Jiseis	3	name	
Jitran	3	name	
Joakims	3	name	""ju:$a$%kIms
Jobed	3	name	
Jokneam	3	name	
Joksan	3	name	
Jonadabs	3	name	
Jotbata	3	name	
Jupiter	3	name	"j}:$pI$ter
Justus	3	name	"ju0$stu0s
Jämra	3	word	""jEm$ra
Kabris	3	name	
Kabseel	3	name	
Kanske	3	word	""kan`$s`e
Karkemis	3	name	
Karnain	3	name	
Kasten	3	word	"ka$sten
Kefira	3	name	
Kejsarens	3	word	""s'Ej$sa$rens
Kela	3	name	""s'e:$la
Kelita	3	name	
Kenanja	3	name	
Keriot	3	name	
Kiljon	3	name	
Kimham	3	name	
Klaudius	3	name	
Konanja	3	name	
Konja	3	name	
Konungarna	3	word	""ko:$nu0N$a$n`a
Kort	3	word	"kOt`
Kos	3	word	"ku:s
Kunnen	3	word	
Kustlandet	3	word	""ku0st$%land$det
Kvinnor	3	word	""kvI$nUr
Källporten	3	name	
Kännen	3	word	
Käre	3	word	""s'E:$re
Lahai	3	name	
Landet	3	word	"land$det
Lever	3	word	"le:$ver
Ligg	3	word	"lIg
Liljor	3	word	""lIl$jUr
Litet	3	word	""li:$tet
Lotan	3	name	
Lucius	3	name	
Lud	3	name	
Lukas	3	name	"l}:$kas
Lämna	3	word	""lEm$na
Länge	3	word	""lEN$e
Lären	3	word	
Låglandets	3	name	""lo:g$%land$dets
Mahalat	3	name	
Mahat	3	name	
Mahelis	3	name	
Mahelon	3	name	
Maherai	3	name	
Maim	3	name	
Majestät	3	word	ma$je$"stE:t
Malkias	3	name	
Malkiel	3	name	
Manahat	3	name	
Manoas	3	name	
Maresas	3	name	
Marias	3	name	ma$""ri:$as
Mattenai	3	name	
Mehetabel	3	name	
Mehola	3	name	
Melkisedek	3	name	
Memukan	3	name	
Merab	3	name	
Meselemja	3	name	
Mibsam	3	name	
Mikaels	3	name	""mi:$ka$els
Miletus	3	name	
Milkom	3	name	
Minjamin	3	name	
Misma	3	name	
Missa	3	name	""mI$sa
Människorna	3	word	""mE$nI$x\U$n`a
Naara	3	name	
Naasson	3	name	
Nafis	3	name	
Naneas	3	name	
Nebajots	3	name	
Nehemjas	3	name	
Nemuel	3	name	
Nilflodens	3	name	
Nimra	3	name	
Nimrod	3	name	"nIm$rOd
Nimsis	3	name	
Nisan	3	name	
Noba	3	name	
Noomis	3	name	
Nästa	3	word	""nE$sta
Nåväl	3	name	"no:$vE:l
Obadjas	3	name	
Ofel	3	name	
Oförtänkt	3	word	
Olycka	3	word	""u:$%lY$ka
Omar	3	name	"u:$mar
Omtala	3	word	""Om$%tA:$la
Omtalen	3	word	
Onam	3	name	
Onos	3	name	
Ord	3	word	"u:d`
Oroen	3	word	
Orättfärdiga	3	word	""u:$rEt$%fE:$d`I$ga
Oss	3	word	"Os
Paseas	3	name	
Pedajas	3	name	
Pekaja	3	name	
Pekas	3	name	""pe:$kas
Pelaja	3	name	
Peninna	3	name	
Perge	3	name	
Perser	3	word	"pE$s`er
Pikol	3	name	
Pileser	3	name	
Pontius	3	name	"pOnt$sI$u0s
Pontus	3	name	"pOn$tu0s
Poti	3	name	
Prisa	3	word	""pri:$sa
Priscilla	3	name	
Prisen	3	word	"pri:$sen
Priska	3	name	
Pua	3	name	
Pul	3	name	
Raemas	3	name	
Rafa	3	name	
Raka	3	word	""rA:$ka
Rebeckas	3	name	re$""bE$kas
Rehabja	3	name	
Rehobs	3	name	
Resef	3	name	
Resins	3	name	"re:$sIns
Rikedom	3	word	""ri:$ke$%dUm
Risataim	3	name	
Riven	3	word	""ri:$ven
Roboam	3	name	
Roi	3	name	
Räknen	3	word	
Rättfärdiga	3	word	""rEt$%fE:$d`I$ga
Saaraim	3	name	
Sabas	3	name	
Sabbetai	3	name	
Sabulons	3	name	
Sahab	3	name	
Salatiel	3	name	
Salem	3	name	"sA:$lem
Saligt	3	word	""sA:$lIkt
Sallu	3	name	
Samir	3	name	sa$"mi:r
Sammai	3	name	
Sammais	3	name	
Sanheribs	3	name	
Sanoa	3	name	
Sant	3	word	"sant
Sarais	3	name	
Sardes	3	name	
Sarefat	3	name	
Saretan	3	name	
Sattus	3	name	
Sebuel	3	name	
Sedek	3	name	
Sefo	3	name	
Selemjas	3	name	
Semer	3	word	
Sennakerim	3	name	
Sesai	3	name	
Sibeons	3	name	
Sibja	3	name	
Sibmas	3	name	
Siddimsdalen	3	name	
Sidons	3	name	
Sihor	3	name	
Siloam	3	name	
Silvret	3	word	"sIl$vret
Simsons	3	name	
Sippora	3	name	
Sisa	3	name	""si:$sa
Sjuttio	3	word	"x\u0$tI$U
Skiljen	3	word	""x\Il$jen
Skorpionhöjden	3	name	
Skytopolis	3	name	
Skär	3	word	"x\E:r
Sköna	3	word	""x\2:$na
Släkte	3	word	""slEk$te
Soan	3	name	
Sobals	3	name	
Spanien	3	name	"spa$nI$en
Sparta	3	name	""spa$t`a
Stefanas	3	name	
Stenarna	3	word	""ste:$na$n`a
Stigen	3	word	"sti:$gen
Stolta	3	word	""stOl$ta
Store	3	word	""stu:$re
Stunden	3	word	"stu0n$den
Styrk	3	word	"stYrk
Suppim	3	name	
Sutela	3	name	
Svaren	3	word	"svA:$ren
Svärdet	3	word	"svE:$d`et
Sälla	3	word	""sE$la
Således	3	word	""so:$%le:$des
Talmon	3	name	
Tapenes	3	name	
Tebes	3	name	""te:$bes
Teckna	3	word	""tE$kna
Telningen	3	word	""te:l$nIN$en
Tema	3	name	"te:$ma
Terebintdalen	3	name	
Tiberias	3	name	
Tibni	3	name	
Tiglat	3	name	
Tigris	3	name	"ti:$grIs
Tillegat	3	name	
Tjänen	3	word	
Tob	3	name	
Tobits	3	name	
Tolv	3	word	"tOlv
Tro	3	word	"tru:
Trofimus	3	name	
Tukta	3	word	""tu0k$ta
Tvista	3	word	""tvI$sta
Tyatira	3	name	
Törnbusken	3	word	""t2:n`$%bu0$sken
Ulams	3	name	
Unga	3	word	""u0N$a
Uppfyll	3	word	""u0p$%fYl
Upphöjen	3	word	
Uriel	3	name	
Utsen	3	word	
Vaknen	3	name	
Valkarfältet	3	name	
Vattnen	3	word	"vat$nen
Vederkvick	3	word	""ve:$der$%kvIk
Vik	3	word	"vi:k
Vilketdera	3	word	vIl$ket$"de:$ra
Vinnläggen	3	word	
Visserligen	3	word	""vI$se$l`i:$gen
Visst	3	word	"vIst
Väktaren	3	word	""vEk$ta$ren
Väktarna	3	word	""vEk$ta$n`a
Väljen	3	word	
Välsigna	3	word	vEl$"sIN$na
Välsignat	3	word	vEl$"sIN$nat
Vänj	3	name	
Xantikus	3	name	
aftonens	3	word	""af$tO$nens
aftonoffret	3	word	
agat	3	word	a$"gA:t
ajiterna	3	word	
alabasterflaska	3	word	
allsmäktige	3	word	""als$%mEk$tI$ge
alstras	3	word	""al$stras
amalekiternas	3	word	a$ma$le$"ki:$te$n`as
ametist	3	word	a$me$"tIst
ammoniternas	3	word	a$mU$"ni:$te$n`as
ammonitiske	3	word	a$mU$"ni:$tI$ske
andehänryckning	3	word	""an$de$hE:n$%rY$knIN
andeingivelse	3	word	
andes	3	word	""an$des
andraga	3	word	""an$%drA:$ga
andrum	3	word	""and$%ru0m
anförtro	3	word	""an$f9$%t`ru:
angivit	3	word	""an$%ji:$vIt
anlete	3	word	""an$%le:$te
anordnade	3	word	""an$%o:d`$n`a$de
anordning	3	word	""an$%o:d`$n`IN
ansenligt	3	word	""an$%se:n$lIkt
ansiktena	3	word	""an$sIk$te$na
anstår	3	word	""an$%sto:r
ansvar	3	word	""an$%svA:r
ansätt	3	word	
använder	3	word	""an$%vEn$der
araberna	3	word	a$"rA:$be$n`a
arbetes	3	word	""ar$be:$tes
arms	3	word	"arms
arvedelar	3	word	""ar$ve$%de:$lar
arvingar	3	word	""ar$vIN$ar
asdoditerna	3	word	
avbildningar	3	word	""A:v$%bIld$nIN$ar
avbärgad	3	word	""A:v$%bEr$jad
avdelade	3	word	""A:v$%de:$la$de
avdöma	3	word	""A:v$%d9$ma
avfallet	3	word	""A:v$%fa$let
avfattad	3	word	
avfattat	3	word	
avgav	3	word	""A:v$%gA:v
avgifterna	3	word	""A:v$%jIf$te$n`a
avgrundens	3	word	""A:v$%gru0n$dens
avgudabild	3	word	""A:v$g}:$da$%bIld
avgudaofferskött	3	word	
avguden	3	word	""A:v$%g}:$den
avgåvo	3	word	
avgöra	3	word	""A:v$%j2:$ra
avhållen	3	word	""A:v$%hO$len
avlade	3	word	""A:v$la$de
avrakat	3	word	
avrätta	3	word	""A:v$%rE$ta
avskuren	3	word	
avslutade	3	word	""A:v$%sl}:$ta$de
avstodo	3	word	
avstår	3	word	""A:v$%sto:r
avtal	3	word	""A:v$%tA:l
avtalade	3	word	""A:v$%tA:$la$de
avtalet	3	word	""A:v$%tA:$let
avundades	3	word	""A:v$%u0n$da$des
avvägar	3	word	""A:v$%vE:$gar
avvände	3	word	
avvänt	3	word	
bakat	3	word	""bA:$kat
baksida	3	word	""bA:k$%si:$da
bakslugt	3	word	""bA:k$%sl}:gt
bana	3	word	""bA:$na
banden	3	word	"ban$den
bannade	3	word	""ba$na$de
bannar	3	word	""ba$nar
barmhärtigheten	3	word	barm$"hE$t`Ig$he:$ten
barmhärtighetens	3	word	barm$"hE$t`Ig$he:$tens
barnaföderskor	3	word	""bA:$n`a$%f2:$de$s`kUr
barnlöshet	3	word	""bA:n`$l`2:s$%he:t
bearbetar	3	word	""be:$ar$%be:$tar
beblandat	3	word	
bebodd	3	word	be$"bUd
bebos	3	word	be$"bu:s
bebott	3	word	be$"bUt
bedes	3	word	""be:$des
bedragen	3	word	be$"drA:$gen
bedrager	3	word	
bedrövas	3	word	be$"dr2:$vas
bedrövelsen	3	word	be$"dr2:$vel$sen
bedyrade	3	word	be$"dy:$ra$de
beerotiten	3	word	
befarade	3	word	be$"fA:$ra$de
beflita	3	word	be$"fli:$ta
befolkning	3	word	be$"fOl$knIN
befriad	3	word	
befriare	3	word	be$"fri:$a$re
befästas	3	word	be$"fE$stas
begagnas	3	word	be$"gaN$nas
begiver	3	word	be$"ji:$ver
begravningsplats	3	word	be$""grA:v$nINs$%plats
begäret	3	word	be$"jE:$ret
begån	3	word	
begångna	3	word	be$"gON$na
begås	3	word	be$"go:s
behagat	3	word	be$"hA:$gat
behjälpliga	3	word	be$"jEl$plI$ga
behärskare	3	word	be$"hE$s`ka$re
beklädd	3	word	be$"klEd
bekymrad	3	word	be$"s'Ym$rad
bekymren	3	word	be$"s'Ym$ren
bekännelsen	3	word	be$"s'E$nel$sen
belopp	3	word	be$"lOp
belägna	3	word	be$"lE:$gna
bemärkt	3	word	be$"mErkt
benjaminiter	3	word	
beprövad	3	word	be$"pr2:$vad
beprövade	3	word	be$"pr2:$va$de
beredelse	3	word	be$"re:$del$se
bereden	3	word	
beredskap	3	word	be$"re:d$skA:p
bergfästet	3	word	
bergshöjderna	3	word	""bErjs$%h9j$de$n`a
bergsklyftan	3	word	
bergsklyftorna	3	word	
berusningens	3	word	be$"r}:$snIN$ens
beräkning	3	word	be$"rE:$knIN
berättas	3	word	be$"rE$tas
berått	3	word	be$"rOt
beröring	3	word	be$"r2:$rIN
beskyddade	3	word	be$"x\Y$da$de
beskyddare	3	word	be$"x\Y$da$re
beskäras	3	word	be$"x\E:$ras
beskärda	3	word	be$"x\E:$d`a
beskärde	3	word	be$"x\E:$d`e
beskärdes	3	word	be$"x\E:$d`es
beskäres	3	word	be$"x\E:$res
besluter	3	word	
besmittat	3	word	
bespejade	3	word	be$"spE$ja$de
bestraffa	3	word	be$"stra$fa
bestraffning	3	word	be$"stra$fnIN
bestrida	3	word	be$"stri:$da
beströk	3	word	be$"str2:k
bestämmelser	3	word	be$"stE$mel$ser
beständig	3	word	be$"stEn$dIg
bestört	3	word	be$"st9t`
bestörta	3	word	be$"st9$t`a
besätta	3	word	be$"sE$ta
besökt	3	word	be$"s2:kt
betett	3	word	be$"tEt
betro	3	word	be$"tru:
betrodde	3	word	be$"trU$de
betungat	3	word	
betvang	3	word	be$"tvaN
betäckta	3	word	be$"tEk$ta
bevaren	3	word	
bevekt	3	word	
beviljad	3	word	
beviljas	3	word	be$"vIl$jas
beviljat	3	word	be$"vIl$jat
bevisas	3	word	be$"vi:$sas
bevisen	3	word	be$"vi:$sen
bihustrurna	3	word	""bi:$%hu0$str}:$n`a
bildar	3	word	""bIl$dar
bildstoden	3	word	""bIld$%stu:$den
bin	3	word	"bi:n
bindel	3	word	""bIn$del
binden	3	word	"bIn$den
bindlar	3	word	""bInd$lar
bistodo	3	word	
bistra	3	word	""bI$stra
björninna	3	word	bj9$""n`I$na
blandade	3	word	""bland$da$de
blandning	3	word	""bland$nIN
blicken	3	word	"blI$ken
blinkar	3	word	""blIN$kar
blint	3	word	"blInt
blodsförvanter	3	word	""blu:ds$f9r$%van$ter
blodshämnarens	3	word	
blodsman	3	word	
blodstaden	3	word	
blomsterslingor	3	word	
blomstret	3	word	"blOm$stret
blånader	3	word	""blo:$na$der
blår	3	word	
bojorna	3	word	""bO$jU$n`a
bokstav	3	word	bUk$"stA:v
bokstäver	3	word	""bUk$stE:$ver
borgenärer	3	word	bOr$je$"nE:$rer
bortföra	3	word	""bOt`$%f2:$ra
bortgång	3	word	""bOt`$%gON
borthuggen	3	word	""bOt`$%hu0$gen
bortrycka	3	word	""bOt`$%rY$ka
boskaps	3	word	""bu:$%skA:ps
brant	3	word	"brant
brickor	3	word	""brI$kUr
brodd	3	word	"brOd
broderns	3	word	""bru:$den`s`
broderskapet	3	word	""bru:$de$%s`kA:$pet
brottsligt	3	word	""brOt$slIkt
brunnarna	3	word	""bru0$na$n`a
brunne	3	word	
brunno	3	word	
brusande	3	word	""br}:$san$de
brusar	3	word	""br}:$sar
bruse	3	word	
bruten	3	word	""br}:$ten
bräcker	3	word	"brE$ker
bräcklig	3	word	""brE$klIg
bräckte	3	word	"brEk$te
brändes	3	word	""brEn$des
brännoffers	3	word	""brEn$%O$fes`
bränslet	3	word	""brEn$slet
brått	3	word	"brOt
bröllopsdagarna	3	word	""br9$lOps$%dA:$ga$n`a
bröllopsgästerna	3	word	""br9$lOps$%jE$ste$n`a
bur	3	word	"b}:r
buren	3	word	""b}:$ren
burna	3	word	
byggmästare	3	word	""bYg$%mE$sta$re
byggnaden	3	word	""bY$gna$den
bytt	3	word	
bäddar	3	word	""bE$dar
bädden	3	word	"bE$den
bärarmar	3	word	
bärgning	3	word	""bErj$nIN
bättringen	3	word	""bE$trIN$en
bättringens	3	word	""bE$trIN$ens
bäven	3	word	
bådadera	3	word	bo:$da$"de:$ra
bådat	3	word	
båden	3	word	""bo:$den
bågskyttarna	3	word	""bo:g$%x\Y$ta$n`a
böjen	3	word	"b9$jen
böljorna	3	word	""b9l$jU$n`a
bönerop	3	word	
cederbjälkar	3	word	
cederträet	3	word	""se:$de$%t`rE:$et
dagarnas	3	word	""dA:$ga$n`as
dagningen	3	word	""dA:$gnIN$en
dagsljuset	3	word	""daks$%j}:$set
dagspenning	3	word	""daks$%pE$nIN
dammarna	3	word	""da$ma$n`a
dammens	3	word	"da$mens
dammet	3	word	"da$met
dansa	3	word	""dan$sa
dansade	3	word	""dan$sa$de
dansen	3	word	"dan$sen
degeln	3	word	""de:$geln
disputera	3	word	dI$sp}:$"te:$ra
dithörande	3	word	""di:t$%h2:$ran$de
djärva	3	word	""jEr$va
domars	3	word	"dU$mas`
domsskölden	3	word	
drabbades	3	word	""dra$ba$des
drages	3	word	
drakar	3	word	""drA:$kar
drakmer	3	word	"drak$mer
drevs	3	word	"dre:fs
dristighet	3	word	""drI$stIg$%he:t
drogs	3	word	"dro:gs
druvkakor	3	word	
dryper	3	word	"dry:$per
drägg	3	word	"drEg
dräpten	3	word	
dråp	3	word	"dro:p
drömde	3	word	""dr9m$de
drömmaren	3	word	""dr9$ma$ren
duga	3	word	""d}:$ga
duk	3	word	"d}:k
dukar	3	word	""d}:$kar
duken	3	word	"dj}:$ken
dundrade	3	word	""du0n$dra$de
dy	3	word	"dy:
dygden	3	word	"dYg$den
dyrkan	3	word	""dYr$kan
dyster	3	word	"dY$ster
därborta	3	word	dEr$""bO$t`a
dåliga	3	word	""do:$lI$ga
dånar	3	word	"do:$nar
dårade	3	word	""do:$ra$de
dödande	3	word	""d2:$dan$de
dödssjuk	3	word	""d9ts$%x\}:k
dödsskuggan	3	word	""d9ts$%sku0$gan
dödsslagen	3	word	
dödsstraffet	3	word	""d9ts$%stra$fet
dödsstund	3	word	""d9ts$%stu0nd
dödsstöten	3	word	""d9ts$%st2:$ten
döende	3	word	""d2:$en$de
dömes	3	word	""d9$mes
dörrposten	3	word	""d9r$%pO$sten
dörrskivor	3	word	
dörrvaktarnas	3	word	
dövstum	3	word	""d2:v$%stu0m
dövstumme	3	word	""d2:v$%stu0$me
edens	3	word	"e:$dens
edoméen	3	word	
efesiernas	3	word	e$"fe:$sI$e$n`as
efraimit	3	word	
eftergifter	3	word	""Ef$ter$%jIf$ter
efterlevande	3	word	""Ef$te$%l`e:$van$de
efterlämna	3	word	""Ef$te$%l`Em$na
efterlämnat	3	word	""Ef$te$%l`Em$nat
efterskänkt	3	word	
eftertrupp	3	word	""Ef$te$%t`ru0p
eggar	3	word	""E$gar
egyptierns	3	word	e$"jYpt$sI$en`s`
ek	3	word	"e:k
elakartad	3	word	""e:$lak$%A:$t`ad
elakhet	3	word	""e:$lak$%he:t
eldbloss	3	word	
eldsoffersspis	3	word	
eldstoden	3	word	""Eld$%stu:$den
enas	3	word	""e:$nas
enhälligt	3	word	""e:n$%hE$lIkt
enskilda	3	word	""e:n$%x\Il$da
enskilt	3	word	""e:n$%x\Ilt
ertappades	3	word	""e:$%t`a$pa$des
esraiten	3	word	
evige	3	word	""e:$vI$ge
facklor	3	word	""fa$klUr
faderlöses	3	word	""fA:$de$%l`2:$ses
fagrare	3	word	""fA:$gra$re
falken	3	word	"fal$ken
fallgropar	3	word	""fal$%gru:$par
falls	3	word	"fals
falske	3	word	""fal$ske
famnen	3	word	"fam$nen
farkost	3	word	""fA:r$%kOst
fastande	3	word	
fastar	3	word	""fa$star
fastlandet	3	word	""fast$%land$det
fastnade	3	word	""fast$na$de
fastor	3	word	""fa$stUr
fasttaga	3	word	""fast$%tA:$ga
fattats	3	word	""fa$tats
fattigdomen	3	word	""fa$tIg$%dU$men
femtiofem	3	word	fem$tI$U$"fEm
femtiosju	3	word	fem$tI$U$"x\}:
festligt	3	word	""fEst$lIkt
fiendes	3	word	""fi:$en$des
fika	3	word	""fi:$ka
fikonen	3	word	""fi:$kO$nen
fikonträden	3	word	""fi:$kOn$%trE:$den
filistéens	3	word	
fin	3	word	"fi:n
fingerringar	3	word	""fIN$er$%rIN$ar
fingrarna	3	word	""fIN$ra$n`a
firar	3	word	""fi:$rar
flugsvärmarna	3	word	""fl}:g$%svEr$ma$n`a
flyn	3	word	"fly:n
flytande	3	word	""fly:$tan$de
flytningen	3	word	""fly:t$nIN$en
flämtar	3	word	""flEm$tar
flätverken	3	word	""flE:t$%vEr$ken
flödade	3	word	""fl2:$da$de
flödande	3	word	""fl2:$dan$de
foglig	3	word	""fu:$glIg
folkförsamling	3	word	""fOlk$f9$%s`am$lIN
forskar	3	word	""fO$s`kar
fostra	3	word	""fU$stra
fostren	3	word	"fU$stren
fotbladet	3	word	""fu:t$%blA:$det
fotbojor	3	word	""fu:t$%bO$jUr
fradgan	3	word	""frad$gan
frambragte	3	word	
frambringa	3	word	""fram$%brIN$a
frambringar	3	word	""fram$%brIN$ar
framfört	3	word	""fram$%f2:t`
framkallar	3	word	""fram$%ka$lar
framleva	3	word	""fram$%le:$va
framställa	3	word	""fram$%stE$la
framställt	3	word	""fram$%stElt
framvägg	3	word	
frestat	3	word	""frE$stat
frestelsens	3	word	""frE$stel$sens
friade	3	word	""fri:$a$de
fristäderna	3	word	""fri:$%stE:$de$n`a
friår	3	word	""fri:$%o:r
frommes	3	word	""frU$mes
fruktsamt	3	word	""fru0kt$%samt
fräck	3	word	"frEk
frälsat	3	word	
frånskild	3	word	""fro:n$%x\Ild
fullbordades	3	word	""fu0l$%bu:$d`a$des
fullmånen	3	word	""fu0l$%mo:$nen
fullsatta	3	word	""fu0l$%sa$ta
fulltalig	3	word	""fu0l$%tA:$lIg
furstens	3	word	""fu0$s`t`ens
fylldes	3	word	""fYl$des
fyrkantig	3	word	""fy:r$%kan$tIg
fyrtionde	3	word	""f9$t`I$On$de
fyrtiosex	3	word	f9$t`I$U$"sEks
fyrtiosju	3	word	f9$t`I$U$"x\}:
fyrtiotre	3	word	f9$t`I$U$"tre:
fädernestammar	3	word	
fällas	3	word	""fE$las
fälld	3	word	
fällda	3	word	
fällor	3	word	""fE$lUr
fällt	3	word	"fElt
fängelsets	3	word	""fEN$el$sets
fängsligt	3	word	""fEN$slIkt
färdats	3	word	""fE:$d`ats
fäster	3	word	"fE$ster
fästes	3	word	""fE$stes
fåfänga	3	word	""fo:$%fEN$a
fågelns	3	word	"fo:$gelns
fåglars	3	word	""fo:$glas`
fångenskaps	3	word	""fON$en$%skA:ps
fårherdar	3	word	
fårhjord	3	word	""fo:r$%ju:d`
fårklippning	3	word	""fo:r$%klIp$nIN
födoämnen	3	word	""f2:$dU$%Em$nen
födseln	3	word	"f2:d$seln
födslovåndorna	3	word	""f2:d$slU$%vOn$dU$n`a
följda	3	word	
förbannas	3	word	f9r$"ba$nas
förbannelsens	3	word	f9r$"ba$nel$sens
förbidan	3	word	f9r$"bi:$dan
förbjuda	3	word	f9r$"bj}:$da
förbjödo	3	word	
förblindade	3	word	f9r$"blIn$da$de
förborgad	3	word	
förbrytelse	3	word	f9r$"bry:$tel$se
förbrändes	3	word	
förbundit	3	word	""f2:r$%bu0n$dIt
förbundsboken	3	word	
fördela	3	word	f9$"d`e:$la
fördelar	3	word	""f2:$d`e:$lar
fördolde	3	word	f9$"d`o:l$de
fördröjas	3	word	f9$"d`r9$jas
fördröjer	3	word	f9$"d`r9$jer
fördärvaren	3	word	f9$"d`Er$va$ren
förebråelser	3	word	""f2:$re$%bro:$el$ser
föredraga	3	word	""f2:$re$%drA:$ga
föredrog	3	word	""f2:$re$%dru:g
föregivande	3	word	""f2:$re$%ji:$van$de
förehåll	3	word	""f2:$re$%hOl
förehålla	3	word	""f2:$re$%hO$la
förelägga	3	word	""f2:$re$%lE$ga
föreläsa	3	word	""f2:$re$%lE:$sa
föreläses	3	word	""f2:$re$%lE:$ses
föreståndaren	3	word	""f2:$re$%stOn$da$ren
förfalska	3	word	f9r$"fal$ska
förflutit	3	word	f9r$"fl}:$tIt
förfäder	3	word	""f2:r$%fE:$der
förfärat	3	word	f9r$"fE:$rat
förföljas	3	word	f9r$"f9l$jas
förgick	3	word	f9r$"jIk
förgrymmad	3	word	f9r$"grY$mad
förgängligt	3	word	f9r$"jEN$lIkt
förgå	3	word	f9r$"go:
förgåns	3	word	
förhindrades	3	word	f9r$"hIn$dra$des
förhoppningar	3	word	f9r$"hOp$nIN$ar
förhusets	3	word	
förhänge	3	word	""f2:r$%hEN$e
förhärdade	3	word	f9r$"hE:$d`a$de
förhärdar	3	word	f9r$"hE:$d`ar
förhärjat	3	word	
förhärjelse	3	word	
förhäv	3	word	f9r$"hE:v
förhållande	3	word	f9r$"hO$land$de
förhållanden	3	word	f9r$"hO$land$den
förjagar	3	word	f9r$"jA:$gar
förklarat	3	word	f9r$"klA:$rat
förklädde	3	word	f9r$"klE$de
förkortat	3	word	f9r$"kO$t`at
förkovra	3	word	f9r$"ko:$vra
förkvävda	3	word	f9r$"kvE:v$da
förkvävde	3	word	
förlamade	3	word	f9$"l`A:$ma$de
förliten	3	word	
förlänas	3	word	f9r$"l`E:$nas
förlänges	3	word	f9$"l`EN$es
förman	3	word	""f2:r$%man
förmanen	3	word	
förmätet	3	word	f9r$"mE:$tet
förmörkade	3	word	f9r$"m9r$ka$de
förmörkades	3	word	f9r$"m9r$ka$des
förnekade	3	word	f9$"n`e:$ka$de
förnimmen	3	word	
förres	3	word	
förruttnelsens	3	word	f9r$"ru0t$nel$sens
förrädare	3	word	f9$"rE:$da$re
förrädaren	3	word	f9$"rE:$da$ren
förrådshuset	3	word	f9r$""ro:ds$%h}:$set
försagt	3	word	f9$"s`akt
försaka	3	word	f9$"s`A:$ka
försake	3	word	
församlats	3	word	f9$"s`am$lats
försatt	3	word	f9$"s`at
försegla	3	word	f9$"s`e:$gla
försett	3	word	
förskingrades	3	word	f9r$"x\IN$ra$des
försköning	3	word	f9r$"x\2:$nIN
försmälter	3	word	
försmådde	3	word	f9$"s`mO$de
försona	3	word	f9$"s`u:$na
försonade	3	word	f9$"s`u:$na$de
försoningen	3	word	f9$"s`u:$nIN$en
förstfödslorätten	3	word	""f9s`t`$f2:d$slU$%rE$ten
förstlingsgåva	3	word	
förstummas	3	word	f9$"s`t`u0$mas
förstärka	3	word	f9$"s`t`Er$ka
förstånds	3	word	f9$"s`t`Onds
förstörelse	3	word	f9$"s`t`2:$rel$se
försvarar	3	word	f9$"s`vA:$rar
försvunna	3	word	f9$"s`vu0$na
försvunnen	3	word	f9$"s`vu0$nen
försäljning	3	word	f9$"s`Elj$nIN
försänkt	3	word	f9$"s`ENkt
förtjänst	3	word	f9r$"s'Enst
förtorkades	3	word	f9$"t`Or$ka$des
förtrott	3	word	
förtryckaren	3	word	f9$"t`rY$ka$ren
förtvina	3	word	f9$"t`vi:$na
förtvinar	3	word	f9$"t`vi:$nar
förtyngda	3	word	
förtärd	3	word	f9$"t`E:d`
förtörnaden	3	word	
förunderligt	3	word	f9r$"u0n$de$lIkt
förundren	3	word	
förvalta	3	word	f9r$"val$ta
förvaltaren	3	word	f9r$"val$ta$ren
förvaltning	3	word	f9r$"valt$nIN
förvaltningen	3	word	f9r$"valt$nIN$en
förvandlat	3	word	f9r$"vand$lat
förvarad	3	word	f9r$"vA:$rad
förvarades	3	word	f9r$"vA:$ra$des
förvarar	3	word	f9r$"vA:$rar
förvillelse	3	word	f9r$"vI$lel$se
förvirringens	3	word	f9r$"vI$rIN$ens
förvisade	3	word	f9r$"vi:$sa$de
förvissad	3	word	
förvrida	3	word	f9r$"vri:$da
förändras	3	word	f9r$"En$dras
förändrat	3	word	f9r$"En$drat
förödas	3	word	f9r$"2:$das
förödde	3	word	
föröder	3	word	f9r$"2:$der
gagneligt	3	word	""gaN$ne$lIkt
gamlas	3	word	""gam$las
gamles	3	word	""gam$les
gemensam	3	word	je$"me:n$sam
gemensamma	3	word	je$"me:n$sa$ma
genljuda	3	word	""je:n$%j}:$da
gerasenernas	3	word	
giftiga	3	word	""jIf$tI$ga
giriga	3	word	""ji:$rI$ga
gisslade	3	word	""jI$sla$de
gisslet	3	word	"jI$slet
gitter	3	word	"jI$ter
gladdes	3	word	""gla$des
glas	3	word	"glA:s
glupska	3	word	""glu0p$ska
glädjebudbärare	3	word	
glänste	3	word	""glEn$ste
glöm	3	word	"gl9m
glömma	3	word	""gl9$ma
glömmer	3	word	"gl9$mer
gnaga	3	word	""gnA:$ga
gnistrande	3	word	""gnI$stran$de
golvet	3	word	"gOl$vet
gottfinnande	3	word	""gOt$%fI$nan$de
granatträden	3	word	
grand	3	word	"grand
gravplats	3	word	""grA:v$%plats
grundad	3	word	""gru0n$dad
grundligare	3	word	""gru0nd$lI$ga$re
grundligt	3	word	""gru0nd$lIkt
grundvalarna	3	word	""gru0nd$%vA:$la$n`a
grymmare	3	word	""grY$ma$re
grymme	3	word	""grY$me
gräsbitarna	3	word	
gräsgnagarna	3	word	
grönskan	3	word	""gr9n$skan
grönskar	3	word	""gr9n$skar
grönskuren	3	word	
gudabeläten	3	word	
gudaväsen	3	word	""g}:$da$%vE:$sen
gudfruktige	3	word	""g}:d$%fru0k$tI$ge
gudlös	3	word	""g}:d$%l2:s
gudlöshet	3	word	""g}:d$l2:s$%he:t
gudomlig	3	word	gu0$"dUm$lIg
gulaktigt	3	word	""g}:$%lak$tIkt
guldkärl	3	word	
guldringarna	3	word	""gu0ld$%rIN$a$n`a
guldsmed	3	word	""gu0ld$%sme:d
gurkfält	3	word	
gynnsamt	3	word	""jYn$%samt
gängse	3	word	""jEN$se
gärden	3	word	""jE:$d`en
gärningarnas	3	word	""jE:$n`IN$a$n`as
gästabudssalen	3	word	""jE$sta$b}:ds$%sA:$len
gästar	3	word	""jE$star
gästvänlighet	3	word	""jEst$vE:n$lIg$%he:t
gödkalvar	3	word	""j2:d$%kal$var
gördeln	3	word	""j2:$d`eln
hal	3	word	"hA:l
halshugga	3	word	""hals$%hu0$ga
halsjärn	3	word	""hals$%jE:n`
haltande	3	word	""hal$tan$de
hamn	3	word	"hamn
hamnen	3	word	"ham$nen
handelsvaror	3	word	""han$dels$%vA:$rUr
handelsvän	3	word	
harariten	3	word	
haren	3	word	""hA:$ren
harpospel	3	word	""har$pU$%spe:l
haten	3	word	
have	3	word	
hebreerna	3	word	
hebré	3	word	he$"bre:
hednafolkens	3	word	""he:d$na$%fOl$kens
hejda	3	word	""hEj$da
helad	3	word	""he:$lad
helbrägda	3	word	""hEl$%brEg$da
helbrägdagörelsens	3	word	hel$"brEg$da$j2:$rel$sens
helgedomsskänker	3	word	
heligaste	3	word	""he:$lI$ga$ste
hemfödda	3	word	
hemsökas	3	word	""hEm$%s2:$kas
herdarnas	3	word	""he:$d`a$n`as
herradömet	3	word	""hE$ra$%d9$met
himlarymden	3	word	""hIm$la$%rYm$den
himmelrikets	3	word	""hI$mel$%ri:$kets
hinden	3	word	"hIn$den
hindens	3	word	"hIn$dens
hindrades	3	word	""hIn$dra$des
hindrar	3	word	""hIn$drar
hindras	3	word	""hIn$dras
hindrat	3	word	""hIn$drat
hittar	3	word	""hI$tar
hitöver	3	word	
hivéer	3	word	
hjortkött	3	word	
hjuldon	3	word	""j}:l$%du:n
hjälmar	3	word	""jEl$mar
hjälpkvinnan	3	word	
hjälplösa	3	word	""jElp$%l2:$sa
hjältekraft	3	word	
hjärtesår	3	word	""jE$t`e$%so:r
honörn	3	word	
hopsamlat	3	word	
horoniten	3	word	
horéerna	3	word	
horéernas	3	word	
hovar	3	word	""hu:$var
hulpna	3	word	
hurusom	3	word	h}:r$}:$"sOm
husvilla	3	word	""h}:s$%vI$la
huvudprydnad	3	word	""h}:$vu0d$%pry:d$nad
hyacint	3	word	hy:$a$"sInt
hylla	3	word	""hY$la
hyser	3	word	"hy:$ser
hyste	3	word	""hy:$ste
hädaren	3	word	""hE:$da$ren
hädiskt	3	word	"hE:$dIskt
häftigare	3	word	""hEf$tI$ga$re
häftighet	3	word	""hEf$tIg$%he:t
häl	3	word	"hE:l
hälen	3	word	"hE:$len
hälsat	3	word	""hEl$sat
hämndedag	3	word	
händelse	3	word	""hEn$del$se
händelsen	3	word	""hEn$del$sen
hängdes	3	word	""hEN$des
hängiva	3	word	""hE:n$%ji:$va
hänskjuta	3	word	""hE:n$%x\}:$ta
hänsyn	3	word	""hE:n$%sy:n
härbärget	3	word	""hE:r$%bEr$jet
härd	3	word	"hE:d`
härhövitsmannens	3	word	
härhövitsmän	3	word	
härinne	3	word	hE:r$""I$ne
härjare	3	word	""hEr$ja$re
härligast	3	word	""hE:$l`I$gast
härnere	3	word	"hE:$n`e:$re
häromkring	3	word	"hE:r$Om$krIN
härs	3	word	
härskares	3	word	""hE$s`ka$res
härskat	3	word	""hE$s`kat
härvid	3	word	"hE:r$vi:d
häröver	3	word	"hE:$r2:$ver
hästars	3	word	""hE$stas`
hätsk	3	word	"hEtsk
hågad	3	word	""ho:$gad
hålen	3	word	"ho:$len
hållare	3	word	""hO$la$re
hållits	3	word	""hO$lIts
hånlogo	3	word	
hårdnackad	3	word	""ho:d`$%n`a$kad
höftleden	3	word	""h9ft$%le:$den
högarna	3	word	""h2:$ga$n`a
höghelig	3	word	
högmodig	3	word	""h2:g$%mu:$dIg
högmodigas	3	word	""h2:g$%mu:$dI$gas
högtidsoffer	3	word	
högtlovade	3	word	""h9kt$%lo:$va$de
högväxta	3	word	""h2:g$%vEk$sta
höjas	3	word	""h9$jas
höjdaltaren	3	word	
höjdernas	3	word	""h9j$de$n`as
höjt	3	word	"h9jt
höljen	3	word	""h9l$jen
höljes	3	word	""h9l$jes
hölle	3	word	
höllen	3	word	
hörda	3	word	""h2:$d`a
hörnet	3	word	""h2:$n`et
hörnlisterna	3	word	
höstregn	3	word	""h9st$%rENn
höviskt	3	word	"h2:$vIskt
iakttogo	3	word	
idogas	3	word	""i:$%du:$gas
ihjälriven	3	word	
ihågkommas	3	word	I$""ho:g$%kO$mas
ikläd	3	word	""i:$%klE:d
ilade	3	word	""i:$la$de
ilande	3	word	""i:$land$de
illasinnade	3	word	""I$la$%sI$na$de
inbillning	3	word	""In$%bIl$nIN
inbjödo	3	word	
inbyggares	3	word	""In$%bY$ga$res
inbärgar	3	word	
infalla	3	word	""In$%fa$la
infallit	3	word	
influtit	3	word	""In$%fl}:$tIt
inflöto	3	word	
infunno	3	word	
ingivelse	3	word	""I$%nji:$vel$se
ingår	3	word	""IN$%go:r
inhuggna	3	word	
inhägnade	3	word	""In$%hEN$na$de
inhämtat	3	word	""In$%hEm$tat
inifrån	3	word	
inkom	3	word	""In$%kOm
innehade	3	word	""I$ne$%ha$de
innehöll	3	word	""I$ne$%h9l
innerligt	3	word	""I$ne$l`Ikt
innesluta	3	word	""I$ne$%sl}:$ta
inristad	3	word	""In$%rI$stad
inrättade	3	word	""In$%rE$ta$de
insamlade	3	word	""In$%sam$la$de
inser	3	word	""In$%se:r
inskrift	3	word	""In$%skrIft
insteg	3	word	""In$%ste:g
inställa	3	word	""In$%stE$la
inställde	3	word	""In$%stEl$de
insätt	3	word	
insågo	3	word	
intala	3	word	""In$%tA:$la
inträder	3	word	""In$%trE:$der
inträffa	3	word	""In$%trE$fa
irrade	3	word	""I$ra$de
iskänkt	3	word	
ivrig	3	word	""i:$vrIg
jagad	3	word	""jA:$gad
jagades	3	word	""jA:$ga$des
jagas	3	word	""jA:$gas
jishariterna	3	word	
jordbeck	3	word	""ju:d`$%bEk
jordbävningar	3	word	""ju:d`$%bE:v$nIN$ar
jordråttorna	3	word	
jubelbasunerna	3	word	
jublar	3	word	""j}:$blar
judendomen	3	word	""j}:$den$%dU$men
judiskt	3	word	"j}:$dIskt
jämsides	3	word	""jEm$%si:$des
järnbojor	3	word	
kaftoréerna	3	word	
kainéen	3	word	
kal	3	word	"kA:l
kamel	3	word	ka$"me:l
kamelers	3	word	ka$"me:$les`
karmosinrött	3	word	kar$mU$""si:n$%r9t
kassia	3	word	
kejsarens	3	word	""s'Ej$sa$rens
kenaséen	3	word	
kinderna	3	word	""s'In$de$n`a
kindtänder	3	word	""s'Ind$%tEn$der
kitteln	3	word	""s'I$teln
klagogråt	3	word	
klagolåt	3	word	""klA:$gU$%lo:t
klang	3	word	"klaN
klappen	3	word	"kla$pen
klasar	3	word	""klA:$sar
klokare	3	word	""klu:$ka$re
kloke	3	word	""klu:$ke
klädden	3	word	
kläden	3	word	"klE:$den
klätt	3	word	"klEt
knorrar	3	word	""knO$rar
knota	3	word	""knu:$ta
knyta	3	word	""kny:$ta
kokt	3	word	"kUkt
kolpannan	3	word	
konstförfaren	3	word	""kOnst$f9r$%fA:$ren
konstnär	3	word	""kOnst$%nE:r
konstrikt	3	word	""kOnst$%ri:kt
konungamakten	3	word	
konungamodern	3	word	
konungasläkten	3	word	
koppargaller	3	word	
kopparhavet	3	word	
koraiterna	3	word	
kornskörden	3	word	
korpar	3	word	""kOr$par
korthet	3	word	""kOt`$%he:t
kosta	3	word	""kO$sta
kostat	3	word	""kO$stat
kostnaderna	3	word	""kOst$na$de$n`a
kraftens	3	word	"kraf$tens
kraftig	3	word	""kraf$tIg
kraftiga	3	word	""kraf$tI$ga
kraftigare	3	word	""kraf$tI$ga$re
kretslopp	3	word	""krEts$%lOp
krigiska	3	word	"kri:$gI$ska
krigslarm	3	word	""krIks$%larm
krigståg	3	word	""krIks$%to:g
krigsöverstarna	3	word	
kringboende	3	word	""krIN$%bu:$en$de
kringgå	3	word	""krIN$%go:
kringstrålade	3	word	""krIN$%stro:$la$de
krokiga	3	word	""kru:$kI$ga
kroppshydda	3	word	""krOps$%hY$da
kroppsövningar	3	word	""krOps$%2:v$nIN$ar
krubban	3	word	""kr}:$ban
krukmakare	3	word	""kr}:k$%mA:$ka$re
krus	3	word	"kr}:s
kruset	3	word	"kr}:$set
kryddkummin	3	word	
kryddorna	3	word	""krY$dU$n`a
kryddväxter	3	word	""krYd$%vEk$ster
krälar	3	word	""krE:$lar
krönikan	3	word	"kr2:$nI$kan
krönikor	3	word	"kr2:$nI$kUr
kullarna	3	word	""ku0$la$n`a
kulle	3	word	""ku0$le
kummel	3	word	"ku0$mel
kunden	3	word	"ku0n$den
kustlandets	3	word	""ku0st$%land$dets
kuvar	3	word	""k}:$var
kvalen	3	word	"kvA:$len
kvarn	3	word	"kvA:n`
kvarnen	3	word	"kvA:$n`en
kvigan	3	word	""kvi:$gan
kvinnkön	3	word	
kvinnornas	3	word	""kvI$nU$n`as
kysser	3	word	"s'Y$ser
käftar	3	word	""s'Ef$tar
källorna	3	word	""s'E$lU$n`a
kämpen	3	word	""s'Em$pen
kända	3	word	""s'En$da
känden	3	word	
kölden	3	word	"s'9l$den
köpebrev	3	word	""s'2:$pe$%bre:v
köpman	3	word	""s'2:p$%man
lador	3	word	""lA:$dUr
lagarna	3	word	""lA:$ga$n`a
lagstridiga	3	word	""lA:g$%stri:$dI$ga
lagöverträdare	3	word	""lA:g$2:$ve$%t`rE:$da$re
lama	3	word	""lA:$ma
lampan	3	word	""lam$pan
lamptänger	3	word	
landsflyktiga	3	word	""lands$%flYk$tI$ga
landshövdingarnas	3	word	""lands$%h9v$dIN$a$n`as
landshövdingens	3	word	""lands$%h9v$dIN$ens
landsmäns	3	word	""lands$%mEns
lansen	3	word	"lan$sen
lapp	3	word	"lap
ledningen	3	word	""le:d$nIN$en
legodrängar	3	word	""le:$gU$%drEN$ar
lejer	3	word	"lE$jer
lekamliga	3	word	le$"kA:m$lI$ga
lerjord	3	word	""le:r$%ju:d`
lerkruka	3	word	""le:r$%kr}:$ka
libyer	3	word	"li:$bY$er
lindade	3	word	""lIn$da$de
linsärter	3	word	
listig	3	word	""lI$stIg
litar	3	word	""li:$tar
livrock	3	word	
ljunga	3	word	""ju0N$a
ljungeldarna	3	word	""ju0N$%El$da$n`a
ljödo	3	word	
lovad	3	word	""lo:$vad
lovsångs	3	word	""lo:v$%sONs
ludéer	3	word	
luta	3	word	""l}:$ta
luttra	3	word	""lu0$tra
lyckats	3	word	""lY$kats
lyckönska	3	word	""lYk$%9n$ska
lyden	3	word	
lydig	3	word	""ly:$dIg
lyftas	3	word	""lYf$tas
lyssnaden	3	word	
lysten	3	word	""lY$sten
lädergördel	3	word	
lägenhet	3	word	""lE:$gen$%he:t
lägerställe	3	word	
läkemedel	3	word	""lE:$ke$%me:$del
lämpligt	3	word	""lEm$plIkt
lände	3	word	
länders	3	word	"lEn$des`
längtade	3	word	""lEN$ta$de
längten	3	word	
läpparna	3	word	""lE$pa$n`a
läsen	3	word	
låge	3	word	
lånat	3	word	""lo:$nat
långsidan	3	word	""lON$%si:$dan
lögner	3	word	""l9N$ner
löna	3	word	""l2:$na
lönn	3	word	"l9n
löpen	3	word	"l2:$pen
lösaktiga	3	word	""l2:s$%ak$tI$ga
lösbröt	3	word	
löven	3	word	"l2:$ven
lövhyddohögtid	3	word	""l2:v$hY$dU$h9k$%ti:d
maakatitens	3	word	
maakatéernas	3	word	
macedonierna	3	word	ma$ke$"du:$nI$e$n`a
makthavande	3	word	""makt$%hA:$van$de
mantelsläp	3	word	
markerna	3	word	"mar$ke$n`a
matt	3	word	"mat
mattor	3	word	""ma$tUr
medborgarskap	3	word	""me:d$bOr$ja$%s`kA:p
medbroder	3	word	""me:d$%bru:$der
meddelande	3	word	""me:$%de:$land$de
meder	3	word	"me:$der
medhjälpare	3	word	""me:d$%jEl$pa$re
middag	3	word	"mI$dA:g
minnas	3	word	""mI$nas
missbruka	3	word	""mIs$%br}:$ka
misshandla	3	word	""mIs$%hand$la
misstankens	3	word	""mI$%staN$kens
mjuka	3	word	""mj}:$ka
moabitiska	3	word	
modigt	3	word	""mu:$dIkt
modlösa	3	word	""mu:d$%l2:$sa
molnens	3	word	"mo:l$nens
morbroder	3	word	""mUr$%bru:$der
morgonrodnad	3	word	""mOr$gOn$%ro:d$nad
morgonväkten	3	word	""mOr$gOn$%vEk$ten
motgång	3	word	""mu:t$%gON
motsatta	3	word	""mu:t$%sa$ta
motsäga	3	word	""mu:t$%sE$ja
mott	3	word	"mOt
mottagas	3	word	
motvärn	3	word	""mu:t$%vE:n`
mullbärsfikonträ	3	word	
mullbärsfikonträd	3	word	
multnar	3	word	""mu0lt$nar
munnens	3	word	"mu0$nens
munvig	3	word	""mu0n$%vi:g
murarnas	3	word	""m}:$ra$n`as
murbruket	3	word	""m}:r$%br}:$ket
myrten	3	word	"mY$t`en
myrtenträden	3	word	
mäktiges	3	word	""mEk$tI$ges
människofot	3	word	""mE$nI$x\U$%fu:t
människogestalt	3	word	""mE$nI$x\U$je$%stalt
mänskligt	3	word	""mEns$klIkt
märk	3	word	"mErk
mästaren	3	word	""mE$sta$ren
mäten	3	word	
månde	3	word	""mOn$de
månens	3	word	""mo:$nens
måtten	3	word	"mO$ten
mödade	3	word	""m2:$da$de
mödosamt	3	word	""m2:$dU$%samt
mödrarna	3	word	""m2:$dra$n`a
mönstrades	3	word	""m9n$stra$des
mördar	3	word	""m2:$d`ar
mördare	3	word	""m2:$d`a$re
mörka	3	word	""m9r$ka
mörkblåa	3	word	""m9rk$%blo:$a
nacke	3	word	""na$ke
nakne	3	word	""nA:$kne
nasaréens	3	word	
nasirlöfte	3	word	
nasirtecknet	3	word	
nedtryckt	3	word	""ne:d$%trYkt
nehelamiten	3	word	
nesa	3	word	""ne:$sa
nesligt	3	word	""ne:$slIkt
nitisk	3	word	"ni:$tIsk
nittioåtta	3	word	nI$tI$U$""O$ta
nitton	3	word	""nI$tOn
nitälskans	3	word	
noggrannhet	3	word	""nu:$gran$%he:t
norden	3	word	"nu:$d`en
numera	3	word	"n}:$me:$ra
nyfödda	3	word	""ny:$%f9$da
nyligen	3	word	""ny:$lI$gen
nymånadsdag	3	word	
nyttig	3	word	""nY$tIg
näsring	3	word	
nätverket	3	word	""nE:t$%vEr$ket
nålsöga	3	word	""no:ls$%2:$ga
nödgades	3	word	""n9d$ga$des
nödtvång	3	word	""n2:d$%tvON
nödvändiga	3	word	""n2:$%dvEn$dI$ga
oandliga	3	word	""u:$%and$lI$ga
oansenligt	3	word	""u:$an$%se:n$lIkt
obebodd	3	word	""u:$be$%bUd
obefläckade	3	word	""u:$be$%flE$ka$de
obefästa	3	word	""u:$be$%fE$sta
obetänksamhet	3	word	""u:$be$tENk$sam$%he:t
odugliga	3	word	""u:$%d}:$glI$ga
offentligen	3	word	U$"fEnt$lI$gen
offerdjur	3	word	""O$fer$%j}:r
offerfest	3	word	""O$fer$%fEst
offerköttet	3	word	
offermåltid	3	word	
offermåltiderna	3	word	
offerskänker	3	word	
offerskålarna	3	word	
offrad	3	word	
oförgänglige	3	word	""u:$f9r$%jEN$lI$ge
oförmodat	3	word	""u:$f9r$%mu:$dat
oförnuftiges	3	word	
oförrättat	3	word	""u:$f9r$%rE$tat
oförskräckta	3	word	""u:$f9$%s`krEk$ta
oförskyllt	3	word	""u:$f9r$%x\Ylt
oförståndig	3	word	""u:$f9$%s`t`On$dIg
oförvitlig	3	word	""u:$f9r$%vi:t$lIg
oförändrad	3	word	""u:$f9r$%En$drad
ogärningar	3	word	""u:$%jE:$n`IN$ar
ogärningsmäns	3	word	""u:$jE:$n`INs$%mEns
ohelig	3	word	""u:$%he:$lIg
ohuggna	3	word	
ohörsamhet	3	word	""u:$h2:$s`am$%he:t
okänd	3	word	""u:$%s'End
olivkvistar	3	word	U$""li:v$%kvI$star
olivträdet	3	word	U$""li:v$%trE:$det
olycklig	3	word	""u:$%lY$klIg
olycksvattnet	3	word	
oläkligt	3	word	""u:$lE:$klIkt
oländiga	3	word	""u:$%lEn$dI$ga
omfamnar	3	word	""Om$%fam$nar
omgivit	3	word	
omgångar	3	word	""Om$%gON$ar
omkostnaderna	3	word	""Om$%kOst$na$de$n`a
omnejd	3	word	""Om$%nEjd
omringades	3	word	""Om$%rIN$a$des
omringat	3	word	""Om$%rIN$at
områdena	3	word	""Om$%ro:$de$na
omslöto	3	word	
omständigheterna	3	word	""Om$stEn$dIg$%he:$te$n`a
omstörtar	3	word	""Om$%st9$t`ar
omstörtning	3	word	""Om$%st9t`$n`IN
omtalar	3	word	""Om$%tA:$lar
omtalas	3	word	""Om$%tA:$las
omtalen	3	word	
omtanke	3	word	""Om$%taN$ke
ondo	3	word	""Un$dU
oomskurne	3	word	""u:$Om$%sk}:$n`e
oordnat	3	word	""u:$%o:d`$n`at
ordar	3	word	""u:$d`ar
ordnad	3	word	""o:d`$n`ad
ordskifte	3	word	""u:d`$%x\If$te
ordstrider	3	word	""u:d`$%s`t`ri:$der
orenen	3	word	
orenheter	3	word	""u:$re:n$%he:$ter
orenhets	3	word	""u:$re:n$%he:ts
orkar	3	word	""Or$kar
oroat	3	word	""u:$%ru:$at
orygglig	3	word	""u:$%rY$glIg
orätta	3	word	""u:$%rE$ta
orättfärdige	3	word	""u:$rEt$%fE:$d`I$ge
oskadd	3	word	""u:$%skad
oskadda	3	word	""u:$%ska$da
oskickliga	3	word	""u:$%x\I$klI$ga
oskrymtad	3	word	""u:$%skrYm$tad
ostraffade	3	word	""u:$%stra$fa$de
ostörd	3	word	""u:$%st2:d`
ostört	3	word	""u:$%st2:t`
otalig	3	word	""u:$%tA:$lIg
otålig	3	word	""u:$%to:$lIg
ouppsåtliga	3	word	
outtömlig	3	word	""u:$}:t$%t9m$lIg
ovisa	3	word	""u:$%vi:$sa
ovännens	3	word	""u:$%vE$nens
ovärdiga	3	word	""u:$%vE:$d`I$ga
oäkta	3	word	""u:$%Ek$ta
palatsen	3	word	pa$"lat$sen
palmerna	3	word	""pal$me$n`a
palmkvistar	3	word	
panten	3	word	"pan$ten
partisk	3	word	"pA:$t`Isk
passa	3	word	""pa$sa
peloniten	3	word	
persern	3	word	"pE$s`en`
personligen	3	word	pe$"s`u:n$lI$gen
pinas	3	word	""pi:$nas
plantering	3	word	plan$"te:$rIN
plantor	3	word	""plan$tUr
plockat	3	word	""plO$kat
plogbillar	3	word	""plu:g$%bI$lar
plundrar	3	word	""plu0n$drar
plågorna	3	word	""plo:$gU$n`a
plåster	3	word	"plO$ster
plöjer	3	word	"pl9$jer
post	3	word	"pOst
poster	3	word	""pO$ster
praktskrud	3	word	""prakt$%skr}:d
predikades	3	word	pre$"di:$ka$des
pressa	3	word	""prE$sa
pressarna	3	word	""prE$sa$n`a
presskar	3	word	
profetiskt	3	word	prU$"fe:$tIskt
profetissa	3	word	prU$fe$""tI$sa
prästerlig	3	word	""prE$ste$l`Ig
prästkläder	3	word	
prövad	3	word	
prövning	3	word	""pr2:v$nIN
publikanerna	3	word	pu0$blI$"kA:$ne$n`a
pungen	3	word	"pu0N$en
pur	3	word	"p}:r
purim	3	word	
påfund	3	word	""po:$%fu0nd
påkommer	3	word	
pålitlig	3	word	""po:$%li:t$lIg
pålitliga	3	word	""po:$%li:t$lI$ga
påminde	3	word	""po:$%mIn$de
påminnelser	3	word	""po:$%mI$nel$ser
påminner	3	word	""po:$%mI$ner
påstår	3	word	""po:$%sto:r
rabbi	3	word	"ra$bI
rankorna	3	word	""raN$kU$n`a
rassel	3	word	"ra$sel
redlige	3	word	""re:d$lI$ge
regerat	3	word	re$"je:$rat
regnade	3	word	""rEN$na$de
regnskur	3	word	""rENn$%sk}:r
regnskurar	3	word	""rENn$%sk}:$rar
renaste	3	word	""re:$na$ste
rene	3	word	""re:$ne
renen	3	word	"re:$nen
reningsdagar	3	word	
rep	3	word	"re:p
resen	3	word	""re:$sen
reslig	3	word	""re:$slIg
resligt	3	word	""re:$slIkt
resor	3	word	""re:$sUr
ricinbusken	3	word	rI$""si:n$%bu0$sken
riv	3	word	"ri:v
riven	3	word	""ri:$ven
roffare	3	word	""rO$fa$re
rosten	3	word	"rO$sten
rotat	3	word	""ru:$tat
rubeniternas	3	word	
runnit	3	word	""ru0$nIt
rusa	3	word	""r}:$sa
rusade	3	word	""r}:$sa$de
rusar	3	word	""r}:$sar
rusigt	3	word	""r}:$sIkt
rusta	3	word	""ru0$sta
rykten	3	word	""rYk$ten
rymmer	3	word	"rY$mer
ryttaren	3	word	""rY$ta$ren
rädens	3	word	"rE:$dens
ränksmidare	3	word	""rENk$%smi:$da$re
räta	3	word	""rE:$ta
rättens	3	word	"rE$tens
rättfärdigare	3	word	""rEt$%fE:$d`I$ga$re
rättrådighet	3	word	""rEt$ro:$dIg$%he:t
rättsinnig	3	word	""rEt$%sI$nIg
rättsinnigas	3	word	""rEt$%sI$nI$gas
rättstjänaren	3	word	
rättvisan	3	word	""rEt$%vi:$san
rättvisans	3	word	""rEt$%vi:$sans
rävar	3	word	""rE:$var
rävarna	3	word	""rE:$va$n`a
rådplägning	3	word	""ro:d$%plE:$gnIN
rådrum	3	word	""ro:d$%ru0m
rådsherren	3	word	""ro:ds$%hE$ren
rådvisa	3	word	
råkade	3	word	""ro:$ka$de
rökelsekar	3	word	""r2:$kel$se$%kA:r
rökoffer	3	word	
rökoffret	3	word	
rökverk	3	word	""r2:k$%vErk
röras	3	word	""r2:$ras
rördrommar	3	word	
rört	3	word	"r2:t`
röta	3	word	""r2:$ta
rövas	3	word	""r2:$vas
röven	3	word	"r2:$ven
sadla	3	word	""sA:d$la
safirer	3	word	sa$"fi:$rer
saker	3	word	"sA:$ker
sakförare	3	word	""sA:k$%f2:$ra$re
saknad	3	word	""sA:$knad
saks	3	word	"sA:ks
saktmodiga	3	word	""sakt$%mu:$dI$ga
saktmods	3	word	""sakt$%mu:ds
salu	3	word	"sA:$l}:
samarit	3	word	sa$ma$"ri:t
samariterna	3	word	sa$ma$"ri:$te$n`a
samaritiska	3	word	sa$ma$"ri:$tI$ska
samladen	3	word	
sammankalla	3	word	""sa$man$%ka$la
sammankomster	3	word	""sa$man$%kOm$ster
sammansatt	3	word	""sa$man$%sat
sammanträffa	3	word	""sa$man$%trE$fa
samtycke	3	word	""sam$%tY$ke
samtyckte	3	word	""sam$%tYk$te
sandaler	3	word	san$"dA:$ler
sannfärdighet	3	word	""san$fE:$d`Ig$%he:t
sarga	3	word	""sar$ja
segerbyte	3	word	""se:$ger$%by:$te
segerrik	3	word	""se:$ger$%ri:k
segerrika	3	word	""se:$ger$%ri:$ka
segrare	3	word	""se:$gra$re
sextiosju	3	word	sek$stI$U$"x\}:
sextonde	3	word	""sEk$stOn$de
siarna	3	word	""si:$a$n`a
sidokamrar	3	word	
sidonier	3	word	
sidoväggar	3	word	
sigill	3	word	sI$"jIl
sikeln	3	word	"si:$keln
sinnrika	3	word	""sIn$%ri:$ka
sinom	3	word	""si:$nOm
sitten	3	word	
sjukes	3	word	
sjukt	3	word	"x\}:kt
sjung	3	word	"x\u0N
sjuttiosju	3	word	x\u0$tI$U$"x\}:
själarna	3	word	""x\E:$la$n`a
själars	3	word	""x\E:$las`
själisk	3	word	
själiska	3	word	
självmant	3	word	""x\Elv$%mA:nt
skabb	3	word	"skab
skadan	3	word	""skA:$dan
skalv	3	word	"skalv
skamlig	3	word	""skam$lIg
skarorna	3	word	""skA:$rU$n`a
skattmästare	3	word	""skat$%mE$sta$re
skeppsbåten	3	word	""x\Eps$%bo:$ten
skifte	3	word	""x\If$te
skiftevis	3	word	
skiljemur	3	word	
skingra	3	word	""x\IN$ra
skingrat	3	word	""x\IN$rat
skinnläglar	3	word	
skipade	3	word	""x\i:$pa$de
skipar	3	word	""x\i:$par
skiva	3	word	""x\i:$va
skjutit	3	word	""x\}:$tIt
skogar	3	word	""sku:$gar
skon	3	word	"sku:n
skonar	3	word	""sku:$nar
skonsam	3	word	""sku:n$%sam
skorpion	3	word	skOr$pI$"u:n
skriftligen	3	word	""skrIft$lI$gen
skrymtarna	3	word	""skrYm$ta$n`a
skrämdes	3	word	""skrEm$des
skrämmes	3	word	""skrE$mes
skröplighet	3	word	""skr9$plIg$%he:t
skudden	3	word	
skuggornas	3	word	""sku0$gU$n`as
skulder	3	word	""sku0l$der
skuren	3	word	""sk}:$ren
skyddar	3	word	""x\Y$dar
skylde	3	word	""x\y:l$de
skylt	3	word	"x\Ylt
skyr	3	word	"x\y:r
skyttarna	3	word	""x\Y$ta$n`a
skälvande	3	word	""x\El$van$de
skändad	3	word	
skändar	3	word	""x\En$dar
skändlig	3	word	""x\End$lIg
skändlige	3	word	""x\End$lI$ge
skändligheter	3	word	""x\End$lIg$%he:$ter
skändlighetsguden	3	word	
skäppor	3	word	""x\E$pUr
skärm	3	word	"x\Erm
skärmar	3	word	""x\Er$mar
skärvar	3	word	
skådebrödsbordet	3	word	
skådespel	3	word	""sko:$de$%spe:l
skökorna	3	word	""x\2:$kU$n`a
sköljt	3	word	"x\9ljt
skönhetens	3	word	""x\2:n$%he:$tens
skördemannen	3	word	
skördens	3	word	"x\2:$d`ens
skövling	3	word	""x\9v$lIN
slagnas	3	word	""slA:$gnas
slaktades	3	word	""slak$ta$des
slaktdjur	3	word	""slakt$%j}:r
slaktoffers	3	word	""slakt$%O$fes`
slipprig	3	word	""slI$prIg
sliter	3	word	"sli:$ter
slogos	3	word	
slumra	3	word	""slu0m$ra
slungstenar	3	word	""slu0N$%ste:$nar
slungstenen	3	word	""slu0N$%ste:$nen
sluttning	3	word	""slu0t$nIN
släkternas	3	word	""slEk$te$n`as
släta	3	word	""slE:$ta
slöjor	3	word	""sl9$jUr
smakliga	3	word	""smA:$klI$ga
smal	3	word	"smA:l
smeden	3	word	"sme:$den
smederna	3	word	""sme:$de$n`a
smida	3	word	""smi:$da
smyckade	3	word	""smY$ka$de
smädande	3	word	""smE:$dan$de
smälekens	3	word	""smE:$%le:$kens
smältas	3	word	""smEl$tas
smältugn	3	word	""smElt$%u0Nn
småboskaps	3	word	""smo:$bu:$%skA:ps
snarligen	3	word	""snA:$l`I$gen
snarsticken	3	word	
snida	3	word	""sni:$da
snärjas	3	word	""snEr$jas
snöpte	3	word	
solnedgången	3	word	""su:l$ne:d$%gON$en
solstoderna	3	word	
sondotter	3	word	""so:n$%dO$ter
sonhustrun	3	word	""so:n$%hu0$str}:n
sonsöner	3	word	""so:n$%s2:$ner
soppa	3	word	""sO$pa
sorgefest	3	word	
sorgehus	3	word	""sOr$je$%h}:s
sorglös	3	word	""sOrj$%l2:s
sorglösa	3	word	""sOrj$%l2:$sa
sorgset	3	word	""sOrj$set
sorgsna	3	word	""sOrj$sna
soven	3	word	""so:$ven
sovkammare	3	word	""so:v$%ka$ma$re
sovkammaren	3	word	""so:v$%ka$ma$ren
sovo	3	word	
spadet	3	word	"spA:$det
spann	3	word	"span
spelen	3	word	"spe:$len
spetsa	3	word	""spEt$sa
spikarna	3	word	""spi:$ka$n`a
spinna	3	word	""spI$na
spotta	3	word	""spO$ta
spottar	3	word	""spO$tar
spritt	3	word	"sprIt
sprungo	3	word	
sprängde	3	word	""sprEN$de
språket	3	word	"spro:$ket
späkte	3	word	
spänne	3	word	""spE$ne
spännen	3	word	""spE$nen
stadgars	3	word	""stad$gas`
stadsportarna	3	word	""stats$%pU$t`a$n`a
stal	3	word	"stA:l
stamförvanter	3	word	
stanken	3	word	"staN$ken
stapplar	3	word	""sta$plar
starkast	3	word	""star$kast
stavarna	3	word	""stA:$va$n`a
stenad	3	word	""ste:$nad
stengrund	3	word	""ste:N$%gru0nd
stengrunden	3	word	""ste:N$%gru0n$den
stenhopar	3	word	
stenröse	3	word	""ste:n$%r2:$se
stillat	3	word	""stI$lat
stjärnornas	3	word	""x\E:$n`U$n`as
stjärntydarna	3	word	""x\E:n`$%t`y:$da$n`a
stolar	3	word	""stu:$lar
stormäns	3	word	""stu:r$%mEns
stortalighet	3	word	
straffdomen	3	word	""straf$%dU$men
stridiga	3	word	""stri:$dI$ga
stridslarm	3	word	""strIts$%larm
stridslust	3	word	""strIts$%lu0st
strutsen	3	word	"stru0t$sen
sträcke	3	word	
stränder	3	word	"strEn$der
strängaste	3	word	""strEN$a$ste
strävade	3	word	""strE:$va$de
strävat	3	word	""strE:$vat
strån	3	word	"stro:n
stråt	3	word	"stro:t
strök	3	word	"str2:k
ströva	3	word	""str2:$va
strövskaror	3	word	
stubbe	3	word	""stu0$be
stubben	3	word	""stu0$ben
stumme	3	word	""stu0$me
stupa	3	word	
stupade	3	word	
stycka	3	word	""stY$ka
styrt	3	word	"sty:t`
städernas	3	word	"stE:$de$n`as
ställföreträdare	3	word	""stEl$f2:$re$%trE:$da$re
ställningar	3	word	""stEl$nIN$ar
ständiga	3	word	""stEn$dI$ga
stänkt	3	word	"stENkt
stärka	3	word	""stEr$ka
ståtlig	3	word	""sto:t$lIg
stöld	3	word	"st9ld
störtskur	3	word	""st9t`$%s`k}:r
suck	3	word	"su0k
suga	3	word	""s}:$ga
sunemitiskan	3	word	
sunnanvinden	3	word	""su0$nan$%vIn$den
sura	3	word	""s}:$ra
sus	3	word	"s}:s
svaja	3	word	""sva$ja
svalan	3	word	""svA:$lan
svalka	3	word	""sval$ka
svall	3	word	"sval
svalla	3	word	""sva$la
svallköttet	3	word	""sval$%s'9$tet
svamp	3	word	"svamp
svaraden	3	word	
svartkonst	3	word	""svat`$%kOnst
svartkummin	3	word	
svika	3	word	""svi:$ka
svinhjord	3	word	
svälla	3	word	""svE$la
svärdsslagna	3	word	
svärfaders	3	word	""svE:r$%fA:$des`
sväva	3	word	""svE:$va
svävar	3	word	""svE:$var
synagogföreståndarens	3	word	
synar	3	word	""sy:$nar
syndoffersdjurets	3	word	
syndofferstjur	3	word	
synts	3	word	"sYnts
syriska	3	word	"sy:$rI$ska
säckpipor	3	word	""sEk$%pi:$pUr
säljaren	3	word	""sEl$ja$ren
sällsynt	3	word	""sEl$%sy:nt
sändas	3	word	""sEn$das
sängar	3	word	""sEN$ar
sängs	3	word	"sENs
sänkas	3	word	""sEN$kas
sänktes	3	word	""sENk$tes
sätet	3	word	""sE:$tet
sävstrå	3	word	
såge	3	word	
såld	3	word	"sOld
såll	3	word	"sOl
sån	3	word	
såningsman	3	word	""so:$nINs$%man
sårande	3	word	
sårar	3	word	""so:$rar
såren	3	word	"so:$ren
sås	3	word	"so:s
sönderbrutna	3	word	""s9n$der$%br}:t$na
söndringar	3	word	""s9n$drIN$ar
sörj	3	word	"s9rj
sörjen	3	word	
sörjt	3	word	"s9rjt
sötare	3	word	""s2:$ta$re
tackoffren	3	word	""tak$%O$fren
tacksägelsen	3	word	""tak$%sE:$jel$sen
tacksägelser	3	word	""tak$%sE$jel$ser
tadel	3	word	"tA:$del
talenterna	3	word	ta$"lEn$te$n`a
tallös	3	word	""tA:l$%l2:s
talrikare	3	word	""tA:l$%ri:$ka$re
tegat	3	word	
tekoaiten	3	word	
telningen	3	word	""te:l$nIN$en
tempelbolare	3	word	
tempelbyggnaden	3	word	""tEm$pel$%bY$gna$den
tempeltärna	3	word	
tidsåldrarnas	3	word	""ti:ds$%Ol$dra$n`as
tiggare	3	word	""tI$ga$re
tiggde	3	word	""tIg$de
tillagat	3	word	""tIl$%lA:$gat
tillbedjare	3	word	""tIl$%be:d$ja$re
tillbörliga	3	word	""tIl$%b2:$l`I$ga
tillflyktsorter	3	word	""tIl$flYkts$%U$t`er
tillförde	3	word	""tIl$%f2:$d`e
tillförlitliga	3	word	""tIl$f9$%l`i:t$lI$ga
tillförsäkrade	3	word	""tIl$f2:$%s`E:$kra$de
tillgiv	3	word	
tillgå	3	word	""tIl$%go:
tillgått	3	word	""tIl$%gOt
tillit	3	word	""tIl$%li:t
tillredas	3	word	""tIl$%re:$das
tillredd	3	word	""tIl$%rEd
tillredelse	3	word	""tIl$%re:$del$se
tillreder	3	word	""tIl$%re:$der
tillreds	3	word	""tIl$%re:ds
tillrättavisar	3	word	tI$""rE$ta$%vi:$sar
tills	3	word	
tillsatt	3	word	
tillslutet	3	word	
tillstaddes	3	word	
tillstoppad	3	word	""tIl$%stO$pad
tillstoppar	3	word	
tillstundande	3	word	""tIl$%stu0n$dan$de
tillstäd	3	word	
tilltag	3	word	""tIl$%tA:g
tillägnat	3	word	""tIl$%EN$nat
tillämpa	3	word	""tIl$%lEm$pa
tillönsken	3	word	
timliga	3	word	""tIm$lI$ga
timrade	3	word	""tIm$ra$de
tiondegärderna	3	word	
tiotusen	3	word	ti:$U$"t}:$sen
tiotusenfalt	3	word	
tjockt	3	word	"s'Okt
tjuguandra	3	word	
tjuguett	3	word	s'}:$gU$"Et
tjuveri	3	word	s'}:$ve$"ri:
tjänaden	3	word	
tjänstekvinnans	3	word	""s'En$ste$%kvI$nans
tjänstgörande	3	word	""s'Enst$%j2:$ran$de
ton	3	word	"tOn
tordes	3	word	""tu:$d`es
tordönen	3	word	""tu:$%d`2:$nen
torkat	3	word	""tOr$kat
traktade	3	word	""trak$ta$de
trampat	3	word	""tram$pat
trampen	3	word	"tram$pen
trappstegen	3	word	""trap$%ste:$gen
trettiofyra	3	word	tre$tI$U$""fy:$ra
trettionionde	3	word	
trettiosjunde	3	word	
treårig	3	word	""tre:$%o:$rIg
trofaste	3	word	""tru:$%fa$ste
trolovat	3	word	
trolösas	3	word	""tru:$%l2:$sas
tross	3	word	"trOs
trumpetblåsarna	3	word	
trycker	3	word	"trY$ker
tryckte	3	word	""trYk$te
träbeläten	3	word	""trE:$be$%lE:$ten
trädden	3	word	
träet	3	word	"trE:$et
träffats	3	word	""trE$fats
träkärl	3	word	""trE:$%s'E:l`
trälarna	3	word	""trE:$la$n`a
trängt	3	word	"trENt
trästycke	3	word	""trE:$%stY$ke
trävirket	3	word	""trE:$%vIr$ket
trånga	3	word	""trON$a
tröga	3	word	""tr2:$ga
tröskvagn	3	word	
tröskvagnar	3	word	
trötte	3	word	""tr9$te
tuktad	3	word	""tu0k$tad
tullhuset	3	word	""tu0l$%h}:$set
tunnkaka	3	word	
tvagna	3	word	
tvagningen	3	word	""tvA:$gnIN$en
tvedräkt	3	word	""tve:$%drEkt
tvingar	3	word	""tvIN$ar
tvingat	3	word	""tvIN$at
tvivlade	3	word	""tvi:v$la$de
tvärt	3	word	"tvEt`
tysthet	3	word	""tYst$%he:t
tystna	3	word	""tYst$na
tystnat	3	word	""tYst$nat
täcka	3	word	""tE$ka
täckte	3	word	""tEk$te
täljas	3	word	""tEl$jas
tämja	3	word	""tE$mja
tänd	3	word	"tEnd
tänkten	3	word	
täppte	3	word	""tEp$te
täras	3	word	""tE:$ras
tävlingskamp	3	word	
töm	3	word	"t9m
tömde	3	word	""t9m$de
tömma	3	word	""t9$ma
törstigt	3	word	""t9$s`t`Ikt
udd	3	word	"u0d
umgänget	3	word	""u0m$%jEN$et
umgåtts	3	word	""u0m$%gOts
undandragit	3	word	
undanhålla	3	word	""u0n$dan$%hO$la
undanhållit	3	word	""u0n$dan$%hO$lIt
underhandla	3	word	""u0n$der$%hand$la
underkuvade	3	word	""u0n$der$%k}:$va$de
underlagda	3	word	
underlägga	3	word	""u0n$de$%l`E$ga
underlät	3	word	""u0n$de$%l`E:t
underlåtit	3	word	""u0n$de$%l`o:$tIt
understödet	3	word	""u0n$de$%s`t`2:$det
undervisningen	3	word	""u0n$der$%vi:$snIN$en
undflykt	3	word	""u0nd$%flYkt
undkommit	3	word	""u0nd$%kO$mIt
undren	3	word	"u0n$dren
undviker	3	word	""u0nd$%vi:$ker
uppbränt	3	word	""u0p$%brEnt
uppdagar	3	word	""u0p$%dA:$gar
uppeggar	3	word	""u0p$%E$gar
uppeggat	3	word	
uppehöllo	3	word	
uppenbarelser	3	word	""u0$pen$%bA:$rel$ser
uppfostran	3	word	""u0p$%fU$stran
uppförd	3	word	
uppgifter	3	word	""u0p$%jIf$ter
uppgjort	3	word	""u0p$%jUt`
upphettad	3	word	""u0p$%hE$tad
upphovet	3	word	""u0p$%hu:$vet
upplysa	3	word	""u0p$%ly:$sa
upplyser	3	word	""u0p$%ly:$ser
uppläsa	3	word	""u0p$%lE:$sa
uppläst	3	word	""u0p$%lE:st
upplät	3	word	""u0$%plE:t
upplöjt	3	word	""u0p$%pl9jt
upplösning	3	word	""u0p$%l2:$snIN
uppmuntra	3	word	""u0p$%mu0n$tra
uppmuntran	3	word	""u0p$%mu0n$tran
uppmuntrande	3	word	
uppnå	3	word	""u0p$%no:
uppreser	3	word	""u0p$%re:$ser
uppreste	3	word	
upprista	3	word	
upprorsmän	3	word	""u0p$ru:s`$%mEn
uppryckt	3	word	""u0p$%rYkt
upprättelse	3	word	""u0p$%rE$tel$se
upprört	3	word	""u0p$%r2:t`
uppskov	3	word	""u0p$%sku:v
uppskriven	3	word	
uppslukar	3	word	""u0p$%sl}:$kar
uppslukat	3	word	""u0p$%sl}:$kat
uppställa	3	word	""u0p$%stE$la
uppståndelses	3	word	""u0p$%stOn$del$ses
uppsätta	3	word	""u0p$%sE$ta
uppsöka	3	word	""u0p$%s2:$ka
uppsökte	3	word	""u0p$%s2:k$te
uppteckna	3	word	""u0p$%tE$kna
upptecknad	3	word	""u0p$%tE$knad
upptända	3	word	""u0p$%tEn$da
uppvakna	3	word	""u0p$%vA:$kna
uppvigla	3	word	""u0p$%vi:$gla
uppväcktes	3	word	
uppätit	3	word	
uppätna	3	word	""u0p$%E:t$na
urgamla	3	word	""}:r$%gam$la
urval	3	word	""}:r$%vA:l
usel	3	word	"}:$sel
uslingen	3	word	""}:$slIN$en
utantill	3	word	""}:$tan$%tIl
utbedja	3	word	""}:t$%be:d$ja
utbetala	3	word	""}:t$be$%tA:$la
utblottade	3	word	""}:t$%blO$ta$de
utdelningen	3	word	""}:t$%de:l$nIN$en
utebliva	3	word	""}:$te$%bli:$va
uteblivit	3	word	""}:$te$%bli:$vIt
utforskar	3	word	""}:t$%fO$s`kar
utfråga	3	word	""}:t$%fro:$ga
utfrågade	3	word	""}:t$%fro:$ga$de
utfärda	3	word	""}:t$%fE:$d`a
utfärdade	3	word	""}:t$%fE:$d`a$de
utfärdades	3	word	""}:t$%fE:$d`a$des
utgav	3	word	""}:t$%gA:v
utgavs	3	word	""}:t$%gA:vs
utgivas	3	word	""}:t$%ji:$vas
utgjutas	3	word	""}:t$%j}:$tas
utgöres	3	word	""}:t$%j2:$res
uthuggen	3	word	
uthuggna	3	word	
uthärdar	3	word	""}:t$%hE:$d`ar
uthålliga	3	word	""}:t$%hO$lI$ga
utkastade	3	word	""}:t$%ka$sta$de
utkorelse	3	word	""}:t$%ko:$rel$se
utkräver	3	word	""}:t$%krE:$ver
utkämpat	3	word	""}:t$%s'Em$pat
utlade	3	word	
utlämnen	3	word	
utlänningar	3	word	""}:t$%lE$nIN$ar
utnämnde	3	word	""}:t$%nEmn$de
utrannsakat	3	word	
utropat	3	word	""}:t$%ru:$pat
utrustning	3	word	""}:t$%ru0st$nIN
uträttar	3	word	""}:t$%rE$tar
utrönas	3	word	""}:t$%r2:$nas
utrönt	3	word	
utsatta	3	word	""}:t$%sa$ta
utskiftar	3	word	""}:t$%x\If$tar
utskiftat	3	word	
utskämda	3	word	""}:t$%x\Em$da
utsläckt	3	word	
utstakat	3	word	""}:t$%stA:$kat
utströr	3	word	
utsuga	3	word	""}:t$%s}:$ga
utsänt	3	word	
utsätta	3	word	""}:t$%sE$ta
uttaga	3	word	""}:t$%tA:$ga
uttryckligen	3	word	""}:t$%trY$klI$gen
uttyder	3	word	""}:t$%ty:$der
uttänkt	3	word	""}:t$%tENkt
uttåget	3	word	""}:t$%to:$get
utvidga	3	word	""}:t$%vId$ga
utöva	3	word	""}:t$%2:$va
vagnborgen	3	word	""vaNn$%bOr$jen
vakat	3	word	""vA:$kat
vakter	3	word	""vak$ter
valv	3	word	"valv
valvet	3	word	"val$vet
vanartiga	3	word	""vA:n$%A:$t`I$ga
vanvett	3	word	""vA:n$%vEt
vanvetting	3	word	
vanärar	3	word	""vA:$%nE:$rar
varaktig	3	word	""vA:r$%ak$tIg
varmt	3	word	"varmt
varningar	3	word	""vA:$n`IN$ar
varor	3	word	""vA:$rUr
vassa	3	word	""va$sa
vattenbäcken	3	word	
vattenkruset	3	word	
vattenkälla	3	word	""va$ten$%s'E$la
vattenkällorna	3	word	""va$ten$%s'E$lU$n`a
vax	3	word	"vaks
vecka	3	word	""vE$ka
vedergälle	3	word	
vedergällningens	3	word	""ve:$der$%jEl$nIN$ens
vedersakare	3	word	""ve:$de$%s`A:$ka$re
vedervärdigheter	3	word	""ve:$der$vE:$d`Ig$%he:$ter
veke	3	word	""ve:$ke
vemhelst	3	word	vem$"hElst
verkan	3	word	""vEr$kan
verkningskraft	3	word	
veterligt	3	word	
vetskap	3	word	""ve:t$%skA:p
vidd	3	word	"vId
viftas	3	word	""vIf$tas
vikter	3	word	""vIk$ter
vilan	3	word	""vi:$lan
vild	3	word	"vIld
vilddjurs	3	word	""vIld$%j}:s`
viljan	3	word	""vIl$jan
viljas	3	word	""vIl$jas
vilketdera	3	word	vIl$ket$"de:$ra
villa	3	word	""vI$la
villighet	3	word	""vI$lIg$%he:t
vilodag	3	word	""vi:$lU$%dA:g
viloställe	3	word	""vi:$lU$%stE$le
vimmel	3	word	"vI$mel
vinbärgare	3	word	
vinbärgning	3	word	
vindens	3	word	"vIn$dens
vindfläkt	3	word	""vInd$%flEkt
vindrinkare	3	word	
vingårdsknivar	3	word	
vinläglar	3	word	""vi:n$%lE:$glar
vinn	3	word	"vIn
vinnlagt	3	word	
vinnlägger	3	word	""vIn$%lE$ger
vinstockens	3	word	""vi:n$%stO$kens
virat	3	word	""vi:$rat
virvlande	3	word	""vIrv$land$de
virvlar	3	word	""vIrv$lar
visdomens	3	word	""vi:s$%dU$mens
visdomsord	3	word	""vi:s$dUms$%u:d`
vishets	3	word	""vi:s$%he:ts
viskning	3	word	""vIs$knIN
visligt	3	word	""vi:$slIkt
visthus	3	word	""vIst$%h}:s
vitmenade	3	word	""vi:t$%me:$na$de
vitmenare	3	word	
vredesglöd	3	word	
vredesmod	3	word	""vre:$des$%mu:d
vredo	3	word	
vrida	3	word	""vri:$da
vränger	3	word	"vrEN$er
vrånge	3	word	""vrON$e
vädjat	3	word	""vE:d$jat
vägd	3	word	
vägleder	3	word	""vE:g$%le:$der
vägpenningar	3	word	
vägrat	3	word	""vE:$grat
väkter	3	word	
välbetänkta	3	word	""vE:l$be$%tENk$ta
väldigaste	3	word	""vEl$dI$ga$ste
välgörare	3	word	""vE:l$%j2:$ra$re
välj	3	word	"vElj
väljer	3	word	""vEl$jer
välkommen	3	word	""vE:l$%kO$men
välluktrika	3	word	
välver	3	word	"vEl$ver
vänlighet	3	word	""vEn$lIg$%he:t
vännen	3	word	"vE$nen
väpna	3	word	""vE:p$na
väpnen	3	word	
värdelöst	3	word	""vE:$d`e$%l2:st
värdes	3	word	
värdigheten	3	word	""vE:$d`Ig$%he:$ten
värme	3	word	""vEr$me
värnlös	3	word	""vE:n`$%l`2:s
väska	3	word	""vE$ska
vätas	3	word	
vätskan	3	word	""vEt$skan
väv	3	word	"vE:v
vävd	3	word	"vE:vd
vävde	3	word	""vE:v$de
vävnader	3	word	""vE:v$na$der
växlarnas	3	word	""vEk$sla$n`as
växten	3	word	"vEk$sten
vågskål	3	word	""vo:g$%sko:l
vågskålen	3	word	""vo:g$%sko:$len
våldföra	3	word	""vOld$%f2:$ra
våldsamma	3	word	""vOld$%sa$ma
våndades	3	word	""vOn$da$des
våningar	3	word	""vo:$nIN$ar
våren	3	word	"vo:$ren
ynglingens	3	word	""YN$lIN$ens
yppade	3	word	""Y$pa$de
yppighet	3	word	""Y$pIg$%he:t
Änkor	3	word	""EN$kUr
Återstoden	3	word	""o:$te$%s`t`u:$den
Ögat	3	word	""2:$gat
Ögon	3	word	""2:$gOn
Österlandet	3	name	""9$ste$%l`and$det
ädelsten	3	word	""E:$del$%ste:n
ädling	3	word	""E:d$lIN
äktat	3	word	
ämna	3	word	""Em$na
ändade	3	word	""En$da$de
ändrade	3	word	""En$dra$de
ändrar	3	word	""En$drar
ärelöst	3	word	""E:$re$%l2:st
äreskrud	3	word	
ärofullt	3	word	""E:$rU$%fu0lt
ätt	3	word	"Et
åberopa	3	word	""o:$be$%ru:$pa
åkermannen	3	word	
åkermark	3	word	""o:$ker$%mark
åkermän	3	word	
åldrats	3	word	""Ol$drats
åldringar	3	word	""Ol$drIN$ar
åminnelseoffer	3	word	
årliga	3	word	""o:$l`I$ga
åsninnas	3	word	o:$""snI$nas
åsnorna	3	word	""o:$snU$n`a
åstadkomma	3	word	""o:$stA:d$%kO$ma
åstundat	3	word	
åstunden	3	word	
återfunna	3	word	
återgälda	3	word	""o:$ter$%jEl$da
återkallas	3	word	""o:$ter$%ka$las
återspeglar	3	word	""o:$te$%s`pe:$glar
återstodo	3	word	
återställde	3	word	""o:$te$%s`t`El$de
återvann	3	word	""o:$ter$%van
återvägen	3	word	""o:$ter$%vE:$gen
åtlydnad	3	word	""o:t$%ly:d$nad
åtskiljas	3	word	""o:t$%x\Il$jas
ödeläggelsens	3	word	""2:$de$%lE$gel$sens
ödelägger	3	word	""2:$de$%lE$ger
ödmjukas	3	word	""2:d$%mj}:$kas
öglorna	3	word	
öka	3	word	""2:$ka
ökade	3	word	""2:$ka$de
ökar	3	word	""2:$kar
ökenhundar	3	word	
öknar	3	word	""2:$knar
öländer	3	word	
öppnad	3	word	
örnar	3	word	""2:$n`ar
örnens	3	word	"2:$n`ens
örontasslare	3	word	
örtagård	3	word	""9$t`a$%go:d`
österifrån	3	word	"9$ster$I$fro:n
östern	3	word	"9$sten`
överhetsperson	3	word	""2:$ver$he:ts$pe$%s`u:n
överhuvud	3	word	""2:$ver$%h}:$vu0d
överhöljt	3	word	
överklädnaden	3	word	
överlagt	3	word	""2:$ve$%l`akt
överlopps	3	word	""2:$ve$%lOps
överlåter	3	word	""2:$ve$%l`o:$ter
övermodet	3	word	""2:$ver$%mu:$det
övermodiges	3	word	""2:$ver$%mu:$dI$ges
övermått	3	word	""2:$ver$%mOt
överse	3	word	""2:$ve$%s`e:
överskyggde	3	word	
överskylde	3	word	
översteprästämbete	3	word	
översvinnligen	3	word	
övertagit	3	word	""2:$ve$%t`A:$gIt
övertjänaren	3	word	
överträdelsen	3	word	""2:$ve$%t`rE:$del$sen
överträdelses	3	word	""2:$ve$%t`rE:$del$ses
överträden	3	word	
övertygelse	3	word	""2:$ve$%t`y:$gel$se
överuppsyningsman	3	word	
övervinnas	3	word	""2:$ver$%vI$nas
överväldigad	3	word	
övervåning	3	word	""2:$ver$%vo:$nIN
överårig	3	word	""2:$ver$%o:$rIg
övliga	3	word	
övligt	3	word	
Abarimbergen	2	name	
Abarimberget	2	name	
Abdi	2	name	
Abida	2	name	
Abiesers	2	name	
Abihails	2	name	
Abimael	2	name	
Abisaloms	2	name	
Abiud	2	name	
Abrona	2	name	
Abubus	2	name	
Adajas	2	name	
Adasa	2	name	
Adbeel	2	name	
Aderton	2	word	""A:$de$t`On
Adida	2	name	
Adiel	2	name	
Adoniram	2	name	
Adoram	2	name	
Adriel	2	name	
Adummimshöjden	2	name	
Agabus	2	name	
Agar	2	word	""A:$gar
Ahavaströmmen	2	name	
Ahi	2	name	
Ahiam	2	name	
Ahihud	2	name	
Ais	2	name	
Ajalons	2	name	
Akas	2	name	
Akbor	2	name	
Akim	2	name	
Alamót	2	name	
Allas	2	word	""a$las
Alldeles	2	word	""al$de$les
Allseende	2	word	
Allsvåldige	2	name	""al$%svOl$dI$ge
Alltfort	2	name	alt$"fUt`
Alltid	2	word	""al$tId
Allting	2	word	""al$%tIN
Almodad	2	name	
Altare	2	word	""al$ta$re
Alus	2	name	
Amittais	2	name	
Ammiel	2	name	
Ammihud	2	name	
Amok	2	name	a$"mu:k
Amrafel	2	name	
Amsi	2	name	
Anab	2	name	
Anaja	2	name	
Ananja	2	name	
Anatots	2	name	
Anats	2	name	
Aner	2	name	
Annars	2	word	""a$nas`
Antikrist	2	word	""an$tI$%krIst
Antipater	2	name	
Ara	2	name	""A:$ra
Arabiens	2	name	
Aran	2	name	""A:$ran
Araunas	2	name	
Arbas	2	name	
Arbetet	2	word	""ar$be:$tet
Ard	2	name	
Areli	2	name	
Areopagen	2	name	a$re$O$"pA:$gen
Aretas	2	name	
Areus	2	name	
Arielerna	2	name	
Aristobulus	2	name	
Arkippus	2	name	
Aroers	2	name	
Arpad	2	name	""ar$pad
Ars	2	name	"A:s`
Arvads	2	name	
Asaels	2	name	
Asasja	2	name	
Asels	2	name	
Ashur	2	name	
Asiel	2	name	
Askelons	2	name	
Asmodeus	2	name	
Asna	2	name	
Asor	2	name	
Assos	2	name	
Ataljas	2	name	
Avaran	2	name	
Avens	2	name	""A:$vens
Avit	2	name	
Avståndet	2	word	""A:v$%stOn$det
Backus	2	name	"ba$ku0s
Bakbuks	2	name	
Balaams	2	name	
Baladan	2	name	
Baladans	2	name	
Baltasars	2	name	
Bara	2	word	""bA:$ra
Barakels	2	name	
Barkos	2	name	
Barn	2	word	"bA:n`
Barnen	2	word	"bA:$n`en
Barsabbas	2	name	
Basluts	2	name	
Bebai	2	name	
Bedads	2	name	
Bedan	2	name	
Beera	2	name	
Beeri	2	name	
Begiven	2	word	be$"ji:$ven
Begrav	2	word	be$"grA:v
Behåll	2	word	be$"hOl
Bekers	2	name	
Belas	2	name	
Belsassars	2	name	
Belätesplatsen	2	name	
Benen	2	word	"be:$nen
Berakadalen	2	name	
Berget	2	word	"bEr$jet
Bergsbygdens	2	name	
Bergssluttningarna	2	name	""bErjs$%slu0t$nIN$a$n`a
Berits	2	name	"be:$rIts
Berömmen	2	name	
Besinnen	2	word	
Bespottare	2	word	be$"spO$ta$re
Bespottaren	2	word	be$"spO$ta$ren
Beställ	2	name	be$"stEl
Betbasi	2	name	
Betels	2	name	"be:$tels
Betsakaria	2	name	
Betuels	2	name	
Betänken	2	word	
Bevisa	2	word	be$"vi:$sa
Bida	2	word	""bi:$da
Bilsan	2	name	
Binea	2	name	
Binnuis	2	name	
Bitynien	2	name	bI$"ty:$nI$en
Blevo	2	word	""ble:$vU
Blodsåkern	2	name	
Boes	2	name	
Bohans	2	name	
Bojen	2	name	"bO$jen
Bokeru	2	name	
Bokim	2	name	
Bor	2	word	"bu:r
Borde	2	word	""bu:$d`e
Boskat	2	name	
Bosor	2	name	
Bossora	2	name	
Bred	2	word	"bre:d
Breda	2	word	""bre:$da
Bräderna	2	word	""brE:$de$n`a
Bröd	2	word	"br2:d
Brödet	2	word	"br2:$det
Bröstskölden	2	word	
Buckia	2	name	
Budbäraren	2	word	""b}:d$%bE:$ra$ren
Buden	2	word	"b}:$den
Byggen	2	word	""bY$gen
Bäven	2	word	
Båden	2	word	""bo:$den
Böjen	2	word	"b9$jen
Bönen	2	word	"b2:$nen
Dammim	2	name	
Darkons	2	name	
Datans	2	name	""dA:$tans
Debirs	2	name	
Delajas	2	name	
Diana	2	name	dI$""A:$na
Dianas	2	name	dI$""A:$nas
Diblataima	2	name	
Dikla	2	name	
Dinhaba	2	name	
Dodo	2	name	
Dodos	2	name	
Dofka	2	name	
Domarna	2	word	""dU$ma$n`a
Domens	2	word	"do:$mens
Domstolens	2	name	""dUm$%stu:$lens
Dorkas	2	name	
Dorymenes	2	name	
Dotan	2	name	
Dottern	2	word	""dO$ten`
Drottningen	2	word	""drOt$nIN$en
Dråpdalen	2	name	
Däri	2	word	dE:r$"i:
Därovanpå	2	word	dEr$""o:$van$%po:
Dödsrikets	2	word	""d9ts$%ri:$kets
Dödsslagna	2	word	
Döm	2	word	"d9m
Dörren	2	word	"d9$ren
Eflal	2	name	
Efoden	2	word	
Efodkåpan	2	word	
Efratas	2	name	
Egla	2	name	
Eglaim	2	name	
Eglat	2	name	
Egyptierna	2	word	e$"jYpt$sI$e$n`a
Eld	2	word	"Eld
Eldaa	2	name	
Eldad	2	name	""El$dad
Elden	2	word	"El$den
Eleuterus	2	name	
Eliesers	2	name	
Elifalehu	2	name	
Elimeleks	2	name	
Elisafan	2	name	
Elisafans	2	name	
Elisua	2	name	
Eliud	2	name	
Eljaba	2	name	
Ellasar	2	name	
Eloi	2	name	
Elpaals	2	name	
Els	2	name	"e:ls
Elsabad	2	name	
Elsafan	2	name	
Elteke	2	name	
Eltolad	2	name	
Elul	2	name	
Elymais	2	name	
Enaim	2	name	
Endräkt	2	word	""e:n$%drEkt
Eneas	2	name	
Enemessar	2	name	
Enemessars	2	name	
Enligt	2	word	
Enon	2	name	
Epafroditus	2	name	
Eri	2	name	
Ertappas	2	word	""e:$%t`a$pas
Esbaal	2	name	
Esban	2	name	
Esbon	2	name	
Esers	2	name	
Esras	2	name	
Etams	2	name	
Eter	2	name	"e:$ter
Etiopier	2	word	e$tI$"u:$pI$er
Eupolemus	2	name	
Evi	2	name	"e:$vI
Evil	2	name	
Fatten	2	word	
Fienden	2	word	""fi:$en$den
Filisteens	2	name	
Finnas	2	word	""fI$nas
Fjärran	2	word	
Flicka	2	word	""flI$ka
Flickan	2	word	""flI$kan
Fordom	2	word	""fu:$%d`u:m
Framburen	2	word	""fram$%b}:$ren
Fridens	2	word	"fri:$dens
Frälsaren	2	word	""frEl$sa$ren
Frälsningen	2	word	""frEl$snIN$en
Fröjd	2	word	"fr9jd
Full	2	word	"fu0l
Fullborden	2	name	
Fursten	2	word	""fu0$s`t`en
Fyll	2	word	"fYl
Fyllen	2	word	
Fäderna	2	word	"fE:$de$n`a
Fällen	2	word	"fE$len
Fången	2	word	"fON$en
Föd	2	name	"f2:d
Föga	2	word	
Förbannade	2	word	f9r$"ba$na$de
Förbannen	2	word	
Förbida	2	word	f9r$"bi:$da
Fördölj	2	word	
Förhasta	2	word	f9r$"ha$sta
Förhäv	2	word	f9r$"hE:v
Förkasta	2	word	f9r$"ka$sta
Förlora	2	word	f9$"l`u:$ra
Förlorat	2	word	f9$"l`u:$rat
Förlossa	2	word	f9$"l`O$sa
Förskräckelse	2	word	f9$"s`krE$kel$se
Förstlingen	2	word	""f9s`t`$l`IN$en
Förstånd	2	word	f9$"s`t`Ond
Försumma	2	word	f9$"s`u0$ma
Förtälj	2	word	
Förtäljen	2	word	
Förundra	2	word	f9r$"u0n$dra
Förundren	2	word	
Föröka	2	word	f9r$"2:$ka
Gabrias	2	name	
Gadis	2	name	
Gahars	2	name	
Galaad	2	name	
Galaads	2	name	
Galed	2	name	
Gallim	2	name	
Gamul	2	name	
Gareb	2	name	
Garisim	2	name	
Gasera	2	name	
Gases	2	name	
Gassams	2	name	
Gats	2	name	
Gebal	2	name	
Gebas	2	name	
Gedera	2	name	
Gederot	2	name	
Gedors	2	name	
Gendebeus	2	name	
Genubat	2	name	
Gersoniternas	2	word	
Geter	2	name	
Getsemane	2	name	
Giddalti	2	name	
Gift	2	word	"jIft
Gileaditen	2	word	
Gilo	2	name	
Ginats	2	name	
Ginneton	2	name	
Gittaim	2	name	
Gjut	2	word	"j}:t
Gob	2	name	
Gode	2	word	""gu:$de
Godhet	2	word	""gu:d$%he:t
Gogs	2	name	
Golgata	2	name	gOl$""gA:$ta
Gomers	2	name	
Goren	2	name	
Grekland	2	name	"gre:k$land
Grip	2	word	"gri:p
Gräddmjölk	2	word	""grEd$%mj9lk
Gränsen	2	word	"grEn$sen
Gräset	2	word	"grE:$set
Gudsmannen	2	word	""gu0ts$%ma$nen
Går	2	word	"go:r
Haabarim	2	name	
Haatad	2	name	
Habajas	2	name	
Haden	2	word	
Hadids	2	name	
Hagabas	2	name	
Hagars	2	name	"hA:$gas`
Haggais	2	name	
Haggi	2	name	
Haggidgad	2	name	
Hakaljas	2	name	
Hakufas	2	name	
Halakberget	2	name	
Hallohes	2	name	
Hamital	2	name	
Hammat	2	name	
Hammon	2	name	
Hananjas	2	name	
Hanans	2	name	
Hanniel	2	name	
Harada	2	name	
Harebona	2	name	
Harhurs	2	name	
Harsa	2	name	
Harsas	2	name	
Has	2	name	"hA:s
Hasarmavet	2	name	
Hasason	2	name	
Hasmona	2	name	
Hassebaims	2	name	
Hasufas	2	name	
Hasum	2	name	
Hatifas	2	name	
Hatitas	2	name	
Hattils	2	name	
Hedningarnas	2	word	""he:d$nIN$a$n`as
Hefers	2	name	
Helam	2	name	
Heldai	2	name	
Helga	2	word	""hEl$ga
Hellre	2	word	"hEl$re
Hena	2	name	
Henne	2	word	""hE$ne
Henok	2	name	
Herdar	2	word	""he:$d`ar
Herkules	2	name	"hEr$ku0$les
Hesed	2	name	
Hesir	2	name	
Hesro	2	name	
Het	2	name	"he:t
Hetlonsvägen	2	name	
Hiddekel	2	name	
Hillels	2	name	
Hindren	2	name	"hIn$dren
Hinnomsdalen	2	name	
Hira	2	name	
Hirom	2	name	
Hitin	2	word	
Hjärtat	2	word	""jE$t`at
Hod	2	name	
Horebs	2	name	
Hori	2	name	
Hosajas	2	name	
Hotir	2	name	
Hul	2	name	
Hulda	2	name	""hu0l$da
Hurs	2	name	
Hurudant	2	word	h}:$ru0$"dant
Husais	2	name	
Husen	2	word	"h}:$sen
Hustrun	2	word	""hu0$str}:n
Hymeneus	2	name	
Härifrån	2	word	"hE:$rI$fro:n
Härjare	2	word	""hEr$ja$re
Härligheten	2	word	""hE:$l`Ig$%he:$ten
Härunder	2	word	"hE:r$u0n$der
Häst	2	word	"hEst
Hästar	2	word	""hE$star
Häv	2	word	"hE:v
Häven	2	name	
Hörnsalen	2	name	
Ibsan	2	name	
Ihåligt	2	name	
Ije	2	name	
Ijim	2	name	
Immanuel	2	name	I$""mA:$n}:$el
Ingenstädes	2	word	""IN$en$%stE:$des
Insen	2	word	
Intill	2	word	
Irad	2	name	
Iram	2	name	
Iskariots	2	name	
Issia	2	name	
Iva	2	name	
Jaalas	2	name	
Jaasia	2	name	
Jabins	2	name	
Jabneel	2	name	
Jaddua	2	name	
Jaels	2	name	
Jaera	2	name	
Jaesers	2	name	
Jaflets	2	name	
Jakim	2	name	
Jaleel	2	name	
Jambris	2	name	
Jarebs	2	name	
Jarha	2	name	
Jaseel	2	name	
Jedajas	2	name	
Jedeja	2	name	
Jediaels	2	name	
Jehallelels	2	name	
Jekameam	2	name	
Jemuel	2	name	
Jera	2	name	
Jerusa	2	name	
Jesajas	2	name	
Jesanja	2	name	
Jetet	2	name	
Jibneja	2	name	
Jiria	2	name	
Jisbak	2	name	
Jisei	2	name	
Jishars	2	name	
Jismaja	2	name	
Jisrajas	2	name	
Jisva	2	name	
Jitream	2	name	
Joadda	2	name	
Joaribs	2	name	
Joatam	2	name	
Joels	2	name	"ju:$els
Jogbeha	2	name	
Joha	2	name	
Johanna	2	name	jU$""ha$na
Jokebed	2	name	
Jokmeam	2	name	
Joktans	2	name	
Jokteel	2	name	
Jordens	2	word	"ju:$d`ens
Josabeat	2	name	
Josadak	2	name	
Josbekasa	2	name	
Julius	2	name	"j}:$lI$u0s
Kabod	2	name	
Kadmiels	2	name	
Kaftor	2	name	
Kains	2	name	"kA:$Ins
Kaldeens	2	name	
Kaldéerna	2	word	kal$"de:$e$n`a
Kalkol	2	name	
Kallar	2	word	""ka$lar
Kalne	2	name	
Kanabäcken	2	name	
Kappadocien	2	name	
Karnion	2	name	
Karran	2	name	
Kasfor	2	name	
Kasifja	2	name	
Kedemot	2	name	
Kedma	2	name	
Kehelata	2	name	
Kemuel	2	name	
Kenat	2	name	
Kenkrea	2	name	
Keran	2	name	
Kereas	2	name	
Kerit	2	name	
Keros	2	name	
Kerub	2	word	s'e$"r}:b
Ketura	2	name	
Keturas	2	name	
Kinarot	2	name	
Kinneret	2	name	
Kinneretsjön	2	name	
Kisjon	2	name	
Klaga	2	word	""klA:$ga
Klagorop	2	word	""klA:$gU$%ru:p
Kleopatra	2	name	kle$"o:$pa$tra
Kläder	2	word	"klE:$der
Knidus	2	name	
Knorren	2	word	"knO$ren
Koba	2	name	
Kol	2	word	"ko:l
Konungsdalen	2	name	
Kopparpelarna	2	name	
Korasin	2	name	
Kore	2	name	
Kosbi	2	name	
Krigsrop	2	word	
Krispus	2	name	
Krossa	2	word	""krO$sa
Krukmakaråkern	2	name	
Kunde	2	word	""ku0n$de
Kvarlevan	2	word	""kvA:r$%l`e:$van
Kvinnorna	2	word	""kvI$nU$n`a
Kämpa	2	word	""s'Em$pa
Kött	2	word	"s'9t
Laedan	2	name	
Lagen	2	word	"lA:$gen
Lamm	2	word	"lam
Lastenes	2	name	
Lebanas	2	name	
Lebaot	2	name	
Led	2	word	"le:d
Legion	2	name	le$gI$"u:n
Lemeks	2	name	
Lesem	2	name	
Leva	2	word	""le:$va
Libanonsdalen	2	name	
Lita	2	word	""li:$ta
Ljus	2	word	"j}:s
Ljuvlig	2	word	""j}:v$lIg
Ljuvligt	2	word	""j}:v$lIkt
Locka	2	word	""lO$ka
Lod	2	name	"lu:d
Lods	2	name	"lu:ds
Lovat	2	word	""lo:$vat
Lycien	2	name	
Lyckosam	2	word	""lY$kU$%sam
Lydia	2	name	"ly:$dI$a
Lyssnar	2	word	""lY$snar
Lärjungen	2	word	""lE:r$%ju0N$en
Läs	2	word	"lE:s
Lätta	2	word	""lE$ta
Låna	2	word	""lo:$na
Lös	2	word	"l2:s
Maasja	2	name	
Madai	2	name	
Madiams	2	name	
Madon	2	name	
Magdiel	2	name	
Mahaseja	2	name	
Mahasiot	2	name	
Maher	2	name	"mA:$her
Majestätets	2	name	ma$je$"stE:$tets
Maked	2	name	
Makhelot	2	name	
Malloti	2	name	
Mamon	2	name	
Mamons	2	name	
Mamres	2	name	
Marisa	2	name	ma$""ri:$sa
Masreka	2	name	
Massefa	2	name	
Mat	2	word	"mA:t
Matred	2	name	
Mattana	2	name	
Mattat	2	name	""ma$tat
Mattias	2	name	ma$""ti:$as
Medad	2	name	
Mefaat	2	name	
Mefibosets	2	name	
Megiddos	2	name	
Mehidas	2	name	
Mehujael	2	name	
Mela	2	name	
Mene	2	word	
Menesteus	2	name	
Mer	2	word	
Mered	2	name	
Meriba	2	name	
Meroms	2	name	
Mesaks	2	name	
Mesesabel	2	name	
Metusael	2	name	
Meunims	2	name	
Mibsar	2	name	
Migdal	2	name	
Migron	2	name	
Mikmetat	2	name	
Mikneja	2	name	
Minnit	2	name	
Miseal	2	name	
Mispas	2	name	
Misrefot	2	name	
Missakta	2	name	""mI$%sak$ta
Mitka	2	name	
Mitredat	2	name	
Mjölet	2	word	"mj2:$let
Molnen	2	word	"mo:l$nen
Molnstoden	2	word	""mo:ln$%stu:$den
Mores	2	name	""mo:$res
Morgon	2	word	""mOr$gOn
Moria	2	name	
Moserot	2	name	
Musis	2	name	
Mysien	2	name	
Mäktiga	2	word	""mEk$tI$ga
Människoson	2	word	""mE$nI$x\U$%so:n
Märk	2	word	"mErk
Mönstra	2	name	""m9n$stra
Mörker	2	word	"m9r$ker
Naamans	2	name	
Nafat	2	name	
Nahalal	2	name	
Nahaliel	2	name	
Nahesons	2	name	
Nakna	2	word	""nA:$kna
Namnet	2	word	"nam$net
Nearja	2	name	
Nebajot	2	name	
Nebos	2	name	
Ned	2	word	"ne:d
Neftoavattnets	2	name	
Negos	2	name	
Nekos	2	name	
Neria	2	name	
Nesias	2	name	
Netanels	2	name	
Netofa	2	name	
Nilen	2	name	"ni:$len
Nimrims	2	name	
Nimsi	2	name	
Ninevitiska	2	name	
Nisroks	2	name	
Noadja	2	name	
Nofa	2	name	
Nofs	2	name	
Noga	2	word	""nu:$ga
Någon	2	word	
Ock	2	word	"Ok
Oded	2	name	
Ofelmuren	2	name	
Ofärd	2	word	""u:$%fE:d`
Ohad	2	name	
Olyckliga	2	word	""u:$%lY$klI$ga
Omgjorden	2	name	
Omkring	2	word	
Omskären	2	word	
Onda	2	word	""Un$da
Onesiforus	2	name	
Onesimus	2	name	
Ono	2	name	
Orden	2	word	"u:$d`en
Orebsklippan	2	name	
Orion	2	name	U$"ri:$On
Orpa	2	name	
Osem	2	name	
Ostadig	2	name	""u:$%stA:$dIg
Otniels	2	name	
Ovännen	2	word	""u:$%vE$nen
Padons	2	name	
Pafos	2	name	
Palti	2	name	
Paltiel	2	name	
Parbar	2	name	
Peniel	2	name	
Pergamus	2	name	
Petor	2	name	
Pilneeser	2	name	
Pinon	2	name	
Pisidien	2	name	
Piton	2	name	
Plantera	2	word	plan$"te:$ra
Platsen	2	word	"plat$sen
Plötsligt	2	word	""pl9t$slIkt
Pokeret	2	name	
Potifar	2	name	
Profeteren	2	word	
Psalmernas	2	name	""sal$me$n`as
Publius	2	name	
Punon	2	name	
Pura	2	name	""p}:$ra
Put	2	name	
Puva	2	name	
Pålysen	2	word	
Rabbas	2	name	
Rabbuni	2	name	
Raema	2	name	
Ragaus	2	name	
Ramat	2	name	""rA:$mat
Ramataim	2	name	
Rams	2	name	"rA:ms
Rannsaka	2	word	""ran$%sA:$ka
Rasis	2	name	
Reaja	2	name	
Reajas	2	name	
Reba	2	name	""re:$ba
Reden	2	word	""re:$den
Regem	2	name	
Rehabjas	2	name	
Renen	2	word	"re:$nen
Res	2	word	"re:s
Ribais	2	name	
Riktig	2	word	""rIk$tIg
Rissa	2	name	
Ritma	2	name	
Rodus	2	name	
Rogelim	2	name	
Romamti	2	name	
Rufus	2	name	"r}:$fu0s
Ruma	2	name	
Rusta	2	word	""ru0$sta
Rusten	2	word	
Räkna	2	word	""rE:$kna
Rättfärdig	2	word	""rEt$%fE:$d`Ig
Rävarna	2	word	""rE:$va$n`a
Rök	2	word	"r2:k
Saaf	2	name	
Saalbim	2	name	
Saavan	2	name	
Sabdiel	2	name	
Sabta	2	name	
Sabteka	2	name	
Sackais	2	name	
Sadraks	2	name	
Safon	2	name	
Saken	2	word	"sA:$ken
Sakerdon	2	name	
Sakes	2	name	
Sala	2	name	""sA:$la
Salems	2	name	
Sallai	2	name	
Salmaneser	2	name	
Salmona	2	name	
Salome	2	name	sa$"lo:$me
Samgar	2	name	
Samos	2	name	"sA:$mOs
Samtidigt	2	word	""sam$%ti:$dIkt
Sanne	2	word	""sa$ne
Sanoas	2	name	
Sans	2	word	"sans
Sarid	2	name	
Sarons	2	name	
Schakaler	2	word	x\a$"kA:$ler
Searja	2	name	
Sebas	2	name	
Sedad	2	name	
Sedekias	2	name	
Seera	2	name	
Sefam	2	name	
Sefanjas	2	name	
Sefi	2	name	
Segub	2	name	
Seled	2	name	
Selef	2	name	
Selek	2	name	
Seleucia	2	name	
Selisia	2	name	
Selomits	2	name	
Semaraim	2	name	
Semias	2	name	
Semidas	2	name	
Seminit	2	name	
Senaas	2	name	
Sennakerims	2	name	
Sereda	2	name	
Seret	2	name	
Seron	2	name	
Seruja	2	name	
Setam	2	name	
Sevene	2	name	
Sextio	2	word	"sEk$stI$U
Sibma	2	name	
Sihas	2	name	
Sihors	2	name	
Silhis	2	name	
Sillem	2	name	
Silletai	2	name	
Silos	2	name	"si:$lUs
Silpas	2	name	
Silver	2	word	"sIl$ver
Simma	2	word	""sI$ma
Simran	2	name	
Sirjon	2	name	
Sisaks	2	name	
Sisamai	2	name	
Sisas	2	name	""si:$sas
Siv	2	name	"si:v
Sivan	2	name	""si:$van
Sjustjärnorna	2	name	""x\}:$%x\E:$n`U$n`a
Skaparen	2	name	""skA:$pa$ren
Skaror	2	word	""skA:$rUr
Skriften	2	word	"skrIf$ten
Skräck	2	word	"skrEk
Skydda	2	word	""x\Y$da
Skylen	2	name	"x\y:$len
Skåden	2	word	
Skörden	2	word	"x\2:$d`en
Skördetiden	2	word	""x\2:$d`e$%ti:$den
Sköt	2	word	"x\2:t
Slaktoffer	2	word	""slakt$%O$fer
Smordes	2	word	
Sobais	2	name	
Sobak	2	name	
Sofak	2	name	
Sohar	2	name	
Sohars	2	name	
Sosipater	2	name	
Sostenes	2	name	
Sostratus	2	name	
Sotais	2	name	
Spänn	2	name	"spEn
Spännen	2	word	""spE$nen
Staden	2	word	"stA:$den
Stadigt	2	word	""stA:$dIkt
Strid	2	word	"stri:d
Strålande	2	word	""stro:$land$de
Strömmarna	2	word	""str9$ma$n`a
Städerna	2	word	"stE:$de$n`a
Stämmen	2	word	
Större	2	word	"st9$re
Suas	2	name	
Subael	2	name	
Suckots	2	name	
Suf	2	name	
Sufir	2	name	
Sulem	2	name	
Summan	2	word	""su0$man
Suni	2	name	
Surs	2	name	"s}:s`
Susa	2	word	""s}:$sa
Sväng	2	name	"svEN
Svårt	2	word	"svo:t`
Syndaren	2	word	""sYn$da$ren
Synernas	2	name	""sy:$ne$n`as
Syriens	2	name	"sy:$rI$ens
Säljas	2	word	""sEl$jas
Sände	2	word	""sEn$de
Såframt	2	word	so:$"framt
Söderlandets	2	name	
Söderlandskonungens	2	name	
Tabbaots	2	name	
Tabeera	2	name	
Tabernaklet	2	word	ta$be$"n`A:$klet
Tabita	2	name	
Tabors	2	name	
Tacka	2	word	""ta$ka
Tager	2	word	"tA:$ger
Tahan	2	name	
Talmons	2	name	
Tanhumets	2	name	
Tappuas	2	name	
Tartan	2	name	ta$"t`A:n
Telassar	2	name	
Telem	2	name	
Tempelträlarna	2	word	
Teofilus	2	name	
Teras	2	name	
Teres	2	name	te$"re:s
Tertullus	2	name	
Tideal	2	name	
Tifsa	2	name	
Tigen	2	word	""ti:$gen
Tillstäd	2	word	
Timnat	2	name	
Tiras	2	name	
Tirhaka	2	name	
Tjugu	2	word	""s'}:$gu0
Tjuven	2	word	"s'}:$ven
Tjänarna	2	word	""s'E:$na$n`a
Tobs	2	name	
Togarma	2	name	
Togarmas	2	name	
Trakten	2	word	"trak$ten
Tredje	2	word	""tre:d$je
Trofast	2	word	""tru:$%fast
Tronen	2	word	"tru:$nen
Träffande	2	word	""trE$fan$de
Träsnidaren	2	name	""trE:$sni:$da$ren
Trösten	2	word	"tr9$sten
Tusen	2	word	"t}:$sen
Tyst	2	word	"tYst
Ufas	2	name	
Ugnstornet	2	name	
Ulai	2	name	
Ulam	2	name	
Undan	2	word	
Unni	2	name	"u0$nI
Upplåt	2	word	""u0p$%lo:t
Upptag	2	name	
Usal	2	name	
Utai	2	name	
Utanför	2	word	
Utför	2	word	"}:t$f9r
Utläggning	2	name	""}:t$%lE$gnIN
Uttyd	2	word	""}:t$%ty:d
Vakta	2	word	""vak$ta
Vandren	2	word	
Vanärad	2	word	
Varhelst	2	word	vA:r$"hElst
Vari	2	word	"var$i:
Vastis	2	name	
Vattenbäckar	2	word	
Vinden	2	word	"vIn$den
Vishet	2	word	""vi:s$%he:t
Vissten	2	word	
Voren	2	word	
Voro	2	word	""vu:$rU
Vrede	2	word	""vre:$de
Vredgas	2	word	""vrEd$gas
Vredgens	2	word	
Vägarna	2	word	""vE:$ga$n`a
Väktare	2	word	""vEk$ta$re
Välj	2	word	"vElj
Vältren	2	word	
Vänten	2	word	"vEn$ten
abiesritiska	2	word	
adullamiten	2	word	
aftnarna	2	word	""aft$na$n`a
agad	2	word	""A:$gad
agade	2	word	""A:$ga$de
agnarna	2	word	""aN$na$n`a
akterskeppet	2	word	""ak$ter$%x\E$pet
algumträ	2	word	
allaredan	2	word	a$la$""re:$dan
alldenstund	2	word	al$den$"stu0nd
allseende	2	word	
allsköns	2	word	""al$%x\2:ns
allsmäktiga	2	word	""als$%mEk$tI$ga
alm	2	word	"alm
almugträ	2	word	
alnars	2	word	""A:l$nas`
alstra	2	word	""al$stra
alstrar	2	word	""al$strar
altarhärden	2	word	
amalekit	2	word	a$ma$le$"ki:t
ammonit	2	word	a$mU$"ni:t
amoré	2	word	
amoréen	2	word	
amuletter	2	word	a$m}:$"lE$ter
anakiter	2	word	
anaméerna	2	word	
anbefallde	2	word	""an$be$%fal$de
anbefaller	2	word	""an$be$%fa$ler
andebesvärjerska	2	word	
andevärlden	2	word	""an$de$%vE:$d`en
anfallen	2	word	""an$%fa$len
anför	2	word	""an$%f2:r
anföraren	2	word	""an$%f2:$ra$ren
anfördes	2	word	""an$%f2:$d`es
anförtrodd	2	word	""an$f2:$%t`rUd
angelägna	2	word	""a$nje$%lE:$gna
angiva	2	word	""an$%ji:$va
angiven	2	word	""an$%ji:$ven
ankaren	2	word	""aN$ka$ren
anklagar	2	word	""an$%klA:$gar
anklagelsen	2	word	""an$%klA:$gel$sen
anlägga	2	word	""an$%lE$ga
anryckande	2	word	""an$%rY$kan$de
ansatta	2	word	""an$%sa$ta
ansedde	2	word	""an$%sE$de
ansen	2	word	"an$sen
ansenliga	2	word	""an$%se:n$lI$ga
anslags	2	word	""an$%slA:gs
anslog	2	word	""an$%slu:g
anstalt	2	word	""an$%stalt
anstifta	2	word	""an$%stIf$ta
anstöt	2	word	""an$%st2:t
ansvara	2	word	""an$%svA:$ra
ansätter	2	word	
ansågo	2	word	
ansågos	2	word	
antog	2	word	""an$%tu:g
antändas	2	word	
anvisa	2	word	""an$%vi:$sa
anvisat	2	word	""an$%vi:$sat
apor	2	word	""A:$pUr
apostlaämbete	2	word	
arab	2	word	a$"rA:b
arabatiten	2	word	
araméer	2	word	a$ra$"me:$er
arbetaren	2	word	""ar$%be:$ta$ren
arbetsfolk	2	word	""ar$be:ts$%fOlk
arbetskassan	2	word	
arglistighet	2	word	
arkéerna	2	word	
armbanden	2	word	""arm$%ban$den
armes	2	word	""ar$mes
armodet	2	word	""ar$%mu:$det
armstöd	2	word	""arm$%st2:d
armstöden	2	word	""arm$%st2:$den
arvadéerna	2	word	
arvslotterna	2	word	""arvs$%lO$te$n`a
as	2	word	"A:s
asdoditiska	2	word	
asgamen	2	word	""A:s$%gA:$men
asidéer	2	word	
atenare	2	word	a$""te:$na$re
avbildade	2	word	""A:v$%bIl$da$de
avbrott	2	word	""A:v$%brOt
avbärga	2	word	""A:v$%bEr$ja
avbärgade	2	word	""A:v$%bEr$ja$de
avbärgat	2	word	
avdömd	2	word	""A:v$%d9md
avfallna	2	word	""A:v$%fal$na
avfälling	2	word	""A:v$%fE$lIN
avgudabilderna	2	word	""A:v$g}:$da$%bIl$de$n`a
avgörande	2	word	""A:v$%j2:$ran$de
avgörandet	2	word	""A:v$%j2:$ran$det
avhjälpa	2	word	""A:v$%jEl$pa
avhugger	2	word	""A:v$%hu0$ger
avhända	2	word	""A:v$%hEn$da
avhänder	2	word	""A:v$%hEn$der
avhållit	2	word	""A:v$%hO$lIt
avklätt	2	word	""A:v$%klEt
avlidit	2	word	""A:v$%li:$dIt
avlivade	2	word	""A:v$%li:$va$de
avlämna	2	word	""A:v$%lEm$na
avlämnat	2	word	""A:v$%lEm$nat
avoghet	2	word	""A:$vu:g$%he:t
avsatser	2	word	""A:v$%sat$ser
avsatt	2	word	""A:v$%sat
avsedd	2	word	""A:v$%sEd
avser	2	word	""A:v$%se:r
avskaffat	2	word	""A:v$%ska$fat
avskedsskänk	2	word	
avskurna	2	word	
avskydd	2	word	
avskydda	2	word	
avskyn	2	word	""A:v$%x\y:n
avsköto	2	word	
avsluta	2	word	""A:v$%sl}:$ta
avslutat	2	word	""A:v$%sl}:$tat
avsomna	2	word	""A:v$%sOm$na
avsomnat	2	word	
avspärra	2	word	""A:v$%spE$ra
avsätta	2	word	""A:v$%sE$ta
avtvått	2	word	
avtäcker	2	word	""A:v$%tE$ker
avtåga	2	word	""A:v$%to:$ga
avvikit	2	word	""A:v$%vi:$kIt
avvänja	2	word	""A:v$%vE$nja
axlarna	2	word	""ak$sla$n`a
axplockning	2	word	
babyloniernas	2	word	ba$bY$"lu:$nI$e$n`as
backe	2	word	""ba$ke
badet	2	word	"bA:$det
bagare	2	word	""bA:$ga$re
bakar	2	word	""bA:$kar
bakaträden	2	word	
bakaträdens	2	word	
bakdelar	2	word	""bA:k$%de:$lar
balsamerade	2	word	bal$sa$"me:$ra$de
baneret	2	word	
bank	2	word	"baNk
bannande	2	word	""ba$nan$de
barmhärtighets	2	word	barm$"hE$t`Ig$he:ts
barnaskapet	2	word	""bA:$n`a$%skA:$pet
barndom	2	word	""bA:n`$%d`Um
barnsliga	2	word	""bA:n`s`$l`I$ga
barnsligt	2	word	""bA:n`$s`l`Ikt
bas	2	word	"bA:s
basunblåsare	2	word	ba$""s}:n$%blo:$sa$re
basunens	2	word	ba$"s}:$nens
basunklang	2	word	
bdelliumharts	2	word	
beblanda	2	word	be$"bland$da
bebyggde	2	word	
bebyggt	2	word	be$"bYkt
bedje	2	word	
bedragare	2	word	be$"drA:$ga$re
bedragaren	2	word	be$"drA:$ga$ren
bedragna	2	word	be$"drA:$gna
bedrives	2	word	be$"dri:$ves
bedräglig	2	word	be$"drE:$glIg
bedrägligt	2	word	be$"drE:$glIkt
bedröva	2	word	be$"dr2:$va
bedrövelsens	2	word	be$"dr2:$vel$sens
bedrövligt	2	word	be$"dr2:v$lIkt
befattar	2	word	be$"fa$tar
befinnen	2	word	
befinner	2	word	be$"fI$ner
beflitar	2	word	be$"fli:$tar
befläckade	2	word	be$"flE$ka$de
befläckar	2	word	be$"flE$kar
befrynda	2	word	be$"frYn$da
befryndade	2	word	be$"frYn$da$de
befrynden	2	word	
befästningar	2	word	be$"fEst$nIN$ar
begabba	2	word	be$"ga$ba
begabbande	2	word	be$"ga$ban$de
begabbat	2	word	
begagnats	2	word	be$"gaN$nats
begravas	2	word	be$"grA:$vas
begravningsplatsen	2	word	be$""grA:v$nINs$%plat$sen
begynn	2	word	be$"jYn
begyntes	2	word	
begärden	2	word	
behandling	2	word	be$"hand$lIN
behållas	2	word	be$"hO$las
behövden	2	word	
behövt	2	word	be$"h2:ft
bekläda	2	word	be$"klE:$da
beklädnad	2	word	be$"klE:d$nad
bekosta	2	word	be$"kO$sta
bekransade	2	word	be$"kran$sa$de
bekännare	2	word	be$"s'E$na$re
bekännelse	2	word	be$"s'E$nel$se
bekännen	2	word	
belagt	2	word	
belastat	2	word	be$"la$stat
beloppet	2	word	be$"lO$pet
beläget	2	word	be$"lE:$get
beläggning	2	word	be$"lE$gnIN
belägringsvallarna	2	word	
bemöda	2	word	be$"m2:$da
bemöta	2	word	be$"m2:$ta
bemötande	2	word	be$"m2:$tan$de
benet	2	word	"be:$net
benpipor	2	word	""be:n$%pi:$pUr
benämnde	2	word	be$"nEmn$de
benådade	2	word	be$"no:$da$de
beredas	2	word	be$"re:$das
bereddes	2	word	be$"rE$des
bergfästen	2	word	
berglandet	2	word	
bergs	2	word	"bErjs
bergsgud	2	word	
bergshjässan	2	word	
bergshöjden	2	word	""bErjs$%h9j$den
bergstoppar	2	word	""bErjs$%tO$par
bergstoppen	2	word	""bErjs$%tO$pen
beryktad	2	word	be$"rYk$tad
beryll	2	word	be$"rYl
beräkna	2	word	be$"rE:$kna
beräknas	2	word	be$"rE:$knas
beräkningar	2	word	be$"rE:$knIN$ar
berömmelsen	2	word	be$"r9$mel$sen
berömt	2	word	be$"r9mt
berövat	2	word	be$"r2:$vat
besiktiga	2	word	be$"sIk$tI$ga
besinnat	2	word	
besinne	2	word	
besinningslös	2	word	be$""sI$nINs$%l2:s
besitter	2	word	be$"sI$ter
besittningsområde	2	word	
besjunga	2	word	be$"x\u0N$a
beskyddad	2	word	
beskyddar	2	word	be$"x\Y$dar
beskärmat	2	word	
besläktad	2	word	be$"slEk$tad
besmittelsen	2	word	be$"smI$tel$sen
besparad	2	word	be$"spA:$rad
bespisen	2	word	
bestiga	2	word	be$"sti:$ga
bestod	2	word	be$"stu:d
bestraffande	2	word	be$"stra$fan$de
bestyra	2	word	be$"sty:$ra
beställa	2	word	be$"stE$la
bestämdes	2	word	be$"stEm$des
bestämmas	2	word	be$"stE$mas
bestämmelserna	2	word	be$"stE$mel$se$n`a
bestänkta	2	word	be$"stENk$ta
besudlade	2	word	be$"s}:d$la$de
besvära	2	word	be$"svE:$ra
besväret	2	word	be$"svE:$ret
besöker	2	word	be$"s2:$ker
besökten	2	word	
betagas	2	word	
betalar	2	word	be$"tA:$lar
betalen	2	word	
betar	2	word	""be:$tar
betesmarken	2	word	""be:$tes$%mar$ken
betesplatser	2	word	""be:$tes$%plat$ser
betlehemiten	2	word	
beto	2	word	""be:$tU
betraktar	2	word	be$"trak$tar
betraktat	2	word	be$"trak$tat
betrodda	2	word	be$"trU$da
betrycket	2	word	be$"trY$ket
beträdd	2	word	be$"trEd
beträder	2	word	be$"trE:$der
beträtt	2	word	be$"trEt
betsemesiten	2	word	
betungade	2	word	be$"tu0N$a$de
betvinga	2	word	be$"tvIN$a
betydande	2	word	be$"ty:$dan$de
betydde	2	word	be$"tY$de
betydelsen	2	word	be$"ty:$del$sen
betänkt	2	word	be$"tENkt
beundrad	2	word	be$"u0n$drad
beundransvärd	2	word	be$""u0n$drans$%vE:d`
bevakar	2	word	be$"vA:$kar
bevakning	2	word	be$"vA:$knIN
bevare	2	word	be$""vA:$re
bevisad	2	word	
bevisaden	2	word	
bevågen	2	word	be$"vo:$gen
bevågna	2	word	be$"vo:$gna
biden	2	word	
bifogas	2	word	""bi:$%fu:$gas
bildas	2	word	""bIl$das
bildat	2	word	""bIl$dat
bildliga	2	word	""bIld$lI$ga
billiga	2	word	""bI$lI$ga
bilor	2	word	""bi:$lUr
bind	2	word	"bInd
binder	2	word	"bIn$der
bindlarna	2	word	""bInd$la$n`a
bistod	2	word	""bi:$%stu:d
bistår	2	word	""bi:$%sto:r
bit	2	word	"bi:t
bitar	2	word	""bi:$tar
bittrare	2	word	""bI$tra$re
bjudning	2	word	""bj}:d$nIN
bjälke	2	word	""bjEl$ke
blanda	2	word	""bland$da
bleknat	2	word	""ble:$knat
blekt	2	word	"ble:kt
blidka	2	word	""blId$ka
blodflöde	2	word	""blu:d$%fl2:$de
blodig	2	word	""blu:$dIg
blodsbrudgum	2	word	
blodssak	2	word	
blodsutgjuterskor	2	word	
blom	2	word	"blUm
blomstersängar	2	word	""blOm$ste$%s`EN$ar
blomstre	2	word	
blomstring	2	word	""blOm$strIN
blomverket	2	word	
blottades	2	word	""blO$ta$des
blygens	2	word	
blygsam	2	word	""bly:g$%sam
blygsamt	2	word	""bly:g$samt
blås	2	word	"blo:s
blåsor	2	word	""blo:$sUr
bodden	2	word	
bogen	2	word	"bu:$gen
bohaget	2	word	""bu:$%hA:$get
boja	2	word	""bO$ja
boks	2	word	"bu:ks
bokstaven	2	word	""bUk$%stA:$ven
bommarna	2	word	""bU$ma$n`a
bommen	2	word	"bU$men
bordsgästernas	2	word	
borgensmans	2	word	""bOr$jens$%mans
borrade	2	word	""bO$ra$de
bortdriven	2	word	""bOt`$%d`ri:$ven
bortdrivna	2	word	
bortför	2	word	""bOt`$%f2:r
bortgiva	2	word	""bOt`$%ji:$va
bortkastad	2	word	""bOt`$%ka$stad
bortkastade	2	word	""bOt`$%ka$sta$de
bortkomna	2	word	""bOt`$%kOm$na
bortrensad	2	word	""bOt`$%rEn$sad
borttager	2	word	
borttappade	2	word	""bOt`$%t`a$pa$de
borttorkat	2	word	
bortvältrad	2	word	
boskapsdjuren	2	word	""bu:$skA:ps$%j}:$ren
botar	2	word	""bu:$tar
bottenram	2	word	
bragt	2	word	
bringorna	2	word	""brIN$U$n`a
brottades	2	word	""brO$ta$des
brottslingar	2	word	""brOt$slIN$ar
brudgummens	2	word	""br}:d$%gu0$mens
brudkammaren	2	word	""br}:d$%ka$ma$ren
brukat	2	word	""br}:$kat
bruken	2	word	"br}:$ken
brustet	2	word	""bru0$stet
brutits	2	word	""br}:$tIts
bryr	2	word	"bry:r
bräckta	2	word	"brEk$ta
bränningar	2	word	""brE$nIN$ar
brännskada	2	word	""brEn$%skA:$da
brånad	2	word	""bro:$nad
bröllopskläder	2	word	""br9$lOps$%klE:$der
bröllopssven	2	word	
bröllopssvenner	2	word	
bröllopsvecka	2	word	
bröstspänne	2	word	
budbärarinna	2	word	b}:d$bE:$ra$""rI$na
budordets	2	word	""b}:d$%u:$d`ets
bullrande	2	word	""bu0l$ran$de
bullret	2	word	"bu0l$ret
bunde	2	word	
bundsförvant	2	word	""bu0nds$f9r$%vant
buros	2	word	
buskar	2	word	""bu0$skar
buxbom	2	word	""bu0ks$%bUm
bygd	2	word	"bYgd
bygg	2	word	"bYg
byggnadsblock	2	word	
byggnadsverket	2	word	""bY$gnats$%vEr$ket
byta	2	word	""by:$ta
bäckenen	2	word	"bE$ke$nen
bäddas	2	word	""bE$das
båren	2	word	"bo:$ren
båtnad	2	word	""bo:t$nad
bödel	2	word	""b2:$del
böjden	2	word	
böljors	2	word	""b9l$jUs`
bönfallande	2	word	""b2:n$%fa$land$de
bönfallit	2	word	""b2:n$%fa$lIt
bönföllo	2	word	
bönhörd	2	word	
bönhörda	2	word	""b2:n$%h2:$d`a
bönhörelse	2	word	""b2:n$%h2:$rel$se
bönor	2	word	""b2:$nUr
bördemannen	2	word	
cedrarna	2	word	""se:$dra$n`a
ceremonier	2	word	se$re$mU$"ni:$er
cyperblommor	2	word	
cypresserna	2	word	sY$"prE$se$n`a
dagades	2	word	""dA:$ga$des
dagakarl	2	word	""dA:$ga$%kA:r
dagas	2	word	""dA:$gas
dagsljus	2	word	""daks$%j}:s
dagsverken	2	word	""daks$%vEr$ken
dammar	2	word	""da$mar
dansat	2	word	""dan$sat
darrande	2	word	""da$ran$de
deltagande	2	word	""de:l$%tA:$gan$de
deltager	2	word	
deltagit	2	word	""de:l$%tA:$gIt
deltogo	2	word	
dern	2	word	
diadem	2	word	di:$a$"de:m
diamant	2	word	di:$a$"mant
dilamm	2	word	""di:$%lam
disputerade	2	word	dI$sp}:$"te:$ra$de
disputerande	2	word	dI$sp}:$"te:$ran$de
djuphet	2	word	""j}:p$%he:t
djurets	2	word	"j}:$rets
djärves	2	word	""jEr$ves
djärvhet	2	word	""jErv$%he:t
doftande	2	word	""dOf$tan$de
domares	2	word	""dU$ma$res
domarsäte	2	word	""dU$ma$%s`E:$te
domstolar	2	word	""dUm$%stu:$lar
dopet	2	word	"du:$pet
doppar	2	word	""dO$par
drabanter	2	word	dra$"ban$ter
drabanternas	2	word	dra$"ban$te$n`as
drabanthövitsmannens	2	word	
drabantsalen	2	word	
drabbningens	2	word	""drab$nIN$ens
dracks	2	word	"draks
dragantgummi	2	word	
drakars	2	word	""drA:$kas`
drevos	2	word	
dricke	2	word	
drickes	2	word	""drI$kes
drickoffren	2	word	""drIk$%O$fren
drift	2	word	"drIft
drista	2	word	""drI$sta
dristar	2	word	""drI$star
dristigt	2	word	""drI$stIkt
drive	2	word	"drajv
drivits	2	word	""dri:$vIts
droge	2	word	
drogos	2	word	
droppe	2	word	""drO$pe
droppen	2	word	""drO$pen
drottningsvärdighet	2	word	
drunknade	2	word	""dru0N$kna$de
druvans	2	word	""dr}:$vans
druvkaka	2	word	
druvors	2	word	""dr}:$vUs`
dryckesgillen	2	word	""drY$kes$%jI$len
dryckeskärl	2	word	""drY$kes$%s'E:l`
dräkter	2	word	""drEk$ter
dräng	2	word	"drEN
dränkt	2	word	"drENkt
dränktes	2	word	""drENk$tes
dräp	2	word	"drE:p
dråpares	2	word	""dro:$pa$res
dröjen	2	word	
drömmarna	2	word	""dr9$ma$n`a
drömmer	2	word	"dr9$mer
drömsyn	2	word	""dr9m$%sy:n
dukat	2	word	""d}:$kat
dunkla	2	word	""du0N$kla
dunst	2	word	"du0nst
duvomånglarnas	2	word	
dygdens	2	word	"dYg$dens
dykfågeln	2	word	
dyra	2	word	""dy:$ra
dyrkades	2	word	""dYr$ka$des
dyrken	2	word	"dYr$ken
dyrt	2	word	"dy:t`
dämde	2	word	
dämpade	2	word	""dEm$pa$de
dämpas	2	word	""dEm$pas
därfram	2	word	
därframför	2	word	
dådet	2	word	"do:$det
dånade	2	word	""do:$na$de
dåraktige	2	word	""do:r$%ak$tI$ge
dårat	2	word	
dårskaps	2	word	""do:$%s`kA:ps
dödats	2	word	""d2:$dats
dödsnöd	2	word	
dödssår	2	word	
döljen	2	word	
döm	2	word	"d9m
döpas	2	word	""d2:$pas
döptes	2	word	""d2:p$tes
dörrposter	2	word	""d9r$%pO$ster
dörrträet	2	word	
dörrvaktaren	2	word	
dörröppning	2	word	""d9r$%9p$nIN
dörröppningarna	2	word	""d9r$%9p$nIN$a$n`a
döve	2	word	""d2:$ve
dövstumma	2	word	""d2:v$%stu0$ma
edoméer	2	word	
edsförbund	2	word	
edsförpliktelsen	2	word	
efraimiterna	2	word	
efraimitiska	2	word	
efterföljd	2	word	""Ef$ter$%f9ljd
efterföljde	2	word	
efterkommit	2	word	""Ef$ter$%kO$mIt
efterlämnade	2	word	""Ef$te$%l`Em$na$de
efterlämnar	2	word	""Ef$te$%l`Em$nar
efterlängtade	2	word	""Ef$te$%l`EN$ta$de
efterlåten	2	word	""Ef$te$%l`o:$ten
eftersinnar	2	word	""Ef$te$%s`I$nar
eftervärlden	2	word	""Ef$ter$%vE:$d`en
egg	2	word	"Eg
eggen	2	word	"E$gen
egyptiers	2	word	e$"jYpt$sI$es`
elamiterna	2	word	
eldgnistor	2	word	
eldslågorna	2	word	""Elds$%lo:$gU$n`a
elefant	2	word	e$le$"fant
eländesdagar	2	word	
eländets	2	word	""e:$lEn$dets
eländig	2	word	""e:$lEn$dIg
enade	2	word	""e:$na$de
enbart	2	word	""e:n$bA:t`
endels	2	word	""e:n$%de:ls
endräkt	2	word	""e:n$%drEkt
endräktiga	2	word	""e:n$%drEk$tI$ga
ensamme	2	word	""En$%sa$me
ensamt	2	word	""En$samt
ense	2	word	""En$se
enskildheter	2	word	""e:n$x\Ild$%he:$ter
enögd	2	word	""e:n$%9gd
erbjuder	2	word	""e:r$%bj}:$der
erlagt	2	word	""e:$%l`akt
ertappad	2	word	
erövrad	2	word	
erövrade	2	word	""e:$%r2:$vra$de
etiopiernas	2	word	e$tI$"u:$pI$e$n`as
etiopisk	2	word	e$tI$"u:$pIsk
evigheten	2	word	""e:$vIg$%he:$ten
evighetens	2	word	""e:$vIg$%he:$tens
evigheters	2	word	""e:$vIg$%he:$tes`
fackla	2	word	""fa$kla
facklorna	2	word	""fa$klU$n`a
faderns	2	word	""fA:$den`s`
fagert	2	word	"fA:$get`
fallnas	2	word	""fal$nas
falskhetens	2	word	""falsk$%he:$tens
familjehuvudmän	2	word	
familjehövdingar	2	word	
familjeskiften	2	word	
famnars	2	word	""fam$nas`
fare	2	word	
fariséen	2	word	
fariséens	2	word	
farligare	2	word	""fA:$l`I$ga$re
farligt	2	word	""fA:$l`Ikt
farsoter	2	word	""fA:$%s`u:$ter
farväg	2	word	""fA:r$%vE:g
fasa	2	word	""fA:$sa
fastare	2	word	""fa$sta$re
fastedagen	2	word	""fa$ste$%dA:$gen
fastheten	2	word	""fast$%he:$ten
fasthölls	2	word	""fast$%h9ls
fastna	2	word	""fast$na
fastnat	2	word	""fast$nat
fastställd	2	word	
fastställda	2	word	
fattningen	2	word	""fat$nIN$en
feberglöd	2	word	
fejd	2	word	"fEjd
femtionio	2	word	fem$tI$U$""ni:$U
femtioåtta	2	word	fem$tI$U$""O$ta
festdagar	2	word	""fEst$%dA:$gar
festerna	2	word	""fE$ste$n`a
festglädje	2	word	""fEst$%glE:d$je
fiendskapen	2	word	""fi:$end$%skA:$pen
fientlig	2	word	fI$"Ent$lIg
fikar	2	word	""fi:$kar
fikonkakor	2	word	
filisteisk	2	word	fI$lI$"ste:$Isk
fingrars	2	word	""fIN$ras`
fingret	2	word	"fIN$ret
fiska	2	word	""fI$ska
fiskmåsen	2	word	""fIsk$%mo:$sen
fisknät	2	word	""fIsk$%nE:t
fjärdedel	2	word	""fjE:$d`e$%de:l
fjärdedelen	2	word	""fjE:$d`e$%de:$len
fjättrade	2	word	""fjE$tra$de
flertalet	2	word	""fle:$%t`A:$let
flickor	2	word	""flI$kUr
flinta	2	word	""flIn$ta
flintskalle	2	word	""flInt$%ska$le
flitigt	2	word	""fli:$tIkt
floderna	2	word	""flu:$de$n`a
flor	2	word	"flu:r
flugor	2	word	""fl}:$gUr
flyglarna	2	word	""fly:$gla$n`a
fläckad	2	word	
fläckade	2	word	""flE$ka$de
fläckat	2	word	""flE$kat
flädermusen	2	word	""flE:$der$%m}:$sen
flätorna	2	word	""flE:$tU$n`a
flögo	2	word	
flöjter	2	word	""fl9j$ter
fnysning	2	word	""fny:$snIN
fog	2	word	"fu:g
fogas	2	word	""fu:$gas
fogen	2	word	"fu:$gen
folkhop	2	word	""fOlk$%hu:p
folkrik	2	word	""fOlk$%ri:k
folkrika	2	word	""fOlk$%ri:$ka
folkräkning	2	word	""fOlk$%rE:$knIN
folkräkningen	2	word	""fOlk$%rE:$knIN$en
folkskaran	2	word	""fOlk$%skA:$ran
folkskarorna	2	word	""fOlk$%skA:$rU$n`a
folkslagens	2	word	""fOlk$%slA:$gens
folkstam	2	word	""fOlk$%stam
fordran	2	word	""fu:$d`ran
fordras	2	word	""fu:$d`ras
fordren	2	word	
fordringsägare	2	word	""fu:$d`rINs$%E:$ga$re
forma	2	word	""fOr$ma
formad	2	word	
formade	2	word	""fOr$ma$de
format	2	word	""fOr$mat
former	2	word	""fOr$mer
forntiden	2	word	""fu:n`$%t`i:$den
forsande	2	word	
forska	2	word	""fO$s`ka
forsken	2	word	
fortgå	2	word	""fUt`$%go:
fortsatt	2	word	""fUt`$s`at
fosterbroder	2	word	
fosterfader	2	word	""fU$ster$%fA:$der
fostrad	2	word	
fostrade	2	word	""fU$stra$de
fostrare	2	word	""fU$stra$re
fostrarinnas	2	word	
fostret	2	word	"fU$stret
fotringar	2	word	
fotsbredd	2	word	
fotstegen	2	word	""fu:t$%ste:$gen
fotstegskedjor	2	word	
fotsulor	2	word	""fu:t$%s}:$lUr
framalstrar	2	word	
framburna	2	word	""fram$%b}:$n`a
framföra	2	word	""fram$%f2:$ra
framgå	2	word	""fram$%go:
framhärda	2	word	""fram$%hE:$d`a
framhärdar	2	word	""fram$%hE:$d`ar
framhöll	2	word	""fram$%h9l
framkallat	2	word	""fram$%ka$lat
framlägger	2	word	""fram$%lE$ger
framsatta	2	word	""fram$%sa$ta
framställdes	2	word	""fram$%stEl$des
framställer	2	word	""fram$%stE$ler
framställning	2	word	""fram$%stEl$nIN
framstår	2	word	""fram$%sto:r
framväggen	2	word	
frestades	2	word	""frE$sta$des
frestaren	2	word	""frE$sta$ren
frestelsen	2	word	""frE$stel$sen
fresten	2	word	
friad	2	word	""fri:$ad
fridsamma	2	word	""fri:d$%sa$ma
fridsamt	2	word	""fri:d$%samt
frigiven	2	word	""fri:$%ji:$ven
frihetens	2	word	""fri:$%he:$tens
frikostighet	2	word	""fri:$kO$stIg$%he:t
frikostigt	2	word	""fri:$%kO$stIkt
friköpt	2	word	""fri:$%s'9pt
friköpta	2	word	
fritagna	2	word	
frodig	2	word	""fru:$dIg
frodigaste	2	word	""fru:$dI$ga$ste
frodigt	2	word	""fru:$dIkt
frossar	2	word	""frO$sar
frukterna	2	word	""fru0k$te$n`a
fryser	2	word	"fry:$ser
fräckas	2	word	""frE$kas
fräckhet	2	word	""frEk$%he:t
främlings	2	word	""frEm$lINs
fräta	2	word	""frE:$ta
frätas	2	word	""frE:$tas
fröjdekrans	2	word	
frön	2	word	"fr2:n
fukta	2	word	""fu0k$ta
fuktar	2	word	""fu0k$tar
fullaste	2	word	""fu0$la$ste
fullbordats	2	word	""fu0l$%bu:$d`ats
fullgånget	2	word	""fu0l$%gON$et
fullkomnade	2	word	""fu0l$%kOm$na$de
fullkomnas	2	word	""fu0l$%kOm$nas
fullmogen	2	word	""fu0l$%mu:$gen
fullvuxen	2	word	""fu0l$%vu0k$sen
fullvuxna	2	word	""fu0l$%vu0k$sna
fulländningen	2	word	""fu0$%lEnd$nIN$en
funder	2	word	
furstars	2	word	""fu0$s`t`as`
furstliga	2	word	""fu0s`t`$l`I$ga
fynd	2	word	"fYnd
fyradubbelt	2	word	
fyrfota	2	word	""fy:r$%fu:$ta
fyrfotadjurs	2	word	""fy:r$fu:$ta$%j}:s`
fyrkantiga	2	word	""fy:r$%kan$tI$ga
fyrsprång	2	word	""fy:$s`prON
fyrtionio	2	word	f9$t`I$U$""ni:$U
fäderneslandet	2	word	""fE:$de$n`es$%land$det
fädernestams	2	word	
fägnad	2	word	""fEN$nad
fägnar	2	word	""fEN$nar
fäkreaturens	2	word	""fE:$kre:$a$%t}:$rens
fäll	2	word	"fEl
fällan	2	word	""fE$lan
fälles	2	word	
fänad	2	word	""fE:$nad
fängelsehålan	2	word	""fEN$el$se$%ho:$lan
färder	2	word	""fE:$d`er
färjställena	2	word	""fErj$%stE$le$na
färre	2	word	"fE$re
fästas	2	word	""fE$stas
fågelfängarens	2	word	""fo:$gel$%fEN$a$rens
fåll	2	word	"fOl
fållorna	2	word	""fO$lU$n`a
fångat	2	word	""fON$at
fångdräkt	2	word	""fON$%drEkt
fångkost	2	word	
fångst	2	word	"fONst
fångvaktaren	2	word	""fON$%vak$ta$ren
fårens	2	word	"fo:$rens
fårs	2	word	"fo:s`
födelsen	2	word	""f2:$del$sen
föden	2	word	
födslovånda	2	word	""f2:d$slU$%vOn$da
födslovåndan	2	word	""f2:d$slU$%vOn$dan
födslovåndor	2	word	""f2:d$slU$%vOn$dUr
föl	2	word	"f2:l
följden	2	word	"f9lj$den
följder	2	word	""f9lj$der
fölle	2	word	
fönsteröppningarna	2	word	""f9n$ster$%9p$nIN$a$n`a
föraktare	2	word	f9r$"ak$ta$re
föraktliga	2	word	f9r$"akt$lI$ga
föraktligt	2	word	f9r$"akt$lIkt
förargelse	2	word	f9r$"ar$jel$se
förbannen	2	word	
förbarmare	2	word	f9r$"bar$ma$re
förbistrade	2	word	f9r$"bI$stra$de
förbittrad	2	word	f9r$"bI$trad
förbittrat	2	word	f9r$"bI$trat
förbjud	2	word	f9r$"bj}:d
förbjudet	2	word	f9r$"bj}:$det
förbjudna	2	word	f9r$"bj}:d$na
förbryter	2	word	f9r$"bry:$ter
förbröt	2	word	f9r$"br2:t
förbundsblodet	2	word	
fördel	2	word	""f2:$%d`e:l
fördelad	2	word	
fördristade	2	word	
fördristat	2	word	
fördärvlig	2	word	f9$"d`Erv$lIg
fördömd	2	word	f9$"d`9md
fördömda	2	word	f9$"d`9m$da
fördömelsedom	2	word	
förebrår	2	word	""f2:$re$%bro:r
förebud	2	word	""f2:$re$%b}:d
förebådade	2	word	""f2:$re$%bo:$da$de
föredömen	2	word	""f2:$re$%d9$men
föregiva	2	word	""f2:$re$%ji:$va
föregåvo	2	word	
förehava	2	word	""f2:$re$%hA:$va
förehaven	2	word	
förehållit	2	word	""f2:$re$%hO$lIt
förekom	2	word	""f2:$re$%kOm
förelagd	2	word	
förelagda	2	word	""f2:$re$%lag$da
föreläst	2	word	""f2:$re$%lE:st
förelöpare	2	word	""f2:$re$%l2:$pa$re
föresatt	2	word	""f2:$re$%sat
föreskrivna	2	word	
föreslagit	2	word	""f2:$re$%slA:$gIt
föreställde	2	word	""f2:$re$%stEl$de
förestår	2	word	""f2:$re$%sto:r
företaget	2	word	""f2:$re$%tA:$get
företrädare	2	word	""f2:$re$%trE:$da$re
förfar	2	word	f9r$"fA:r
förfarne	2	word	
förflyttade	2	word	f9r$"flY$ta$de
förflöt	2	word	f9r$"fl2:t
förfäderna	2	word	""f2:r$%fE:$de$n`a
förfädernas	2	word	""f2:r$%fE:$de$n`as
förfäders	2	word	""f2:r$%fE:$des`
förfärades	2	word	f9r$"fE:$ra$des
förföljarna	2	word	f9r$"f9l$ja$n`a
förföljdes	2	word	f9r$"f9lj$des
förfölje	2	word	
förföljelserna	2	word	f9r$"f9l$jel$se$n`a
förföljen	2	word	
förgingo	2	word	
förgjord	2	word	f9r$"ju:d`
förgjordes	2	word	f9r$"ju:$d`es
förgripa	2	word	f9r$"gri:$pa
förgripliga	2	word	f9r$"gri:$plI$ga
förgrymmades	2	word	
förgängelsens	2	word	f9r$"jEN$el$sens
förgängligheten	2	word	f9r$"jEN$lIg$he:$ten
förgätas	2	word	f9r$"jE:$tas
förgånget	2	word	f9r$"gON$et
förgårdar	2	word	""f2:r$%go:$d`ar
förgårdshägnaden	2	word	
förgått	2	word	f9r$"gOt
förhasta	2	word	f9r$"ha$sta
förhatligt	2	word	f9r$"hA:t$lIkt
förhindra	2	word	f9r$"hIn$dra
förhudar	2	word	""f2:r$%h}:$dar
förhärja	2	word	f9r$"hEr$ja
förhärjar	2	word	f9r$"hEr$jar
förhärjaren	2	word	
förhärjning	2	word	
förhärligas	2	word	f9r$"hE:$l`I$gas
förhållandena	2	word	f9r$"hO$land$de$na
förhållandet	2	word	f9r$"hO$land$det
förhöllo	2	word	
förhöra	2	word	f9r$"h2:$ra
förhört	2	word	f9r$"h2:t`
förintelsens	2	word	f9r$"In$tel$sens
förjagas	2	word	f9r$"jA:$gas
förjagat	2	word	
förklarar	2	word	f9r$"klA:$rar
förkläda	2	word	f9r$"klE:$da
förkortad	2	word	
förkortade	2	word	f9r$"kO$t`a$de
förkovran	2	word	f9r$"ko:$vran
förkväva	2	word	f9r$"kvE:$va
förkämpe	2	word	""f2:r$%s'Em$pe
förlagt	2	word	f9$"l`akt
förledas	2	word	f9$"l`e:$das
förlika	2	word	f9$"l`i:$ka
förlitat	2	word	f9$"l`i:$tat
förljudes	2	word	
förlossningen	2	word	f9$"l`O$snIN$en
förlupen	2	word	
förlustade	2	word	f9$"l`u0$sta$de
förlustelse	2	word	f9$"l`u0$stel$se
förlängas	2	word	f9$"l`EN$as
förlänger	2	word	f9$"l`EN$er
förlät	2	word	f9$"l`E:t
förlöst	2	word	f9$"l`2:st
förmanat	2	word	f9r$"mA:$nat
förmedelst	2	word	f9r$"me:$delst
förmenas	2	word	f9r$"me:$nas
förnekaden	2	word	
förnimmelse	2	word	f9$"n`I$mel$se
förnuft	2	word	f9$"n`u0ft
förnyade	2	word	f9$"n`y:$a$de
förnyar	2	word	f9$"n`y:$ar
förnyas	2	word	f9$"n`y:$as
förnyelse	2	word	f9$"n`y:$el$se
förnämas	2	word	f9$"n`E:$mas
förnämlig	2	word	f9$"n`E:m$lIg
förnämligaste	2	word	f9$"n`E:m$lI$ga$ste
förnöja	2	word	f9$"n`9$ja
förnöjer	2	word	f9$"n`9$jer
förnöjt	2	word	f9$"n`9jt
förordnad	2	word	
förordnande	2	word	f9r$"o:d`$n`an$de
förorätta	2	word	""f2:r$U$%rE$ta
förras	2	word	
förrunnit	2	word	f9r$"ru0$nIt
förruttnelse	2	word	f9r$"ru0t$nel$se
förrättning	2	word	f9r$"rEt$nIN
förrådda	2	word	
förrådskamrar	2	word	f9r$""ro:ds$%kam$rar
förrådskamrarna	2	word	f9r$""ro:ds$%kam$ra$n`a
församlad	2	word	
församlingshus	2	word	f9$""s`am$lINs$%h}:s
församlingstjänare	2	word	
förseelse	2	word	f9$"s`e:$el$se
förseglat	2	word	f9$"s`e:$glat
försegling	2	word	f9$"s`e:$glIN
försinande	2	word	
förskaffat	2	word	
förskapa	2	word	
förskeppet	2	word	""f2:r$%x\E$pet
förskjut	2	word	f9r$"x\}:t
förskjutne	2	word	f9r$"x\}:t$ne
förskräckande	2	word	
förskräcke	2	word	
förskräckelsen	2	word	f9$"s`krE$kel$sen
förskräckliga	2	word	f9$"s`krE$klI$ga
förskyllan	2	word	f9r$"x\Y$lan
försmådda	2	word	
försmått	2	word	
försonas	2	word	f9$"s`u:$nas
försoningens	2	word	f9$"s`u:$nIN$ens
försoningsdagen	2	word	
försoningsgåva	2	word	f9$""s`u:$nINs$%go:$va
försoningsoffret	2	word	f9$""s`u:$nINs$%O$fret
försoningssyndoffret	2	word	
förspillas	2	word	f9$"s`pI$las
förstlingsfruktens	2	word	""f9s`t`$l`INs$%fru0k$tens
förstockelse	2	word	f9$"s`t`O$kel$se
förstärkte	2	word	f9$"s`t`Erk$te
förståndigas	2	word	f9$"s`t`On$dI$gas
förstörelsen	2	word	f9$"s`t`2:$rel$sen
förstörelsens	2	word	f9$"s`t`2:$rel$sens
förstöres	2	word	f9$"s`t`2:$res
försumlig	2	word	f9$"s`u0m$lIg
försumliga	2	word	f9$"s`u0m$lI$ga
försumligt	2	word	f9$"s`u0m$lIkt
försummat	2	word	f9$"s`u0$mat
försummelse	2	word	f9$"s`u0$mel$se
försvagad	2	word	
försvunno	2	word	
försyndelse	2	word	f9$"s`Yn$del$se
försynt	2	word	f9$"s`y:nt
försänkta	2	word	
försågo	2	word	
försåtligen	2	word	
försörja	2	word	f9$"s`9r$ja
försörjde	2	word	f9$"s`9rj$de
förtala	2	word	f9$"t`A:$la
förtalas	2	word	f9$"t`A:$las
förtjänt	2	word	f9r$"s'E:nt
förtorkar	2	word	f9$"t`Or$kar
förtrampad	2	word	
förtrampade	2	word	f9$"t`ram$pa$de
förtrampar	2	word	f9$"t`ram$par
förtrampat	2	word	
förtro	2	word	f9$"t`ru:
förtryckarna	2	word	f9$"t`rY$ka$n`a
förtvinade	2	word	f9$"t`vi:$na$de
förtvivla	2	word	f9$"t`vi:v$la
förtvivlade	2	word	f9$"t`vi:v$la$de
förtäljdes	2	word	
förtäljen	2	word	
förtäljer	2	word	f9$"t`El$jer
förtäre	2	word	
förtäres	2	word	f9$"t`E:$res
förtörnar	2	word	f9$"t`2:$n`ar
förunna	2	word	f9r$"u0$na
förutsåg	2	word	""f2:r$}:t$%so:g
förvandlats	2	word	f9r$"vand$lats
förvandlen	2	word	
förverkat	2	word	f9r$"vEr$kat
förvissade	2	word	f9r$"vI$sa$de
förvissnat	2	word	
förvänd	2	word	f9r$"vEnd
förvärvas	2	word	f9r$"vEr$vas
förändring	2	word	f9r$"En$drIN
förärade	2	word	f9r$"E:$ra$de
förödaren	2	word	
förödelsen	2	word	f9r$"2:$del$sen
förödmjukelse	2	word	""f2:r$2:d$%mj}:$kel$se
förövad	2	word	f9r$"2:$vad
förövas	2	word	f9r$"2:$vas
fötters	2	word	"f9$tes`
gaditernas	2	word	
gagnade	2	word	""gaN$na$de
gagnlös	2	word	""gaNn$%l2:s
gala	2	word	""gA:$la
galaterna	2	word	ga$"lA:$te$n`a
galatiska	2	word	
galban	2	word	
galilé	2	word	ga$lI$"le:
galler	2	word	"ga$ler
garvare	2	word	""gar$va$re
gastar	2	word	""ga$star
gators	2	word	""gA:$tUs`
gemak	2	word	je$"mA:k
gemål	2	word	je$"mo:l
genljudet	2	word	
genomborrat	2	word	""je:$nOm$%bO$rat
genomgår	2	word	""je:$nOm$%go:r
genomresa	2	word	""je:$nOm$%re:$sa
genomskäres	2	word	""je:$nOm$%x\E:$res
genomsöka	2	word	""je:$nOm$%s2:$ka
genomsökt	2	word	""je:$nOm$%s2:kt
genomvandra	2	word	""je:$nOm$%van$dra
genomvandrat	2	word	
genstridiga	2	word	""je:n$%stri:$dI$ga
gensvar	2	word	""je:n$%svA:r
gensägelse	2	word	""je:n$%sEj$el$se
gersoniten	2	word	
gersoniterna	2	word	
gesuréerna	2	word	
gibeoniten	2	word	
gillat	2	word	""jI$lat
gillen	2	word	""jI$len
giloniten	2	word	
ginge	2	word	""jIN$e
ginstbuske	2	word	""gInst$%bu0$ske
girgaséernas	2	word	
girig	2	word	""ji:$rIg
givmildhet	2	word	""ji:v$mIld$%he:t
gladan	2	word	""glA:$dan
glashav	2	word	
glupsk	2	word	"glu0psk
glädes	2	word	
glädjebudbärarens	2	word	
glädjebudskapet	2	word	""glE:d$je$b}:d$%skA:$pet
glädjedagar	2	word	
glädjefest	2	word	""glE:d$je$%fEst
glädjes	2	word	""glE:d$jes
gläfsa	2	word	""glEf$sa
glöden	2	word	"gl2:$den
glömsk	2	word	"gl9msk
glömskans	2	word	""gl9m$skans
gnistor	2	word	""gnI$stUr
gny	2	word	"gny:
godas	2	word	""gu:$das
godhets	2	word	""gu:d$%he:ts
gommen	2	word	"gU$men
gossar	2	word	""gO$sar
gosses	2	word	""gO$ses
granatträdet	2	word	
grannarna	2	word	""gra$na$n`a
granne	2	word	""gra$ne
grannfolk	2	word	""gran$%fOlk
grannstäder	2	word	""gran$%stE:$der
graverade	2	word	gra$"ve:$ra$de
gravvård	2	word	""grA:v$%vo:d`
greken	2	word	"gre:$ken
grip	2	word	"gri:p
grottor	2	word	""grO$tUr
grumlad	2	word	""gru0m$lad
grunda	2	word	""gru0n$da
grunderna	2	word	""gru0n$de$n`a
grundsatser	2	word	""gru0nd$%sat$ser
grundsten	2	word	""gru0nd$%ste:n
grundstenar	2	word	""gru0nd$%ste:$nar
grusade	2	word	""gr}:$sa$de
gruset	2	word	"gr}:$set
gruva	2	word	""gr}:$va
gruvlig	2	word	""gr}:v$lIg
gruvligaste	2	word	""gr}:v$lI$ga$ste
gruvligt	2	word	""gr}:v$lIkt
gry	2	word	"gry:
gryning	2	word	""gry:$nIN
gryningen	2	word	""gry:$nIN$en
grytor	2	word	""gry:$tUr
gräma	2	word	""grE:$ma
gränder	2	word	"grEn$der
gränserna	2	word	""grEn$se$n`a
gränslinje	2	word	""grEns$%li:$nje
gräshoppssvärm	2	word	""grE:s$hOps$%svErm
grävda	2	word	
gråhårsmän	2	word	
gråtodagarna	2	word	
grön	2	word	"gr2:n
grönsaker	2	word	""gr2:n$%sA:$ker
gudaberget	2	word	
gudabilder	2	word	""g}:$da$%bIl$der
gudfruktigt	2	word	""g}:d$%fru0k$tIkt
gudinnan	2	word	gu0$""dI$nan
gudlöst	2	word	""g}:d$%l2:st
gudsförsmädare	2	word	
gudsmänniska	2	word	
gudstjänstbruk	2	word	
guldring	2	word	""gu0ld$%rIN
guldsmeder	2	word	""gu0ld$%sme:$der
guldsmeds	2	word	""gu0ld$%sme:ds
guldsnodderna	2	word	
gunstigt	2	word	""gu0n$stIkt
gurklika	2	word	
gyckel	2	word	"jY$kel
gäckas	2	word	""jE$kas
gälda	2	word	""jEl$da
gäldande	2	word	""jEl$dan$de
gäldenärer	2	word	jEl$de$"nE:$rer
gästabudshus	2	word	
gästvänlig	2	word	""jEst$%vE:n$lIg
gästvänligt	2	word	""jEst$%vE:n$lIkt
gåvas	2	word	""go:$vas
gödboskap	2	word	""j2:d$bU$%skA:p
gödd	2	word	"j9d
gömmen	2	word	""j9$men
gördlar	2	word	""j2:d`$l`ar
göromål	2	word	""j2:$rU$%mo:l
göto	2	word	
hagelskurar	2	word	""hA:$gel$%sk}:$rar
haglade	2	word	""hA:$gla$de
haka	2	word	""hA:$ka
hakarna	2	word	""hA:$ka$n`a
halmen	2	word	"hal$men
halsprydnader	2	word	
halssmycken	2	word	""hals$%smY$ken
haltade	2	word	""hal$ta$de
hamatéerna	2	word	
hamrade	2	word	""ham$ra$de
handelsförvärv	2	word	
handelsmän	2	word	""han$dels$%mEn
handhaven	2	word	
handkvarnen	2	word	
hanne	2	word	""ha$ne
haroditen	2	word	
harpans	2	word	""har$pans
hastig	2	word	""ha$stIg
havsstranden	2	word	""hafs$%stran$den
havsvidunder	2	word	""hafs$vi:$%du0n$der
havsörnen	2	word	""hafs$%2:$n`en
hebroniternas	2	word	
hebréen	2	word	
hednafolks	2	word	""he:d$na$%fOlks
hedniskt	2	word	"he:d$nIskt
hedra	2	word	""he:$dra
hedrade	2	word	""he:$dra$de
helandet	2	word	
helas	2	word	""he:$las
helgas	2	word	""hEl$gas
helgedomarna	2	word	""hEl$ge$%dU$ma$n`a
heligheten	2	word	""he:$lIg$%he:$ten
hemfaller	2	word	""hEm$%fa$ler
hemfödde	2	word	
hemföra	2	word	""hEm$%f2:$ra
hemförde	2	word	""hEm$%f2:$d`e
hemgift	2	word	""hEm$%jIft
hemifrån	2	word	""hEm$I$%fro:n
hemlandet	2	word	""hEm$%land$det
hemligaste	2	word	""hEm$lI$ga$ste
hemort	2	word	""hEm$%Ut`
hemska	2	word	""hEm$ska
herdegossarna	2	word	""he:$d`e$%gO$sa$n`a
herodianerna	2	word	
herrars	2	word	""hE$ras`
hesroniternas	2	word	
hetare	2	word	""he:$ta$re
hetat	2	word	""he:$tat
hetitisk	2	word	
himlaljusen	2	word	
himlars	2	word	""hIm$las`
himlarunden	2	word	""hIm$la$%ru0n$den
hind	2	word	"hInd
hindar	2	word	""hIn$dar
hindarna	2	word	""hIn$da$n`a
hingstars	2	word	""hIN$stas`
historiska	2	word	hI$"stu:$rI$ska
hitintills	2	word	"hi:t$In$tIls
hittat	2	word	""hI$tat
hitåt	2	word	"hi:t$o:t
hivéen	2	word	
hjortar	2	word	""jU$t`ar
hjulet	2	word	"j}:$let
hjälptes	2	word	""jElp$tes
hjältarnas	2	word	""jEl$ta$n`as
hjärteoro	2	word	
hjärteångest	2	word	
hjärtlig	2	word	""jEt`$l`Ig
hona	2	word	""hu:$na
honungskaka	2	word	""ho:$nu0Ns$%kA:$ka
hoparna	2	word	""hu:$pa$n`a
hopfäst	2	word	""hu:p$%fEst
hopknådat	2	word	
hoppade	2	word	""hO$pa$de
hoppande	2	word	
hoppats	2	word	""hO$pats
hoppen	2	word	"hO$pen
hops	2	word	"hu:ps
hoptals	2	word	""hu:p$%tA:ls
hota	2	word	""hu:$ta
hovmästaren	2	word	""ho:v$%mE$sta$ren
hovtjänare	2	word	
hudflänga	2	word	""h}:d$%flEN$a
huggas	2	word	""hu0$gas
huggormar	2	word	""hu0g$%Ur$mar
huggormsgift	2	word	
hugna	2	word	""hu0N$na
hugnade	2	word	""hu0N$na$de
hungern	2	word	"hu0N$en`
husdjur	2	word	""h}:s$%j}:r
husfolket	2	word	""h}:s$%fOl$ket
husgeråd	2	word	""h}:s$je$%ro:d
husguden	2	word	""h}:s$%g}:$den
hushåll	2	word	""h}:s$%hOl
hustruns	2	word	""hu0$str}:ns
huvudanförare	2	word	
huvudbonader	2	word	""h}:$vu0d$%bu:$na$der
huvudhåren	2	word	""h}:$vu0d$%ho:$ren
huvuds	2	word	""h}:$vu0ds
huvudskål	2	word	""h}:$vu0d$%sko:l
huvudstad	2	word	""h}:$vu0d$%stA:d
huvudsvålen	2	word	""h}:$vu0d$%svo:$len
hyddorna	2	word	""hY$dU$n`a
hyllningskyss	2	word	
hysen	2	word	
häda	2	word	""hE:$da
hädanfärd	2	word	""hE:$dan$%fE:d`
hädare	2	word	""hE:$da$re
hädelsen	2	word	""hE:$del$sen
häftigast	2	word	""hEf$tI$gast
hägna	2	word	""hEN$na
häkte	2	word	""hEk$te
hälfter	2	word	""hElf$ter
hämnad	2	word	
hämnades	2	word	""hEm$na$des
hämnande	2	word	
hämndgirige	2	word	""hEmnd$%ji:$rI$ge
hämndgirigt	2	word	""hEmnd$%ji:$rIkt
hängivit	2	word	""hE:n$%ji:$vIt
härdar	2	word	""hE:$d`ar
häremot	2	word	"hE:$re$mu:t
härfågeln	2	word	""hE:r$%fo:$geln
härför	2	word	""hE:r$%f2:r
härkomsts	2	word	""hE:r$%kOmsts
härskar	2	word	""hE$s`kar
härskarna	2	word	""hE$s`ka$n`a
härskarorna	2	word	""hE:$%s`kA:$rU$n`a
härskarspira	2	word	
härskarstav	2	word	
härute	2	word	hEr$""}:$te
härutinnan	2	word	"hE:$ru0$tI$nan
härutöver	2	word	"hE:r$}:$t2:$ver
häststäderna	2	word	
hätskt	2	word	"hEtskt
häva	2	word	""hE:$va
hålet	2	word	"ho:$let
hållning	2	word	""hOl$nIN
hålväg	2	word	""ho:l$%vE:g
hårdhets	2	word	""ho:d`$%he:ts
hårflätningar	2	word	
hårmantel	2	word	
höften	2	word	"h9f$ten
höfter	2	word	""h9f$ter
höftsenan	2	word	
högtidlig	2	word	
högtidligt	2	word	
högtidsdagarna	2	word	""h9k$ti:ds$%dA:$ga$n`a
högtidsförsamlingar	2	word	
högtidsskaran	2	word	
höken	2	word	"h2:$ken
hölje	2	word	""h9l$je
hönan	2	word	""h2:$nan
hörsam	2	word	""h2:$%s`am
hörsamhet	2	word	""h2:$s`am$%he:t
hörsammar	2	word	""h2:$%s`a$mar
hörsamt	2	word	""h2:$%s`amt
hörsägner	2	word	
höst	2	word	"h9st
hövas	2	word	""h2:$vas
iakttagen	2	word	""i:$akt$%tA:$gen
idisslande	2	word	""i:$%dI$sland$de
idkat	2	word	
idog	2	word	""i:$%du:g
iförda	2	word	
igenkänd	2	word	I$""jEn$%s'End
ihjälslagne	2	word	I$""jE:l$%slA:$gne
ila	2	word	""i:$la
ilar	2	word	""i:$lar
ilbud	2	word	""i:l$%b}:d
illaluktande	2	word	""I$la$%lu0k$tan$de
illfundig	2	word	""Il$%fu0n$dIg
illfundiga	2	word	""Il$%fu0n$dI$ga
illfundighet	2	word	""Il$fu0n$dIg$%he:t
illgärningsman	2	word	""Il$jE:$n`INs$%man
illvillig	2	word	""Il$%vI$lIg
inberättat	2	word	
inbilla	2	word	""In$%bI$la
inbrott	2	word	""In$%brOt
inburet	2	word	""In$%b}:$ret
indragna	2	word	""In$%drA:$gna
indricker	2	word	
indriva	2	word	""In$%dri:$va
infann	2	word	""In$%fan
infriar	2	word	""In$%fri:$ar
infödda	2	word	""In$%f9$da
infödingar	2	word	""In$%f2:$dIN$ar
infödingarna	2	word	""In$%f2:$dIN$a$n`a
inföll	2	word	""In$%f9l
införd	2	word	""In$%f2:d`
införde	2	word	""In$%f2:$d`e
ingens	2	word	""IN$ens
ingivelser	2	word	""I$%nji:$vel$ser
ingiven	2	word	
ingjutit	2	word	""In$%j}:$tIt
ingångna	2	word	""IN$%gON$na
inhämta	2	word	""In$%hEm$ta
inhöljt	2	word	
injaga	2	word	""In$%jA:$ga
inköp	2	word	""In$%s'2:p
inköpa	2	word	""In$%s'2:$pa
inlagt	2	word	""In$%lakt
inled	2	word	""In$%le:d
inlåst	2	word	""In$%lo:st
innebära	2	word	""I$ne$%bE:$ra
innehållet	2	word	""I$ne$%hO$let
innesluten	2	word	""I$ne$%sl}:$ten
inreda	2	word	""In$%re:$da
inredde	2	word	""In$%rE$de
inrett	2	word	""In$%rEt
inrätta	2	word	""In$%rE$ta
inrådan	2	word	""In$%ro:$dan
insamla	2	word	""In$%sam$la
insamlat	2	word	""In$%sam$lat
insamlingen	2	word	""In$%sam$lIN$en
insidan	2	word	""In$%si:$dan
inskriften	2	word	""In$%skrIf$ten
insnärjas	2	word	""In$%snEr$jas
inspärrade	2	word	""In$%spE$ra$de
inställen	2	word	
inställsamma	2	word	""In$stEl$%sa$ma
instämde	2	word	""In$%stEm$de
insätter	2	word	
intalade	2	word	""In$%tA:$la$de
intogen	2	word	
inträffar	2	word	""In$%trE$far
intränga	2	word	""In$%trEN$a
intåg	2	word	""In$%to:g
inunder	2	word	
invecklade	2	word	""In$%vE$kla$de
invigd	2	word	""In$%vi:gd
invigda	2	word	""In$%vi:g$da
invigde	2	word	""In$%vi:g$de
invigdes	2	word	""In$%vi:g$des
invigen	2	word	
invånares	2	word	""In$%vo:$na$res
inympad	2	word	""In$%Ym$pad
irrfärder	2	word	""Ir$%fE:$d`er
is	2	word	"i:s
isatta	2	word	""i:$%sa$ta
iskänken	2	word	
ismaeliten	2	word	
ismaeliter	2	word	
istret	2	word	"I$stret
italiska	2	word	I$"tA:$lI$ska
jakt	2	word	"jakt
jebusé	2	word	
jordmån	2	word	""ju:d`$%mo:n
jordstycket	2	word	""ju:d`$%s`t`Y$ket
jordstöt	2	word	""ju:d`$%s`t`2:t
jordvallar	2	word	""ju:d`$%va$lar
jubelhornet	2	word	
jubelropet	2	word	""j}:$bel$%ru:$pet
jublande	2	word	""j}:$bland$de
judars	2	word	""j}:$das`
jungfrudom	2	word	""ju0N$fr}:$%dUm
jungfruliga	2	word	""ju0N$%fr}:$lI$ga
jungfruns	2	word	""ju0N$fr}:ns
jägarens	2	word	""jE:$ga$rens
jämlike	2	word	""jEm$%li:$ke
jämnad	2	word	""jEm$nad
jämnt	2	word	"jEmnt
jämt	2	word	
järnbommarna	2	word	
jättar	2	word	""jE$tar
kainéens	2	word	
kainéernas	2	word	
kakorna	2	word	""kA:$kU$n`a
kalkarna	2	word	""kal$ka$n`a
kalt	2	word	"kA:lt
kalva	2	word	""kal$va
kalvarna	2	word	""kal$va$n`a
kamelhår	2	word	ka$""me:l$%ho:r
kanaler	2	word	ka$"nA:$ler
kananeisk	2	word	
kananeiska	2	word	
kananéen	2	word	
kannor	2	word	""ka$nUr
kantklippt	2	word	
kasluhéerna	2	word	
kaste	2	word	
kastredskap	2	word	
kejsar	2	word	""s'Ej$sar
kesitor	2	word	
killingpar	2	word	
kittlar	2	word	""s'It$lar
kittéerna	2	word	
kiva	2	word	""s'i:$van
klagosånger	2	word	""klA:$gU$%sON$er
klagovisor	2	word	""klA:$gU$%vi:$sUr
klangen	2	word	"klaN$en
klenmodiga	2	word	
klenod	2	word	kle$"nu:d
klinga	2	word	""klIN$a
klingan	2	word	""klIN$an
klingande	2	word	""klIN$an$de
klippblock	2	word	""klIp$%blOk
klippdassen	2	word	""klIp$%da$sen
klippornas	2	word	""klI$pU$n`as
klippte	2	word	""klIp$te
klor	2	word	"klu:r
klump	2	word	"klu0mp
klyftor	2	word	""klYf$tUr
klyver	2	word	"kly:$ver
klädkammarvaktaren	2	word	
kniv	2	word	"kni:v
knivar	2	word	""kni:$var
kniven	2	word	"kni:$ven
knopp	2	word	"knOp
knäböja	2	word	""knE:$%b9$ja
knåda	2	word	""kno:$da
knådade	2	word	""kno:$da$de
knöt	2	word	"kn2:t
kocken	2	word	"kO$ken
kokningen	2	word	""ku:$knIN$en
kokta	2	word	""kUk$ta
koleld	2	word	
konstarbetares	2	word	
konstnärens	2	word	""kOnst$%nE:$rens
konstnärerna	2	word	""kOnst$%nE:$re$n`a
konstvävnader	2	word	""kOnst$%vE:v$na$der
konungabarnen	2	word	
konungaboning	2	word	
konungadottern	2	word	
konungadömen	2	word	""ko:$nu0N$a$%d9$men
konungadömets	2	word	""ko:$nu0N$a$%d9$mets
konungadöttrarna	2	word	
konungagravarna	2	word	
konungapalatsen	2	word	""ko:$nu0N$a$pa$%lat$sen
konungastäderna	2	word	
konungasönernas	2	word	
konungavärdighet	2	word	
kopparbågen	2	word	
kopparens	2	word	
kopparhjälm	2	word	
kopparmur	2	word	
kopparoxarna	2	word	
kopparportarna	2	word	""kO$par$%pU$t`a$n`a
korall	2	word	kU$"ral
korianderfrö	2	word	
korintier	2	word	kU$"rInt$sI$er
kornbröd	2	word	""ku:n`$%br2:d
korpen	2	word	"kOr$pen
kostnader	2	word	""kOst$na$der
kraftgärning	2	word	
kraftlösa	2	word	""kraft$%l2:$sa
kransskatten	2	word	
kretsar	2	word	""krEt$sar
kretsen	2	word	"krEt$sen
kriga	2	word	""kri:$ga
krigarna	2	word	""kri:$ga$n`a
krigen	2	word	"kri:$gen
krigets	2	word	"kri:$gets
krigs	2	word	"kri:gs
krigsdugliga	2	word	""krIks$%d}:$glI$ga
krigsfolkets	2	word	""krIks$%fOl$kets
krigshärar	2	word	""krIks$%hE:$rar
krigshärs	2	word	""krIks$%hE:s`
krigsmakt	2	word	""krIks$%makt
krigsrustning	2	word	
krigsråd	2	word	""krIks$%ro:d
kringresande	2	word	""krIN$%re:$san$de
kringränna	2	word	""krIN$%rE$na
kringspritt	2	word	""krIN$%sprIt
kringströdda	2	word	""krIN$%str9$da
kringströdde	2	word	
kristen	2	word	""krI$sten
kristna	2	word	""krIst$na
krokar	2	word	""kru:$kar
kropparnas	2	word	""krO$pa$n`as
krossning	2	word	""krO$snIN
kryddat	2	word	""krY$dat
krymplingar	2	word	""krYm$plIN$ar
kräldjuren	2	word	""krE:l$%j}:$ren
kräldjurs	2	word	""krE:l$%j}:s`
krämarlandet	2	word	
kräslighet	2	word	""krE:$slIg$%he:t
kräsligt	2	word	""krE:$slIkt
kröna	2	word	""kr2:$na
kröner	2	word	"kr2:$ner
krönt	2	word	"kr2:nt
krönte	2	word	""kr2:n$te
kullen	2	word	"ku0$len
kungligt	2	word	""ku0N$lIkt
kunskapare	2	word	""ku0n$%skA:$pa$re
kunskaps	2	word	""ku0n$%skA:ps
kusten	2	word	"ku0$sten
kuvad	2	word	""k}:$vad
kvaldes	2	word	
kvarlevande	2	word	
kvarlevor	2	word	""kvA:r$%l`e:$vUr
kvarlämnade	2	word	""kvA:$%l`Em$na$de
kvinnliga	2	word	""kvIn$lI$ga
kvinnoondska	2	word	
kycklingar	2	word	""s'Y$klIN$ar
kyssar	2	word	""s'Y$sar
käck	2	word	"s'Ek
känn	2	word	"s'En
känslor	2	word	""s'En$slUr
käppar	2	word	""s'E$par
kärleks	2	word	""s'E:$%l`e:ks
kärleksgåva	2	word	""s'E:$l`e:ks$%go:$va
kärleksverk	2	word	
kärvarna	2	word	""s'Er$va$n`a
kärven	2	word	""s'Er$ven
kåpor	2	word	""ko:$pUr
köksträdgård	2	word	""s'9ks$%trE$go:d`
köpare	2	word	""s'2:$pa$re
köparens	2	word	""s'2:$pa$rens
köpas	2	word	""s'2:$pas
köptes	2	word	"s'9p$tes
kör	2	word	"s'2:r
köra	2	word	""s'2:$ra
ladanum	2	word	
lagbrott	2	word	""lA:g$%brOt
lagklok	2	word	""lA:g$%klu:k
lagliga	2	word	""lA:$glI$ga
laglärare	2	word	
laglösa	2	word	""lA:g$%l2:$sa
laglösas	2	word	""lA:g$%l2:$sas
laglöshet	2	word	""lA:g$l2:s$%he:t
laglöshetens	2	word	""lA:g$l2:s$%he:$tens
lagstadga	2	word	""lA:g$%stad$ga
lammgamen	2	word	
lamms	2	word	"lams
lampas	2	word	""lam$pas
lamptängerna	2	word	
landade	2	word	""land$da$de
landområde	2	word	""land$Om$%ro:$de
landsflyktig	2	word	""lands$%flYk$tIg
landskap	2	word	""land$%skA:p
landskapen	2	word	""land$%skA:$pen
landsortsstäderna	2	word	""lands$Ut`s`$%s`t`E:$de$n`a
landsteg	2	word	""land$%ste:g
landvägen	2	word	""land$%vE:$gen
larmar	2	word	""lar$mar
lastar	2	word	""la$star
lasten	2	word	"la$sten
lastgods	2	word	
lates	2	word	""lA:$tes
ledda	2	word	
lede	2	word	""le:$de
lediga	2	word	""le:$dI$ga
ledighet	2	word	""le:$dIg$%he:t
ledsagat	2	word	""le:d$%sA:$gat
lehabéerna	2	word	
leja	2	word	""lE$ja
lejoninnan	2	word	le$jO$""nI$nan
lejoninnor	2	word	le$jO$""nI$nUr
lekamlig	2	word	le$"kA:m$lIg
lekte	2	word	""le:k$te
lema	2	word	
len	2	word	"le:n
lerformar	2	word	
lerskärva	2	word	""le:r$%x\Er$va
levden	2	word	
levernet	2	word	""le:$ve$n`et
levitens	2	word	le$"vi:$tens
levitisk	2	word	le$"vi:$tIsk
levitstäderna	2	word	
levnadsdagar	2	word	""le:v$nats$%dA:$gar
levnadsålder	2	word	""le:v$nats$%Ol$der
libniternas	2	word	
lidandet	2	word	""li:$dan$det
lidet	2	word	""li:$det
liggen	2	word	
likar	2	word	""li:$kar
likbegängelse	2	word	""li:k$be$%jEN$el$se
liknelsen	2	word	""li:$knel$sen
liknelserna	2	word	""li:$knel$se$n`a
liksidigt	2	word	
likställda	2	word	""li:k$%stEl$da
liljorna	2	word	""lIl$jU$n`a
linda	2	word	""lIn$da
lindat	2	word	""lIn$dat
linet	2	word	"li:$net
linnebindlarna	2	word	
linneduken	2	word	""lI$ne$%d}:$ken
listigt	2	word	""lI$stIkt
livkämpe	2	word	
livskraften	2	word	""lIfs$%kraf$ten
livssaft	2	word	
ljudande	2	word	
ljugare	2	word	""j}:$ga$re
ljungeldsljus	2	word	
ljusen	2	word	"j}:$sen
ljuslätt	2	word	""j}:s$%lEt
ljusstakar	2	word	""j}:s$%stA:$kar
ljusstakens	2	word	""j}:s$%stA:$kens
ljuvare	2	word	""j}:$va$re
ljuvt	2	word	"j}:ft
ljög	2	word	"j2:g
lockade	2	word	""lO$ka$de
lockat	2	word	""lO$kat
lockelse	2	word	""lO$kel$se
lodade	2	word	""lu:$da$de
logarna	2	word	""lu:$ga$n`a
logen	2	word	"lo:$s`en
loppa	2	word	""lO$pa
lossat	2	word	""lO$sat
lovet	2	word	"lo:$vet
lovsjunger	2	word	""lo:v$%x\u0N$er
lovsjöngo	2	word	
ludéerna	2	word	
lugna	2	word	""lu0N$na
lugnade	2	word	""lu0N$na$de
lukta	2	word	""lu0k$ta
lummigt	2	word	""lu0$mIkt
lura	2	word	""l}:$ra
lurande	2	word	""l}:$ran$de
lustvandra	2	word	""lu0st$%van$dra
lutad	2	word	""l}:$tad
luttrade	2	word	""lu0$tra$de
lyckan	2	word	""lY$kan
lyckans	2	word	""lY$kans
lyckliga	2	word	""lY$klI$ga
lyckligare	2	word	""lY$klI$ga$re
lyckligt	2	word	""lY$klIkt
lyckosamt	2	word	""lY$kU$%samt
lydnaden	2	word	""ly:d$na$den
lyftes	2	word	""lYf$tes
lyftesten	2	word	
lyktor	2	word	""lYk$tUr
lyssnande	2	word	
lytta	2	word	""lY$ta
läckerbitar	2	word	""lE$ker$%bi:$tar
läckra	2	word	""lE$kra
lägerhyddorna	2	word	
läkarna	2	word	""lE:$ka$n`a
läkas	2	word	""lE:$kas
länden	2	word	"lEn$den
länt	2	word	
läpparnas	2	word	""lE$pa$n`as
läppjat	2	word	
lärarna	2	word	""lE:$ra$n`a
lärd	2	word	"lE:d`
lärjungars	2	word	""lE:r$%ju0N$as`
lärjungaskaran	2	word	
läromästare	2	word	""lE:$rU$%mE$sta$re
lärorikt	2	word	""lE:$rU$%ri:kt
läsas	2	word	""lE:$sas
läskar	2	word	""lE$skar
lästes	2	word	""lE:$stes
lättade	2	word	""lE$ta$de
lättfärdighet	2	word	""lEt$fE:$d`Ig$%he:t
lättja	2	word	""lEt$ja
lättjefulla	2	word	""lEt$je$%fu0$la
lättsinnig	2	word	""lEt$%sI$nIg
lågland	2	word	""lo:g$%land
lågt	2	word	"lo:kt
lånade	2	word	""lo:$na$de
långvariga	2	word	""lON$%vA:$rI$ga
låns	2	word	"lo:ns
låntagaren	2	word	""lo:n$%tA:$ga$ren
låppar	2	word	
låret	2	word	"lo:$ret
lås	2	word	"lo:s
låtsa	2	word	""lOt$sa
löftets	2	word	""l9f$tets
lögnaktighet	2	word	""l9Nn$ak$tIg$%he:t
löjet	2	word	""l9$jet
lönnligheter	2	word	
lönnligt	2	word	
löpare	2	word	""l2:$pa$re
löpte	2	word	""l2:p$te
lösaktig	2	word	""l2:s$%ak$tIg
lösesumman	2	word	""l2:$se$%su0$man
lösköpta	2	word	
lösmunt	2	word	
lösriven	2	word	""l2:s$%ri:$ven
lösta	2	word	
lövrika	2	word	""l2:v$%ri:$ka
maakatéerna	2	word	
mager	2	word	"mA:$ger
magern	2	word	"mA:$gen`
maheliternas	2	word	
make	2	word	""mA:$ke
makligt	2	word	""mA:$klIkt
maktlöses	2	word	""makt$%l2:$ses
mandelträd	2	word	""man$del$%trE:d
mandlar	2	word	""mand$lar
mansbilder	2	word	
manspillan	2	word	""man$%spI$lan
maoniterna	2	word	
marker	2	word	"mar$ker
marknad	2	word	""mar$knad
mast	2	word	"mast
matlag	2	word	""mA:t$%lA:g
matta	2	word	""ma$ta
medborgarrätt	2	word	""me:d$bOr$jar$%rEt
meddelas	2	word	""me:$%de:$las
mederna	2	word	"me:$de$n`a
medfångar	2	word	""me:d$%fON$ar
medfånge	2	word	""me:d$%fON$e
medför	2	word	""me:d$%f2:r
medföra	2	word	""me:d$%f2:$ra
medgiva	2	word	""me:d$%ji:$va
medhåll	2	word	""me:d$%hOl
mediska	2	word	"me:$dI$ska
medkämpe	2	word	""me:d$%s'Em$pe
medtävlerska	2	word	""me:d$%tE:v$le$s`ka
meholatiten	2	word	
mejsel	2	word	""mEj$sel
mellanrum	2	word	""mE$lan$%ru0m
menas	2	word	""me:$nas
menat	2	word	""mE$nat
menedare	2	word	""me:$%ne:$da$re
menlösa	2	word	""me:n$%l2:$sa
merariternas	2	word	
meraritiska	2	word	
meronotiten	2	word	
middagshettan	2	word	""mI$dA:gs$%hE$tan
midja	2	word	""mi:d$ja
midnatt	2	word	""mi:d$%nat
minderåriga	2	word	""mIn$der$%o:$rI$ga
minnesmärke	2	word	""mI$nes$%mEr$ke
minnesstod	2	word	
missbrukar	2	word	""mIs$%br}:$kar
missfall	2	word	""mIs$%fal
misshagligt	2	word	""mIs$%hA:$glIkt
misshandlingsmål	2	word	
misskunda	2	word	""mI$%sku0n$da
misslynt	2	word	""mI$%slYnt
misstanke	2	word	""mI$%staN$ke
misstankeoffret	2	word	
misströstade	2	word	""mI$%str9$sta$de
misstänkt	2	word	""mI$%stENkt
missunnsamhet	2	word	""mI$su0n$sam$%he:t
missunnsamme	2	word	""mI$su0n$%sa$me
missunnsammes	2	word	""mI$su0n$%sa$mes
mittelrör	2	word	
mjukt	2	word	"mj}:kt
moabit	2	word	
moabiternas	2	word	
moderliv	2	word	""mu:$de$%l`i:v
modig	2	word	""mu:$dIg
moget	2	word	""mu:$get
molnskyns	2	word	
morbroders	2	word	""mUr$%bru:$des`
mordlust	2	word	""mu:d`$%l`u0st
mordsvärd	2	word	
morfaders	2	word	""mUr$%fA:$des`
morgonskyn	2	word	
morgonvinden	2	word	
mortel	2	word	""mU$t`el
motsatt	2	word	""mu:t$%sat
mottaget	2	word	""mu:t$tA:$get
mottogen	2	word	
mulåsnan	2	word	""m}:l$%o:$snan
mummel	2	word	"mu0$mel
munförråd	2	word	
munnar	2	word	""mu0$nar
munsbit	2	word	""mu0ns$%bi:t
munskänkar	2	word	""mu0n$%x\EN$kar
murbyggnaden	2	word	
murket	2	word	""mu0r$ket
murtorn	2	word	
musiternas	2	word	
must	2	word	"mu0st
muta	2	word	""m}:$ta
myndiga	2	word	""mYn$dI$ga
mynt	2	word	"mYnt
mynta	2	word	""mYn$ta
mäktigaste	2	word	""mEk$tI$ga$ste
människobarns	2	word	""mE$nI$x\U$%bA:n`s`
människofiskare	2	word	
människohjärtan	2	word	""mE$nI$x\U$%jE$t`an
människotankar	2	word	
människoträck	2	word	
människovis	2	word	
människoälskande	2	word	
märgen	2	word	"mEr$jen
märkligt	2	word	""mEr$klIkt
mät	2	word	"mE:t
mäter	2	word	"mE:$ter
måfå	2	word	""mo:$%fo:
mågar	2	word	""mo:$gar
mållös	2	word	""mo:l$%l2:s
månadsrasande	2	word	
mångfald	2	word	""mON$%fald
mångfaldigt	2	word	""mON$%fal$dIkt
mångförfarne	2	word	
mångtusen	2	word	
månhet	2	word	""mo:n$%he:t
mödan	2	word	""m2:$dan
mödrars	2	word	""m2:$dras`
möjligen	2	word	""m9j$lI$gen
möjlighet	2	word	""m9j$lIg$%he:t
mönster	2	word	"m9n$ster
mönsterbilden	2	word	""m9n$ster$%bIl$den
mönsterbilder	2	word	""m9n$ster$%bIl$der
mönstrar	2	word	""m9n$strar
mönstringen	2	word	""m9n$strIN$en
mörda	2	word	""m2:$d`a
mördaren	2	word	""m2:$d`a$ren
mötas	2	word	""m2:$tas
möte	2	word	""m2:$te
nabatéerna	2	word	
naftuhéerna	2	word	
naglar	2	word	"nA:$glar
nasirat	2	word	
nasiren	2	word	na$"si:$ren
nasirer	2	word	na$"si:$rer
nattväkt	2	word	""nat$%vEkt
nedantill	2	word	""ne:$dan$%tIl
nedför	2	word	"ne:d$f2:r
nedgjord	2	word	""ne:d$%ju:d`
nedgång	2	word	""ne:d$%gON
nedhuggna	2	word	""ne:d$%hu0$gna
nedifrån	2	word	""ne:d$I$%fro:n
nedlades	2	word	
nedsänkta	2	word	
nedtrampad	2	word	""ne:d$%tram$pad
nedtrampade	2	word	""ne:d$%tram$pa$de
neka	2	word	""ne:$ka
neslig	2	word	""ne:$slIg
netofatiternas	2	word	
nikolaiternas	2	word	
nittiosex	2	word	nI$tI$U$"sEks
nittiotvå	2	word	nI$tI$U$"tvo:
nitälsken	2	word	
njugghet	2	word	""nju0g$%he:t
njutningar	2	word	""nj}:t$nIN$ar
njöt	2	word	"nj2:t
noggrant	2	word	""nu:$grant
nos	2	word	"nu:s
nosen	2	word	"nu:$sen
nybakat	2	word	""ny:$%bA:$kat
nyckel	2	word	""nY$kel
nykter	2	word	"nYk$ter
nymånaden	2	word	
nymånadsbrännoffret	2	word	
nyuppbyggda	2	word	
näpsta	2	word	
närmar	2	word	""nEr$mar
näsringar	2	word	
nästföljande	2	word	""nEst$%f9l$jan$de
nätverken	2	word	""nE:t$%vEr$ken
nävar	2	word	""nE:$var
nådastol	2	word	""no:$da$%stu:l
nåddes	2	word	""nO$des
nådegåvan	2	word	""no:$de$%go:$van
nådegåvor	2	word	""no:$de$%go:$vUr
nådelön	2	word	
nåder	2	word	"no:$der
nåderike	2	word	""no:$de$%ri:$ke
nådesord	2	word	
nödställda	2	word	""n2:d$%stEl$da
oansenligare	2	word	""u:$an$%se:n$lI$ga$re
obefläckad	2	word	""u:$be$%flE$kad
obegripligt	2	word	""u:$be$%gri:$plIkt
obehaglig	2	word	""u:$be$%hA:$glIg
obesmittat	2	word	""u:$be$%smI$tat
obestånd	2	word	""u:$be$%stOnd
obetänksam	2	word	""u:$be$tENk$%sam
obotlig	2	word	""u:$%bu:t$lIg
ockra	2	word	""O$kra
odugligt	2	word	""u:$%d}:$glIkt
odågas	2	word	""u:$%do:$gas
offerdjurs	2	word	""O$fer$%j}:s`
offerhöjdsprästerna	2	word	
offerkakor	2	word	
offerkött	2	word	
offrats	2	word	""O$frats
ofullgånget	2	word	""u:$fu0l$%gON$et
ofärdens	2	word	""u:$%fE:$d`ens
ofördröjligen	2	word	""u:$f9$%d`r9j$lI$gen
oförgänglig	2	word	""u:$f9r$%jEN$lIg
oförgängliga	2	word	""u:$f9r$%jEN$lI$ga
oförkränkt	2	word	
oförliknelig	2	word	""u:$f9r$%l`i:$kne$lIg
oförmärkt	2	word	""u:$f9r$%mErkt
oförrätt	2	word	""u:$f9r$%rEt
oförståndiges	2	word	
oförsynt	2	word	""u:$f9$%s`y:nt
oförtjänt	2	word	""u:$f9r$%s'E:nt
oförvitliga	2	word	""u:$f9r$%vi:t$lI$ga
ogärningen	2	word	""u:$%jE:$n`IN$en
ohelgad	2	word	
ohelgen	2	word	
ohyra	2	word	""u:$%hy:$ra
ohörsam	2	word	""u:$h2:$%s`am
oigenkännlig	2	word	""u:$I$jen$%s'En$lIg
ojämnt	2	word	""u:$%jEmnt
okrympt	2	word	
okunniga	2	word	""u:$%ku0$nI$ga
okända	2	word	""u:$%s'En$da
olidligt	2	word	""u:$%li:d$lIkt
olik	2	word	""u:$%li:k
olivträdets	2	word	U$""li:v$%trE:$dets
oljebrödskaka	2	word	
oljeflaska	2	word	
oljor	2	word	""Ol$jUr
olyckorna	2	word	""u:$%lY$kU$n`a
oläkliga	2	word	""u:$lE:$klI$ga
oländigt	2	word	""u:$%lEn$dIkt
olärda	2	word	""u:$%lE:$d`a
ombetrott	2	word	
omgives	2	word	
omgivet	2	word	""Om$%ji:$vet
omgjordar	2	word	
omgjorde	2	word	""Om$%ju:$d`e
omhuldar	2	word	""Om$%hu0l$dar
omhägnar	2	word	
omskurit	2	word	""Om$%sk}:$rIt
omskärelsens	2	word	""Om$%x\E:$rel$sens
omskäres	2	word	""Om$%x\E:$res
omsorgen	2	word	""Om$%sOr$jen
omtalad	2	word	""Om$%tA:$lad
omtyckt	2	word	""Om$%tYkt
omvägar	2	word	""Om$%vE:$gar
omvärva	2	word	""Om$%vEr$va
omvärvt	2	word	
omvårdnad	2	word	""Om$%vo:d`$n`ad
omätlig	2	word	""u:$%mE:t$lIg
omåttlig	2	word	""u:$%mOt$lIg
omåttliga	2	word	""u:$%mOt$lI$ga
omåttlighet	2	word	""u:$mOt$lIg$%he:t
onaturligt	2	word	""u:$na$%t}:r$l`Ikt
ondes	2	word	""Un$des
ondskefulla	2	word	""Und$ske$%fu0$la
ondskefullt	2	word	""Und$ske$%fu0lt
oordentlig	2	word	""u:$U$%d`Ent$lIg
ordalag	2	word	""u:$d`a$%lA:g
ordande	2	word	
ordflöde	2	word	""u:d`$%fl2:$de
ordvändningar	2	word	""u:d`$%vEnd$nIN$ar
orenaden	2	word	
orenhetens	2	word	""u:$re:n$%he:$tens
ormars	2	word	""Ur$mas`
oroas	2	word	""u:$%ru:$as
oroen	2	word	
orubblig	2	word	""u:$%r}:$blIg
oräknelig	2	word	""u:$%rE:$kne$lIg
orättfärdighets	2	word	""u:$rEt$fE:$d`Ig$%he:ts
orättfånget	2	word	
orättrådiga	2	word	
orättrådigt	2	word	
orörda	2	word	""u:$%r2:$d`a
osanning	2	word	""u:$%sa$nIN
oskickligt	2	word	""u:$%x\I$klIkt
oskuren	2	word	
oskurna	2	word	""u:$%sk}:$n`a
oskyldigas	2	word	
oskyldiges	2	word	""u:$%x\Yl$dI$ges
oskäligt	2	word	""u:$%x\E:$lIkt
oskärad	2	word	
ostadiga	2	word	""u:$%stA:$dI$ga
ostadigt	2	word	""u:$%stA:$dIkt
ostraffat	2	word	""u:$%stra$fat
ostraffliges	2	word	
ostrafflighetens	2	word	
osvikligt	2	word	""u:$%svi:$klIkt
osynliga	2	word	""u:$%sy:n$lI$ga
osynlige	2	word	""u:$%sy:n$lI$ge
osäkra	2	word	""u:$%sE:$kra
otacksamma	2	word	""u:$tak$%sa$ma
otillbörlig	2	word	""u:$tIl$%b2:$l`Ig
otrohets	2	word	""u:$tru:$%he:ts
otvagna	2	word	
ouppfostrades	2	word	""u:$u0p$%fU$stra$des
ouppsåtlig	2	word	
outgrundliga	2	word	""u:$}:t$%gru0nd$lI$ga
outsägliga	2	word	""u:$}:t$%sEj$lI$ga
ovanlig	2	word	""u:$%vA:n$lIg
overksamma	2	word	""u:$vErk$%sa$ma
ovis	2	word	""u:$%vi:s
ovissa	2	word	""u:$%vI$sa
ovädret	2	word	""u:$%vE:$dret
ovänligt	2	word	""u:$%vE:n$lIkt
oväns	2	word	""u:$%vEns
ovänskapen	2	word	
oväntat	2	word	""u:$%vEn$tat
ovärdig	2	word	""u:$%vE:$d`Ig
oändliga	2	word	u:$"End$lI$ga
oärligt	2	word	""u:$%E:$l`Ikt
palatsbyggnad	2	word	
palm	2	word	"palm
palmen	2	word	"pal$men
palmkvist	2	word	""palm$%kvIst
palmtopp	2	word	
panelade	2	word	pa$"ne:$la$de
pansarskjorta	2	word	
panta	2	word	""pan$ta
pantrar	2	word	""pan$trar
para	2	word	""pA:$ra
parade	2	word	""pA:$ra$de
paradiset	2	word	""pA:$ra$%di:$set
partiet	2	word	pa$"t`i:$et
partiska	2	word	"pA:$t`I$ska
partisöndring	2	word	
patroséerna	2	word	
pekfinger	2	word	""pe:k$%fIN$er
pelikanen	2	word	pe$lI$"kA:$nen
penna	2	word	""pE$na
penningars	2	word	""pE$nIN$as`
penningbegär	2	word	""pE$nIN$be$%jE:r
penningkära	2	word	""pE$nIN$%s'E:$ra
penningpungen	2	word	""pE$nIN$%pu0N$en
penningsumma	2	word	""pE$nIN$%su0$ma
personernas	2	word	pe$"s`u:$ne$n`as
pestens	2	word	"pE$stens
pinad	2	word	
pinbänken	2	word	
pingst	2	word	"pINst
pingstdagen	2	word	""pINst$%dA:$gen
pipa	2	word	""pi:$pa
pipors	2	word	""pi:$pUs`
piska	2	word	""pI$ska
piskar	2	word	""pI$skar
plikt	2	word	"plIkt
plockar	2	word	""plO$kar
plogland	2	word	
plugg	2	word	"plu0g
pluggen	2	word	"plu0$gen
plundras	2	word	""plu0n$dras
plågar	2	word	""plo:$gar
plågares	2	word	""plo:$ga$res
plåtar	2	word	""plo:$tar
plåten	2	word	"plo:$ten
plöjaren	2	word	""pl9$ja$ren
portarnas	2	word	""pU$t`a$n`as
portvaktaren	2	word	
praktvävnader	2	word	
predikad	2	word	pre$"di:$kad
predikare	2	word	pre$"di:$ka$re
prediken	2	word	
press	2	word	"prEs
pressade	2	word	""prE$sa$de
pressar	2	word	""prE$sar
pressas	2	word	""prE$sas
prick	2	word	"prIk
prise	2	word	
prisgivas	2	word	""pri:s$%ji:$vas
prisgivit	2	word	""pri:s$%ji:$vIt
prisgivna	2	word	""pri:s$%ji:v$na
profeterande	2	word	prU$fe$"te:$ran$de
profetian	2	word	prU$fet$""si:$an
profetias	2	word	prU$fet$""si:$as
profetord	2	word	
proselyt	2	word	prU$se$"ly:t
proselyter	2	word	prU$se$"ly:$ter
prydnaderna	2	word	""pry:d$na$de$n`a
präktigt	2	word	""prEk$tIkt
prästadömets	2	word	""prE$sta$%d9$mets
prästers	2	word	""prE$stes`
prästerskap	2	word	""prE$ste$%s`kA:p
prästkläderna	2	word	
prövningen	2	word	""pr2:v$nIN$en
psaltarspel	2	word	
publikanen	2	word	pu0$blI$"kA:$nen
publikaners	2	word	pu0$blI$"kA:$nes`
pungar	2	word	
purimsdagar	2	word	
purimsfesten	2	word	
purpurfärgad	2	word	""pu0r$pu0r$%fEr$jad
purpurfärgade	2	word	""pu0r$pu0r$%fEr$ja$de
purpurmantel	2	word	""pu0r$pu0r$%man$tel
pyramider	2	word	pY$ra$"mi:$der
pärla	2	word	""pE:$l`a
påbjöd	2	word	""po:$%bj2:d
påbördar	2	word	""po:$%b2:$d`ar
pådrivares	2	word	""po:$%dri:$va$res
påfåglar	2	word	""po:$%fo:$glar
påföljd	2	word	""po:$%f9ljd
pålagd	2	word	
pålarna	2	word	""po:$la$n`a
pålysen	2	word	
påminnas	2	word	""po:$%mI$nas
påskalamm	2	word	""pO$ska$%lam
påskoffret	2	word	
påträngande	2	word	""po:$%trEN$an$de
rafaéer	2	word	
rak	2	word	"rA:k
rakat	2	word	""rA:$kat
rannsakade	2	word	""ran$%sA:$ka$de
rannsakat	2	word	
rappat	2	word	""ra$pat
rasande	2	word	""rA:$san$de
rasat	2	word	""rA:$sat
raska	2	word	""ra$ska
rasslet	2	word	"ra$slet
rast	2	word	"rast
redbarhet	2	word	""re:d$bA:r$%he:t
reder	2	word	"re:$der
redliges	2	word	""re:d$lI$ges
redskapen	2	word	""re:d$%skA:$pen
regeringen	2	word	re$"je:$rIN$en
regnbågen	2	word	""rENn$%bo:$gen
regnets	2	word	"rEN$nets
regnpiparen	2	word	
regnskurarna	2	word	""rENn$%sk}:$ra$n`a
regntiden	2	word	""rENn$%ti:$den
renad	2	word	
reningsflöde	2	word	
rentav	2	word	"re:nt$A:v
resande	2	word	""re:$san$de
retat	2	word	""re:$tat
reten	2	word	
revben	2	word	""re:v$%be:n
ridit	2	word	""ri:$dIt
riglade	2	word	""ri:$gla$de
rikas	2	word	""ri:$kas
rikedomen	2	word	""ri:$ke$%dU$men
rikedoms	2	word	""ri:$ke$%dUms
rikta	2	word	""rIk$ta
riktad	2	word	""rIk$tad
riktat	2	word	""rIk$tat
riktiga	2	word	""rIk$tI$ga
ringaktade	2	word	""rIN$%ak$ta$de
ringlande	2	word	""rIN$land$de
ristat	2	word	""rI$stat
roddare	2	word	""rU$da$re
rodna	2	word	""ro:d$na
rofferi	2	word	rO$fe$"ri:
rotad	2	word	""ru:$tad
rotskott	2	word	""ru:t$%skOt
rovdjurs	2	word	""ru:v$%j}:s`
rovgiriga	2	word	""ru:v$%ji:$rI$ga
rubiner	2	word	r}:$"bi:$ner
rulla	2	word	""ru0$la
rundlarna	2	word	""ru0nd$la$n`a
runtom	2	word	
rusdrycken	2	word	""r}:s$%drY$ken
rustar	2	word	""ru0$star
rustat	2	word	""ru0$stat
rustningarna	2	word	""ru0st$nIN$a$n`a
rustningen	2	word	""ru0st$nIN$en
rutig	2	word	""r}:$tIg
ruvar	2	word	""r}:$var
ryggas	2	word	""rY$gas
ryka	2	word	""ry:$ka
ryktes	2	word	""rYk$tes
rymliga	2	word	""rYm$lI$ga
rymligt	2	word	""rYm$lIkt
rymmare	2	word	""rY$ma$re
rysning	2	word	""ry:$snIN
räddhågan	2	word	""rEd$%ho:$gan
räddningens	2	word	""rEd$nIN$ens
rämnar	2	word	""rEm$nar
ränkfull	2	word	""rENk$%fu0l
ränningen	2	word	""rE$nIN$en
rännorna	2	word	""rE$nU$n`a
rättar	2	word	""rE$tar
rättegång	2	word	""rE$te$%gON
rättfärdigad	2	word	""rEt$%fE:$d`I$gad
rättfärdiggör	2	word	""rEt$fE:$d`Ig$%j2:r
rättsinnighet	2	word	""rEt$sI$nIg$%he:t
rättsinnigt	2	word	""rEt$%sI$nIkt
rättsstadga	2	word	
rådgiverska	2	word	
rådklok	2	word	
rådligt	2	word	""ro:d$lIkt
rådlös	2	word	""ro:d$%l2:s
rådsförsamling	2	word	""ro:ds$f9$%s`am$lIN
rådsherre	2	word	""ro:ds$%hE$re
rådslogo	2	word	
rö	2	word	"r2:
röj	2	word	"r9j
röjde	2	word	""r9j$de
röka	2	word	""r2:$ka
rökelsemolnet	2	word	
rökmoln	2	word	""r2:k$%mo:ln
rönt	2	word	"r2:nt
rördes	2	word	""r2:$d`es
röret	2	word	"r2:$ret
rörstaven	2	word	
rövaren	2	word	""r2:$va$ren
rövarskaran	2	word	
rövarskaror	2	word	
saalboniten	2	word	
sabaktani	2	word	
sabéerna	2	word	
safirsten	2	word	
sakerna	2	word	"sA:$ke$n`a
saknade	2	word	""sA:$kna$de
saknades	2	word	""sA:$kna$des
salal	2	word	
salarna	2	word	""sA:$la$n`a
salige	2	word	""sA:$lI$ge
saligt	2	word	""sA:$lIkt
saltad	2	word	
saltförbund	2	word	
salthed	2	word	
salvoberedarens	2	word	
sammanblandningen	2	word	""sa$man$%bland$nIN$en
sammandrag	2	word	""sa$man$%drA:g
sammanfatta	2	word	""sa$man$%fa$ta
sammanhängande	2	word	""sa$man$%hEN$an$de
sammanhålla	2	word	""sa$man$%hO$la
sammanhållning	2	word	""sa$man$%hOl$nIN
sammankallas	2	word	""sa$man$%ka$las
sammanräknad	2	word	""sa$man$%rE:$knad
sammanräknat	2	word	
sammanskott	2	word	
sammansvärjningen	2	word	""sa$man$%svErj$nIN$en
samtalet	2	word	""sam$%tA:$let
samtycka	2	word	""sam$%tY$ka
sann	2	word	"san
sanningsord	2	word	""sa$nINs$%u:d`
sannskyldige	2	word	""san$%x\Yl$dI$ge
sans	2	word	"sans
save	2	word	
schakalerna	2	word	x\a$"kA:$le$n`a
sebuloniten	2	word	
segerlönen	2	word	
segerpil	2	word	
segerrop	2	word	""se:$ger$%ru:p
seglat	2	word	""se:$glat
semaréerna	2	word	
sensträngar	2	word	""se:n$%strEN$ar
seraiterna	2	word	
sextioett	2	word	sek$stI$U$"Et
sextiofyra	2	word	sek$stI$U$""fy:$ra
sextioåtta	2	word	sek$stI$U$""O$ta
siden	2	word	""si:$den
sidokamrarnas	2	word	
sidoporten	2	word	
sidostyckena	2	word	
sifiterna	2	word	
sigillen	2	word	sI$"jI$len
signade	2	word	""sIN$na$de
signetsten	2	word	
silversiklar	2	word	
silversiklarna	2	word	
silverskålar	2	word	""sIl$ve$%s`ko:$lar
simeoniterna	2	word	
simeoniternas	2	word	
simma	2	word	""sI$ma
sinat	2	word	""si:$nat
sinnesart	2	word	""sI$nes$%A:t`
sinéerna	2	word	
sitsen	2	word	"sIt$sen
sjuder	2	word	"x\}:$der
sjuttiosex	2	word	x\u0$tI$U$"sEks
själviska	2	word	"x\El$vI$ska
självsvåld	2	word	""x\Elvs$%vOld
självvuxen	2	word	
sjökunnigt	2	word	""x\2:$%ku0$nIkt
sjömännen	2	word	""x\2:$%mE$nen
sjönagel	2	word	
sjöresa	2	word	""x\2:$%re:$sa
skadat	2	word	""skA:$dat
skadligt	2	word	""skA:d$lIkt
skaft	2	word	"skaft
skalat	2	word	""skA:$lat
skallig	2	word	""ska$lIg
skamfläckar	2	word	""skam$%flE$kar
skarpsinnig	2	word	""skarp$%sI$nIg
skattskriva	2	word	""skat$%skri:$va
skattskrivningen	2	word	""skat$%skri:v$nIN$en
skattskyldiga	2	word	""skat$%x\Yl$dI$ga
skepnader	2	word	""x\e:p$na$der
skepparen	2	word	""x\E$pa$ren
skickar	2	word	""x\I$kar
skickligt	2	word	""x\I$klIkt
skiftade	2	word	""x\If$ta$de
skildring	2	word	""x\Il$drIN
skillnaden	2	word	""x\Il$na$den
skjut	2	word	"x\}:t
skockade	2	word	""skO$ka$de
skogbevuxen	2	word	""sku:g$be$%vu0k$sen
skonas	2	word	""sku:$nas
skoningslös	2	word	""sku:$nINs$%l2:s
skorna	2	word	"sku:$n`a
skorv	2	word	"skOrv
skorvsjuke	2	word	
skrapa	2	word	""skrA:$pa
skrapar	2	word	""skrA:$par
skrapat	2	word	""skrA:$pat
skriftlig	2	word	""skrIft$lIg
skriftlärda	2	word	""skrIft$%lE:$d`a
skrin	2	word	"skri:n
skrinet	2	word	"skri:$net
skrivaren	2	word	""skri:$va$ren
skrivtyget	2	word	
skrudar	2	word	
skrymtan	2	word	
skryt	2	word	"skry:t
skryter	2	word	"skry:$ter
skrämmer	2	word	"skrE$mer
skuggor	2	word	""sku0$gUr
skuldebrev	2	word	""sku0l$de$%bre:v
skuldoffersblodet	2	word	
skuldofferslammet	2	word	
skuldoffersväduren	2	word	
skuldoffrets	2	word	
skulla	2	word	
skum	2	word	"sku0m
skuret	2	word	""sk}:$ret
skvaller	2	word	"skva$ler
skyddad	2	word	
skyddat	2	word	""x\Y$dat
skymfade	2	word	""x\Ym$fa$de
skymfar	2	word	""x\Ym$far
skymt	2	word	"x\Ymt
skymta	2	word	""x\Ym$ta
skymtar	2	word	""x\Ym$tar
skynden	2	word	
skyndsamhet	2	word	""x\Ynd$sam$%he:t
skälver	2	word	""x\El$ver
skämmes	2	word	""x\E$mes
skämta	2	word	""x\Em$ta
skändas	2	word	""x\En$das
skändat	2	word	""x\En$dat
skändligheten	2	word	""x\End$lIg$%he:$ten
skärpet	2	word	"x\Er$pet
skärva	2	word	""x\Er$va
skärven	2	word	"x\Er$ven
skärvor	2	word	""x\Er$vUr
skådaden	2	word	
skådebanan	2	word	""sko:$de$%bA:$nan
skålpund	2	word	""sko:l$%pu0nd
skökas	2	word	""x\2:$kas
skökohuset	2	word	
sköldarna	2	word	""x\9l$da$n`a
sköljas	2	word	""x\9l$jas
sköljde	2	word	""x\9lj$de
sköljer	2	word	"x\9l$jer
skönja	2	word	""x\9$nja
skördat	2	word	""x\2:$d`at
skördeskriet	2	word	
sköter	2	word	"x\2:$ter
sköterska	2	word	""x\2:$te$s`ka
skötet	2	word	""x\2:$tet
skötte	2	word	""x\9$te
skövla	2	word	""x\9v$la
skövlade	2	word	""x\9v$la$de
skövlat	2	word	""x\9v$lat
slagget	2	word	"sla$get
slagne	2	word	
slaktad	2	word	
slaktaden	2	word	
slaktande	2	word	""slak$tan$de
slaktfår	2	word	
slaktfåren	2	word	
slaktoffren	2	word	""slakt$%O$fren
slappa	2	word	""sla$pa
slickade	2	word	""slI$ka$de
slikt	2	word	"sli:kt
slitas	2	word	""sli:$tas
sliten	2	word	""sli:$ten
slites	2	word	""sli:$tes
slukat	2	word	""sl}:$kat
slumrar	2	word	""slu0m$rar
slumrat	2	word	""slu0m$rat
slungarna	2	word	""slu0N$a$n`a
sluppit	2	word	""slu0$pIt
slutliga	2	word	""sl}:t$lI$ga
slutsumma	2	word	""sl}:t$%su0$ma
sluttningen	2	word	""slu0t$nIN$en
släckas	2	word	""slE$kas
släktegendom	2	word	
släkterna	2	word	""slEk$te$n`a
släkters	2	word	""slEk$tes`
släktes	2	word	""slEk$tes
släktledningshistorier	2	word	
släkttavla	2	word	""slEkt$%tA:v$la
släpa	2	word	""slE:$pa
släpar	2	word	""slE:$par
släpet	2	word	"slE:$pet
släpp	2	word	"slEp
släppe	2	word	
slöjdskicklighet	2	word	
slösat	2	word	""sl2:$sat
smaken	2	word	"smA:$ken
smed	2	word	"sme:d
smeder	2	word	""sme:$der
smekte	2	word	""sme:k$te
smide	2	word	""smi:$de
smink	2	word	"smINk
smyckar	2	word	""smY$kar
smädare	2	word	""smE:$da$re
smädarens	2	word	""smE:$da$rens
smädares	2	word	""smE:$da$res
smädliga	2	word	""smE:d$lI$ga
smäleken	2	word	""smE:$%le:$ken
smältes	2	word	""smEl$tes
småfiskar	2	word	""smo:$%fI$skar
smått	2	word	"smOt
smög	2	word	"sm2:g
smögo	2	word	
snabb	2	word	"snab
snabbaste	2	word	""sna$ba$ste
snavade	2	word	""snA:$va$de
snikenhet	2	word	""sni:$ken$%he:t
snoddernas	2	word	""snU$de$n`as
snärjd	2	word	
snärjda	2	word	""snErj$da
snärjer	2	word	"snEr$jer
snåren	2	word	"sno:$ren
snövädersdag	2	word	
solhettan	2	word	""su:l$%hE$tan
solljus	2	word	""su:l$%j}:s
solvisare	2	word	""su:l$%vi:$sa$re
sommargräset	2	word	
somnat	2	word	""sOm$nat
sopar	2	word	""su:$par
sorgedagar	2	word	""sOr$je$%dA:$gar
sorgefesten	2	word	
sorgens	2	word	"sOr$jens
sorgetider	2	word	""sOr$je$%ti:$der
sorn	2	word	
sovgemak	2	word	""so:v$je$%mA:k
sovgemaket	2	word	""so:v$je$%mA:$ket
spana	2	word	""spA:$na
sparad	2	word	
sparat	2	word	""spA:$rat
sparsamt	2	word	""spA:$%s`amt
sparven	2	word	"spar$ven
speglar	2	word	""spe:$glar
spejar	2	word	""spE$jar
spelat	2	word	""spe:$lat
spenabarns	2	word	""spe:$na$%bA:n`s`
spets	2	word	"spEts
spetälskes	2	word	""spe:$%tEl$skes
spetälskeskorv	2	word	
spillsäd	2	word	
spillsäden	2	word	
spindelnät	2	word	""spIn$del$%nE:t
spirans	2	word	""spi:$rans
spiror	2	word	""spi:$rUr
spjuten	2	word	"spj}:$ten
spjärnade	2	word	""spjE:$n`a$de
spordes	2	word	
spotten	2	word	"spO$ten
spratt	2	word	"sprat
spricka	2	word	""sprI$ka
spridda	2	word	""sprI$da
spräcklig	2	word	""sprE$klIg
sprängas	2	word	""sprEN$as
språng	2	word	"sprON
spunno	2	word	
spält	2	word	
spänd	2	word	"spEnd
spänt	2	word	"spEnt
spärrat	2	word	""spE$rat
spärren	2	word	"spE$ren
spånad	2	word	""spo:$nad
spårade	2	word	""spo:$ra$de
spöksyner	2	word	""sp2:k$%sy:$ner
spön	2	word	"sp2:n
stadfäste	2	word	
stadfästelse	2	word	""stA:d$%fE$stel$se
stadgarna	2	word	""stad$ga$n`a
stadiers	2	word	"stA:$dI$es`
stadsbefolkningen	2	word	""stats$be$%fOl$knIN$en
stadsmurarna	2	word	""stats$%m}:$ra$n`a
stakte	2	word	
stallbroder	2	word	""stal$%bru:$der
stallet	2	word	"sta$let
stamfamiljer	2	word	
stamfränders	2	word	""stam$%frEn$des`
stamfäder	2	word	""stam$%fE:$der
stamlotts	2	word	
stamma	2	word	""sta$ma
stammande	2	word	""sta$man$de
stammars	2	word	""sta$mas`
stampa	2	word	""stam$pa
stapplande	2	word	""sta$pland$de
starkaste	2	word	""star$ka$ste
starkhets	2	word	""stark$%he:ts
starrblinda	2	word	
stege	2	word	""ste:$ge
stegen	2	word	"ste:$gen
steka	2	word	""ste:$ka
stekte	2	word	""ste:k$te
stengolv	2	word	""ste:N$%gOlv
stenhjärtat	2	word	""ste:n$%jE$t`at
stenknivar	2	word	
stenkretsarna	2	word	
stenmur	2	word	""ste:n$%m}:r
stensnidarkonst	2	word	
stickas	2	word	""stI$kas
stiftelse	2	word	""stIf$tel$se
stige	2	word	
stillade	2	word	""stI$la$de
stillades	2	word	""stI$la$des
stillas	2	word	""stI$las
stim	2	word	"stIm
stingande	2	word	
stinkande	2	word	""stIN$kan$de
stjärtar	2	word	""x\E$t`ar
stoppa	2	word	""stO$pa
stores	2	word	""stu:$res
storhets	2	word	""stu:r$%he:ts
storlek	2	word	""stu:$%l`e:k
stormades	2	word	""stOr$ma$des
stormodigt	2	word	
stormännen	2	word	""stu:r$%mE$nen
stortår	2	word	""stu:$%t`o:r
storverk	2	word	""stu:r$%vErk
straffad	2	word	
straffbar	2	word	""straf$%bA:r
straffdomarna	2	word	""straf$%dU$ma$n`a
strids	2	word	"stri:ds
stridshammare	2	word	
stridsordning	2	word	
stridsrustad	2	word	
stridsvagnarna	2	word	""strIts$%vaN$na$n`a
strimmig	2	word	""strI$mIg
stryker	2	word	"stry:$ker
sträck	2	word	"strEk
sträckan	2	word	""strE$kan
sträckt	2	word	"strEkt
strängare	2	word	""strEN$a$re
sträva	2	word	""strE:$va
strävan	2	word	""strE:$van
strävar	2	word	""strE:$var
strået	2	word	"stro:$et
stråle	2	word	""stro:$le
strömmens	2	word	"str9$mens
strövskara	2	word	
strövskaran	2	word	
stucko	2	word	
stulna	2	word	""st}:l$na
stundar	2	word	""stu0n$dar
stunds	2	word	"stu0nds
stungen	2	word	""stu0N$en
stupar	2	word	""st}:$par
styckas	2	word	""stY$kas
styggelsen	2	word	""stY$gel$sen
styng	2	word	"stYN
styrelse	2	word	""sty:$rel$se
styresmännen	2	word	""sty:$res$%mE$nen
styrken	2	word	
styrker	2	word	"stYr$ker
styrkes	2	word	""stYr$kes
styrkta	2	word	
styrmannen	2	word	"sty:r$ma$nen
styvsint	2	word	""sty:v$%sInt
städers	2	word	"stE:$des`
stämmen	2	word	
stämplade	2	word	""stEm$pla$de
stängdes	2	word	""stEN$des
stängen	2	word	""stEN$en
stängsel	2	word	"stEN$sel
stänkelsevattnet	2	word	
stånga	2	word	""stON$a
stångas	2	word	""stON$as
stången	2	word	"stON$en
ståthållarkosten	2	word	
ståtligt	2	word	""sto:t$lIkt
stödd	2	word	
stödje	2	word	""st2:d$je
stödjen	2	word	
störa	2	word	""st2:$ra
störstes	2	word	""st9$s`t`es
störtflod	2	word	""st9t`$%flu:d
stötestenar	2	word	""st2:$te$%ste:$nar
suckande	2	word	""su0$kan$de
suckans	2	word	
surt	2	word	"s}:t`
susning	2	word	""s}:$snIN
svagas	2	word	""svA:$gas
svage	2	word	""svA:$ge
svaghets	2	word	""svA:g$%he:ts
svalg	2	word	"svalj
svallkött	2	word	""sval$%s'9t
svansar	2	word	""svan$sar
svansarna	2	word	""svan$sa$n`a
svekfullt	2	word	""sve:k$%fu0lt
svida	2	word	""svi:$da
sviket	2	word	""svi:$ket
svinet	2	word	"svi:$net
svinkött	2	word	
svullnade	2	word	""svu0l$na$de
sväljt	2	word	
svälta	2	word	""svEl$ta
svärföräldrar	2	word	""svE:r$f9r$%El$drar
svåger	2	word	"svo:$ger
svårtillgänglig	2	word	""svo:$t`Il$%jEN$lIg
sydland	2	word	
sydost	2	word	
sydsidan	2	word	""sy:d$%si:$dan
syl	2	word	"sy:l
synagogföreståndare	2	word	
synderska	2	word	""sYn$de$s`ka
syndoffersbocken	2	word	
syndofferstjurens	2	word	
synnerliga	2	word	""sY$ne$l`I$ga
syra	2	word	""sy:$ra
syrar	2	word	""sy:$rar
syrligt	2	word	""sy:$l`Ikt
syskonbarn	2	word	""sY$skOn$%bA:n`
sysselsätter	2	word	""sY$sel$%sE$ter
sysslolösa	2	word	""sY$slU$%l2:$sa
systern	2	word	""sY$sten`
systerson	2	word	""sY$ste$%s`o:n
säcktyget	2	word	
sädesskylar	2	word	""sE:$des$%x\y:$lar
säds	2	word	"sE:ds
sällhet	2	word	""sEl$%he:t
sändebuds	2	word	""sEn$de$%b}:ds
sänk	2	word	"sENk
sänker	2	word	"sEN$ker
sänkt	2	word	"sENkt
säten	2	word	""sE:$ten
sågar	2	word	""so:$gar
sågs	2	word	"so:gs
sålden	2	word	
såldes	2	word	""sOl$des
sålla	2	word	""sO$la
sångers	2	word	""sON$es`
sångs	2	word	"sONs
såpa	2	word	""so:$pa
sårat	2	word	""so:$rat
sårmärken	2	word	
södern	2	word	"s2:$den`
söke	2	word	
sönderbryta	2	word	""s9n$der$%bry:$ta
sönderkrossad	2	word	""s9n$der$%krO$sad
sönderkrossade	2	word	""s9n$der$%krO$sa$de
söndersliter	2	word	""s9n$de$%s`l`i:$ter
söndersmulat	2	word	
sönderspruckna	2	word	
sönderstötta	2	word	
söndertröska	2	word	
ta	2	word	"tA:
tabernakelrummet	2	word	
tackoffersdjuret	2	word	
tackoffersköttet	2	word	
tackoffrets	2	word	""tak$%O$frets
tacksamma	2	word	""tak$%sa$ma
tahemasfågeln	2	word	
takdropp	2	word	""tA:k$%drOp
talats	2	word	""tA:$lats
tals	2	word	"tA:ls
tamarisken	2	word	ta$ma$"rI$sken
tanklöshet	2	word	""taNk$l2:s$%he:t
tappa	2	word	""ta$pa
tappat	2	word	""ta$pat
tappre	2	word	""ta$pre
tassla	2	word	""ta$sla
teckentydare	2	word	""tE$ken$%ty:$da$re
teckentydning	2	word	""tE$ken$%ty:d$nIN
tecknad	2	word	
tekoaiterna	2	word	
telningarna	2	word	""te:l$nIN$a$n`a
temanéernas	2	word	
tempelhuset	2	word	
tempelreningen	2	word	
tempelrån	2	word	
tempelskatten	2	word	
tempeltjänst	2	word	""tEm$pel$%s'Enst
tempeltjänsten	2	word	""tEm$pel$%s'En$sten
tempelvakten	2	word	
tempelvaktens	2	word	
tessalonikernas	2	word	
testamente	2	word	te$sta$"mEn$te
tidigaste	2	word	""ti:$dI$ga$ste
tidsålderns	2	word	""ti:ds$%Ol$den`s`
tidsåldrarna	2	word	""ti:ds$%Ol$dra$n`a
tigen	2	word	""ti:$gen
tillbragte	2	word	""tIl$%brak$te
tilldela	2	word	""tIl$%de:$la
tilldelade	2	word	""tIl$%de:$la$de
tilldragelser	2	word	""tIl$%drA:$gel$ser
tilldragit	2	word	""tIl$%drA:$gIt
tillflyktsort	2	word	""tIl$flYkts$%Ut`
tillfogar	2	word	""tIl$%fu:$gar
tillfrågade	2	word	""tIl$%fro:$ga$de
tillgångar	2	word	""tIl$%gON$ar
tillintetgjorde	2	word	tIl$""In$tet$%ju:$d`e
tillkomma	2	word	""tIl$%kO$ma
tillkomme	2	word	
tillkommelses	2	word	
tillmätte	2	word	""tIl$%mE$te
tillreddes	2	word	
tillredelsedagen	2	word	
tillredes	2	word	""tIl$%re:$des
tillräknad	2	word	""tIl$%rE:$knad
tillrättavisade	2	word	tIl$""rE$ta$%vi:$sa$de
tillskiftad	2	word	
tillskiftar	2	word	
tillskynda	2	word	""tIl$%x\Yn$da
tillskyndar	2	word	""tIl$%x\Yn$dar
tillslut	2	word	
tillslutna	2	word	
tillslöto	2	word	
tillspillogiven	2	word	tIl$""spI$lU$%ji:$ven
tillstädjas	2	word	
tillstädjen	2	word	
tillstå	2	word	""tIl$%sto:
tillstått	2	word	
tillsäger	2	word	
tillsättes	2	word	
tillsåg	2	word	
tillvaro	2	word	""tIl$%vA:$rU
tillverkar	2	word	""tIl$%vEr$kar
tillverkning	2	word	""tIl$%vEr$knIN
tillvälla	2	word	""tIl$%vE$la
tillväxt	2	word	""tIl$%vEkst
tillägna	2	word	""tIl$%EN$na
timmar	2	word	""tI$mar
timmermannen	2	word	""tI$mer$%ma$nen
timra	2	word	""tIm$ra
tingens	2	word	"tIN$ens
tinning	2	word	""tI$nIN
tinningen	2	word	""tI$nIN$en
tinsemetfågeln	2	word	
tiosträngad	2	word	
tjockare	2	word	""s'O$ka$re
tjocklek	2	word	""s'O$%kle:k
tjugusex	2	word	s'}:$gU$"sEks
tjurarnas	2	word	""s'}:$ra$n`as
tjurars	2	word	""s'}:$ras`
tjuvars	2	word	""s'}:$vas`
tjäll	2	word	"s'El
tjäne	2	word	
tjänligt	2	word	""s'E:n$lIkt
tjänsteflicka	2	word	""s'En$ste$%flI$ka
tjänstemannen	2	word	""s'En$ste$%ma$nen
tjänstemän	2	word	""s'En$ste$%mEn
tofsar	2	word	""tOf$sar
toner	2	word	""tu:$ner
tordönets	2	word	""tu:$%d`2:$nets
torkans	2	word	""tOr$kans
torkplats	2	word	
trakta	2	word	""trak$ta
traktar	2	word	""trak$tar
trakterna	2	word	""trak$te$n`a
trampad	2	word	""tram$pad
trappgång	2	word	
trapphus	2	word	""trap$%h}:s
trapporna	2	word	""tra$pU$n`a
travare	2	word	""trA:$va$re
travarna	2	word	""trA:$va$n`a
tretal	2	word	""tre:$%tA:l
trettioandra	2	word	
trettioett	2	word	tre$tI$U$"Et
trettionde	2	word	""trE$tI$On$de
trettiotal	2	word	""trE$tI$U$%tA:l
trettioåttonde	2	word	
triumf	2	word	trI$"u0mf
troheten	2	word	""tru:$%he:$ten
trolöses	2	word	""tru:$%l2:$ses
trolöshetens	2	word	""tru:$l2:s$%he:$tens
trotsig	2	word	""trOt$sIg
trovärdig	2	word	""tru:$%vE:$d`Ig
trovärdiga	2	word	""tru:$%vE:$d`I$ga
trumpetklang	2	word	
trycka	2	word	""trY$ka
tryggade	2	word	""trY$ga$de
tryggt	2	word	"trYkt
tryta	2	word	""try:$ta
trädfrukt	2	word	
träffen	2	word	"trE$fen
trälarbete	2	word	
trälarbetet	2	word	
träldomen	2	word	""trE:l$%dU$men
träldomens	2	word	""trE:l$%dU$mens
trälinnas	2	word	trE$""lI$nas
trältjänst	2	word	
trängd	2	word	
trängta	2	word	""trEN$ta
trästav	2	word	""trE:$%stA:v
trästycket	2	word	""trE:$%stY$ket
trätan	2	word	""trE:$tan
trätlystnad	2	word	""trE:t$%lYst$nad
trådar	2	word	""tro:$dar
trånar	2	word	""tro:$nar
trångt	2	word	"trONt
tröskat	2	word	
tröskvagnarna	2	word	
trösten	2	word	"tr9$sten
tuktas	2	word	""tu0k$tas
tuktig	2	word	""tu0k$tIg
tuktlös	2	word	
tummar	2	word	""tu0$mar
turturduva	2	word	""tu0$t`u0$%d`}:$va
turturduvan	2	word	""tu0$t`u0$%d`}:$van
tusende	2	word	
tusenfalt	2	word	""t}:$sen$%falt
tusens	2	word	
tvagningskärl	2	word	
tveka	2	word	""tve:$ka
tvinar	2	word	""tvi:$nar
tvingades	2	word	""tvIN$a$des
tvisten	2	word	"tvI$sten
tvivel	2	word	"tvi:$vel
tvivla	2	word	""tvi:v$la
tvivlande	2	word	""tvi:v$land$de
tvivlar	2	word	""tvi:v$lar
tvärstången	2	word	
tvärtemot	2	word	
tvån	2	word	
tvångsarbeten	2	word	""tvONs$ar$%be:$ten
tycka	2	word	""tY$ka
tyckas	2	word	""tY$kas
tycke	2	word	""tY$ke
tydlig	2	word	""ty:d$lIg
tyger	2	word	""ty:$ger
tyghus	2	word	
tygla	2	word	""ty:$gla
tyglar	2	word	""ty:$glar
tynga	2	word	""tYN$a
tyranner	2	word	tY$"ra$ner
tyrisk	2	word	
täck	2	word	"tEk
täckelsets	2	word	
täckta	2	word	
tältplugg	2	word	
tältpluggar	2	word	
tältpluggen	2	word	
tältstreck	2	word	
tänkespråkens	2	word	""tEN$ke$%spro:$kens
täres	2	word	""tE:$res
tärnan	2	word	""tE:$n`an
tärnorna	2	word	""tE:$n`U$n`a
täta	2	word	""tE:$ta
tålmodigt	2	word	""to:l$%mu:$dIkt
tår	2	word	"to:r
tårna	2	word	"to:$n`a
tömd	2	word	
töras	2	word	""t2:$ras
törnhäck	2	word	
törntagg	2	word	""t2:n`$%t`ag
törs	2	word	"t9s`
törsten	2	word	"t9$s`t`en
törstiga	2	word	""t9$s`t`I$ga
uddar	2	word	""u0$dar
udden	2	word	""u0$den
ugglan	2	word	""u0$glan
ulven	2	word	"u0l$ven
umgicks	2	word	""u0$%mjIks
umgängelsen	2	word	
undangömd	2	word	""u0n$dan$%j9md
undangömda	2	word	""u0n$dan$%j9m$da
undangömt	2	word	""u0n$dan$%j9mt
undanhåll	2	word	""u0n$dan$%hOl
undanhöll	2	word	""u0n$dan$%h9l
undanträngd	2	word	""u0n$dan$%trENd
underfulla	2	word	""u0n$der$%fu0$la
undergärningar	2	word	
underhöll	2	word	""u0n$der$%h9l
underjorden	2	word	""u0n$der$%ju:$d`en
underlag	2	word	""u0n$de$%l`A:g
underliga	2	word	""u0n$de$l`I$ga
underlåten	2	word	""u0n$de$%l`o:$ten
underrättelser	2	word	""u0n$de$%rE$tel$ser
undersökt	2	word	""u0n$de$%s`2:kt
undertecken	2	word	
undfingen	2	word	
undfingo	2	word	
undflyr	2	word	""u0nd$%fly:r
undfån	2	word	
undgick	2	word	""u0nd$%jIk
undgår	2	word	""u0nd$%go:r
undkom	2	word	""u0nd$%kOm
undkommer	2	word	""u0nd$%kO$mer
undra	2	word	""u0n$dra
undslipper	2	word	""u0nd$%slI$per
undsluppna	2	word	""u0nd$%slu0p$na
undsätta	2	word	""u0nd$%sE$ta
undvik	2	word	""u0nd$%vi:k
ungas	2	word	""u0N$as
ungdomstid	2	word	""u0N$dUms$%ti:d
ungtjuren	2	word	""u0N$%s'}:$ren
uppbjuda	2	word	""u0p$%bj}:$da
uppbragt	2	word	""u0p$%brakt
uppburo	2	word	
uppbyggas	2	word	""u0p$%bY$gas
uppbyggen	2	word	
uppbådade	2	word	""u0p$%bo:$da$de
uppdraget	2	word	""u0p$%drA:$get
uppdrog	2	word	""u0p$%dru:g
uppenbarats	2	word	""u0$pen$%bA:$rats
uppenbarligen	2	word	""u0$pen$%bA:$l`I$gen
uppfartsvägen	2	word	""u0p$fA:t`s`$%vE:$gen
uppflammar	2	word	""u0p$%fla$mar
uppfostra	2	word	""u0p$%fU$stra
uppfostrat	2	word	""u0p$%fU$strat
uppfrätt	2	word	""u0p$%frEt
uppfylle	2	word	
uppfödd	2	word	
uppföras	2	word	""u0p$%f2:$ras
uppfördes	2	word	""u0p$%f2:$d`es
uppgiven	2	word	""u0p$%ji:$ven
uppgiver	2	word	""u0p$%ji:$ver
uppgivna	2	word	""u0p$%ji:v$na
upphetsning	2	word	""u0p$%hEt$snIN
upphjälpa	2	word	
upphovsman	2	word	""u0p$hu:vs$%man
upphängde	2	word	
upphävas	2	word	""u0p$%hE:$vas
upphäven	2	word	
upphöjas	2	word	""u0p$%h9$jas
upphören	2	word	
uppkallats	2	word	""u0p$%ka$lats
uppkastade	2	word	""u0p$%ka$sta$de
uppkomna	2	word	""u0p$%kOm$na
uppköpare	2	word	""u0p$%s'2:$pa$re
upplagda	2	word	""u0p$%lag$da
upplagt	2	word	""u0p$%lakt
upplevat	2	word	""u0p$%le:$vat
uppliva	2	word	""u0p$%li:$va
upplåt	2	word	""u0p$%lo:t
upplåten	2	word	""u0p$%lo:$ten
upplåtna	2	word	""u0p$%lo:t$na
upplösas	2	word	""u0p$%l2:$sas
upplöser	2	word	""u0p$%l2:$ser
upplöst	2	word	""u0p$%l2:st
uppmanat	2	word	""u0p$%mA:$nat
uppmaning	2	word	""u0p$%mA:$nIN
uppnådde	2	word	""u0p$%nO$de
upprepade	2	word	""u0p$%re:$pa$de
upprest	2	word	""u0p$%re:st
uppriktig	2	word	""u0p$%rIk$tIg
upprivas	2	word	""u0p$%ri:$vas
upproriskt	2	word	""u0p$%ru:$rIskt
upprorslarm	2	word	
uppsatta	2	word	""u0p$%sa$ta
uppskatta	2	word	""u0p$%ska$ta
uppstego	2	word	
uppstiger	2	word	""u0p$%sti:$ger
uppstode	2	word	
uppstudsig	2	word	""u0p$%stu0t$sIg
uppställt	2	word	""u0p$%stElt
uppsyningsmännen	2	word	""u0p$sy:$nINs$%mE$nen
uppsyningsrnan	2	word	
uppsända	2	word	""u0p$%sEn$da
uppsänder	2	word	""u0p$%sEn$der
uppsåtet	2	word	""u0p$%so:$tet
uppsöker	2	word	""u0p$%s2:$ker
upptages	2	word	
upptecknades	2	word	""u0p$%tE$kna$des
upptecknas	2	word	""u0p$%tE$knas
upptog	2	word	""u0p$%tu:g
upptänder	2	word	""u0p$%tEn$der
uppvaknade	2	word	""u0p$%vA:$kna$de
uppviglade	2	word	""u0p$%vi:$gla$de
uppväckas	2	word	""u0p$%vE$kas
uppväga	2	word	""u0p$%vE:$ga
uppvägda	2	word	""u0p$%vE:g$da
uppväxa	2	word	""u0p$%vEk$sa
uppäta	2	word	
uppöver	2	word	"u0p$2:$ver
urkunder	2	word	""}:r$%ku0n$der
urskiljer	2	word	""}:r$%x\Il$jer
ursprung	2	word	""}:$%s`pru0N
urtiden	2	word	""}:$%t`i:$den
uråldrig	2	word	""}:r$%Ol$drIg
uråldriga	2	word	""}:r$%Ol$drI$ga
utanpå	2	word	
utblottar	2	word	""}:t$%blO$tar
utbröt	2	word	""}:t$%br2:t
utbyta	2	word	""}:t$%by:$ta
utbyter	2	word	""}:t$%by:$ter
utdragen	2	word	""}:t$%drA:$gen
utdriven	2	word	""}:t$%dri:$ven
utebliver	2	word	""}:$te$%bli:$ver
uteslutna	2	word	""}:$te$%sl}:t$na
utfinna	2	word	
utformade	2	word	""}:t$%fOr$ma$de
utforskade	2	word	""}:t$%fO$s`ka$de
utfärdar	2	word	""}:t$%fE:$d`ar
utfärden	2	word	""}:t$%fE:$d`en
utföre	2	word	
utgiven	2	word	""}:t$%ji:$ven
utgjutes	2	word	""}:t$%j}:$tes
utgjutna	2	word	""}:t$%j}:t$na
utgrenat	2	word	
utgrundas	2	word	""}:t$%gru0n$das
uthärdade	2	word	""}:t$%hE:$d`a$de
utjämning	2	word	""}:t$%jEm$nIN
utkanterna	2	word	""}:t$%kan$te$n`a
utkramas	2	word	""}:t$%krA:$mas
utkräves	2	word	""}:t$%krE:$ves
utkämpade	2	word	""}:t$%s'Em$pa$de
utlagt	2	word	
utlopp	2	word	""}:t$%lOp
utläggas	2	word	
utlämnas	2	word	""}:t$%lEm$nas
utmanar	2	word	""}:t$%mA:$nar
utmattad	2	word	""}:t$%ma$tad
utmattade	2	word	""}:t$%ma$ta$de
utmärken	2	word	
utmärkte	2	word	""}:t$%mErk$te
utnämnt	2	word	""}:t$%nEmnt
utplundrat	2	word	
utropar	2	word	""}:t$%ru:$par
utrusta	2	word	""}:t$%ru0$sta
utrustad	2	word	""}:t$%ru0$stad
utrustat	2	word	""}:t$%ru0$stat
uträtten	2	word	
utrönte	2	word	
utsedda	2	word	
utser	2	word	""}:t$%se:r
utsirade	2	word	""}:t$%si:$ra$de
utskjutande	2	word	""}:t$%x\}:$tan$de
utskriva	2	word	""}:t$%skri:$va
utskämd	2	word	""}:t$%x\Emd
utslagen	2	word	""}:t$%slA:$gen
utslaget	2	word	""}:t$%slA:$get
utsläckas	2	word	""}:t$%slE$kas
utsprida	2	word	""}:t$%spri:$da
utspridde	2	word	""}:t$%sprI$de
utstakade	2	word	""}:t$%stA:$ka$de
utstod	2	word	
utsträcka	2	word	""}:t$%strE$ka
utstrött	2	word	
utsvävningar	2	word	""}:t$%svE:v$nIN$ar
utsädeskorn	2	word	
utsädet	2	word	""}:t$%sE:$det
utsår	2	word	""}:t$%so:r
uttagna	2	word	
uttalades	2	word	""}:t$%tA:$la$des
uttorkar	2	word	""}:t$%tOr$kar
uttröttat	2	word	""}:t$%tr9$tat
uttänka	2	word	""}:t$%tEN$ka
uttänkta	2	word	""}:t$%tENk$ta
utvaldes	2	word	""}:t$%vA:l$des
utvidgade	2	word	""}:t$%vId$ga$de
utvidgar	2	word	""}:t$%vId$gar
utvisade	2	word	""}:t$%vi:$sa$de
utvändigt	2	word	""}:t$%vEn$dIkt
utövade	2	word	""}:t$%2:$va$de
uvar	2	word	""}:$var
uven	2	word	"}:$ven
vacker	2	word	"va$ker
vagnshästar	2	word	""vaNns$%hE$star
vagnshästarna	2	word	""vaNns$%hE$sta$n`a
vagnshövitsmän	2	word	
vakor	2	word	""vA:$kUr
vaktare	2	word	""vak$ta$re
vaktkammare	2	word	
vaktposter	2	word	""vakt$%pO$ster
valt	2	word	"vA:lt
vandraden	2	word	
vandrarens	2	word	""van$dra$rens
vandringen	2	word	""van$drIN$en
vandringstid	2	word	
vanligen	2	word	""vA:n$lI$gen
vansinnig	2	word	""vA:n$%sI$nIg
vanställt	2	word	""vA:n$%stElt
vanten	2	word	"van$ten
vanvettigt	2	word	""vA:n$%vE$tIkt
vanvördnad	2	word	""vA:n$%v2:d`$n`ad
vapendragaren	2	word	""vA:$pen$%drA:$ga$ren
varat	2	word	""vA:$rat
varelsers	2	word	""vA:$rel$ses`
varemot	2	word	"vA:$re$mu:t
vargen	2	word	"var$jen
varjämte	2	word	vA:r$"jEm$te
varkunna	2	word	""vA:r$%ku0$na
varma	2	word	""var$ma
vartannat	2	word	
vartdera	2	word	"vA:t`$d`e:$ra
varubyte	2	word	
varur	2	word	var$"}:r
vattendragen	2	word	""va$ten$%drA:$gen
vattenfall	2	word	""va$ten$%fal
vattenflod	2	word	
vattenfloder	2	word	
vattenflöden	2	word	""va$ten$%fl2:$den
vattenhoarna	2	word	""va$ten$%hu:$a$n`a
vattenledningen	2	word	""va$ten$%le:d$nIN$en
vattensamling	2	word	""va$ten$%sam$lIN
vattenströmmarna	2	word	""va$ten$%str9$ma$n`a
vattenströmmen	2	word	""va$ten$%str9$men
vaxet	2	word	"vak$set
veckohögtid	2	word	
veckorna	2	word	""vE$kU$n`a
vedergäll	2	word	""ve:$der$%jEl
vedergällningen	2	word	""ve:$der$%jEl$nIN$en
vederlade	2	word	
vederpart	2	word	
vedersakaren	2	word	""ve:$de$%s`A:$ka$ren
vedoffret	2	word	
verks	2	word	"vErks
verktyg	2	word	""vErk$%ty:g
vetemjöl	2	word	""ve:$te$%mj2:l
vettlöse	2	word	""vEt$%l2:$se
vidröra	2	word	""vi:d$%r2:$ra
vidrörde	2	word	""vi:d$%r2:$d`e
viktigt	2	word	""vIk$tIkt
vilande	2	word	""vi:$land$de
vilat	2	word	""vi:$lat
vilddruvor	2	word	
vildhonung	2	word	""vIld$%ho:$nu0N
vildmarkens	2	word	""vIld$%mar$kens
vildoxen	2	word	""vIld$%Uk$sen
vildoxes	2	word	""vIld$%Uk$ses
vildåsna	2	word	
vildåsnan	2	word	
vildåsnorna	2	word	
villolärare	2	word	
villostigar	2	word	
villoväg	2	word	""vI$lU$%vE:g
villrådig	2	word	""vIl$%ro:$dIg
vilobädd	2	word	
viloläger	2	word	
vilorum	2	word	""vi:$lU$%ru0m
vilsefarande	2	word	
vilseföras	2	word	""vIl$se$%f2:$ras
vilsekommen	2	word	""vIl$se$%kO$men
vinande	2	word	""vi:$nan$de
vindruvor	2	word	""vi:n$%dr}:$vUr
vink	2	word	"vINk
vinkärl	2	word	
vinmust	2	word	
vinnings	2	word	""vI$nINs
vinningslystnads	2	word	""vI$nINs$%lYst$nads
vinnlägga	2	word	""vIn$%lE$ga
vinpressarna	2	word	""vi:n$%prE$sa$n`a
vinterns	2	word	"vIn$ten`s`
virkat	2	word	""vIr$kat
virket	2	word	""vIr$ket
visdoms	2	word	""vi:s$%dUms
viska	2	word	""vI$ska
visslar	2	word	""vI$slar
vissnande	2	word	
vissten	2	word	
vistelse	2	word	""vI$stel$se
vitare	2	word	""vi:$ta$re
vitmening	2	word	
vittnes	2	word	""vIt$nes
vreda	2	word	""vre:$da
vrängde	2	word	
vunna	2	word	""vu0$na
vunnen	2	word	""vu0$nen
väckes	2	word	""vE$kes
väder	2	word	"vE:$der
vädja	2	word	""vE:d$ja
väges	2	word	""vE:$ges
vägskälet	2	word	""vE:g$%x\E:$let
välan	2	word	
välkända	2	word	""vE:l$%s'En$da
välla	2	word	""vE$la
vällevnad	2	word	""vE:l$%le:v$nad
vällukter	2	word	""vE:l$%lu0k$ter
välordnade	2	word	""vE:l$%o:d`$n`a$de
vältrat	2	word	""vEl$trat
väluppfostrade	2	word	""vE:l$u0p$%fU$stra$de
välva	2	word	""vEl$va
välvilliga	2	word	""vE:l$%vI$lI$ga
vämjas	2	word	""vE$mjas
vämjelig	2	word	""vE$mje$lIg
vändes	2	word	""vEn$des
vännerna	2	word	""vE$ne$n`a
vänners	2	word	""vE$nes`
väpnat	2	word	""vE:p$nat
värden	2	word	""vE:$d`en
världsliga	2	word	""vE:d`$s`l`I$ga
värma	2	word	""vEr$ma
värmen	2	word	""vEr$men
vässer	2	word	
västerifrån	2	word	""vE$ster$I$%fro:n
västerland	2	word	
väta	2	word	""vE:$ta
vätska	2	word	""vEt$ska
vättes	2	word	""vE$tes
växen	2	word	
växling	2	word	""vEk$slIN
våda	2	word	""vo:$da
våldföres	2	word	""vOld$%f2:$res
våldsgärningarna	2	word	""vOlds$%jE:$n`IN$a$n`a
våldsmän	2	word	""vOlds$%mEn
vålnad	2	word	""vo:l$nad
våningens	2	word	""vo:$nIN$ens
vårdade	2	word	""vo:$d`a$de
vördnadsbjudande	2	word	""v2:d`$n`ats$%bj}:$dan$de
ymnig	2	word	""Ym$nIg
ymnigheten	2	word	""Ym$nIg$%he:$ten
ymnigt	2	word	""Ym$nIkt
ynglet	2	word	"YN$let
ynglingarna	2	word	""YN$lIN$a$n`a
ynglingars	2	word	""YN$lIN$as`
yppar	2	word	""Y$par
ypperst	2	word	"Y$pes`t`
yppig	2	word	""Y$pIg
yppiga	2	word	""Y$pI$ga
yra	2	word	""y:$ra
ytterbyggnaden	2	word	
yxor	2	word	""Yk$sUr
Änden	2	word	""En$den
Ängarna	2	name	""EN$a$n`a
Äten	2	word	
Å	2	word	"o:
Åkermännen	2	word	
Åkern	2	word	"o:$ken`
Ödeläggelse	2	word	""2:$de$%lE$gel$se
Ödmjuka	2	word	""2:d$%mj}:$ka
Ödmjuken	2	name	
Ödmjukhet	2	word	""2:d$mj}:k$%he:t
Örat	2	word	""2:$rat
Örontasslarens	2	name	
Österlandets	2	name	""9$ste$%l`and$dets
Öva	2	word	""2:$va
Överallt	2	word	2:$ver$"alt
Övergiven	2	word	""2:$ver$%ji:$ven
Överst	2	word	"2:$ves`t`
Översteprästerna	2	word	""2:$ves`$t`e$%prE$ste$n`a
ädelstenar	2	word	""E:$del$%ste:$nar
ägodelarna	2	word	""E:$gU$%de:$la$n`a
älskaden	2	word	
ämbar	2	word	""Em$%bA:r
ämbaret	2	word	""Em$%bA:$ret
ämbeten	2	word	""Em$%be:$ten
ämbetslott	2	word	
ämbetsmännen	2	word	""Em$be:ts$%mE$nen
ändamålet	2	word	""En$da$%mo:$let
ändarna	2	word	""En$da$n`a
ändas	2	word	""En$das
ändra	2	word	""En$dra
ändring	2	word	""En$drIN
ängar	2	word	""EN$ar
ängd	2	word	"ENd
ängels	2	word	""EN$els
ängen	2	word	""EN$en
änkas	2	word	""EN$kas
äpplen	2	word	""E$plen
ärekrans	2	word	
ärekransen	2	word	
ärekrona	2	word	
ärenamn	2	word	
ärg	2	word	"Erj
ätandet	2	word	""E:$tan$det
ätbar	2	word	""E:t$%bA:r
äte	2	word	
ättlingar	2	word	""Et$lIN$ar
även	2	word	""E:$ven
ådragen	2	word	
åkallat	2	word	
åkerbruk	2	word	""o:$ker$%br}:k
åkerjord	2	word	""o:$ker$%ju:d`
åkerstycken	2	word	
åklagare	2	word	""o:$%klA:$ga$re
ålagt	2	word	
åldern	2	word	"Ol$den`
åldras	2	word	""Ol$dras
åligga	2	word	""o:$%lI$ga
ånger	2	word	"ON$er
ångor	2	word	""ON$Ur
årlig	2	word	""o:$l`Ig
åror	2	word	""o:$rUr
årsgrödor	2	word	
åsnekäken	2	word	
åstadkommit	2	word	""o:$stA:d$%kO$mIt
åsynen	2	word	""o:$%sy:$nen
åtanke	2	word	""o:$%taN$ke
åten	2	word	
återbära	2	word	""o:$ter$%bE:$ra
återfunnen	2	word	
återgäldar	2	word	""o:$ter$%jEl$dar
återgå	2	word	""o:$ter$%go:
återgång	2	word	""o:$ter$%gON
återkomst	2	word	""o:$ter$%kOmst
återsken	2	word	""o:$ter$%x\e:n
återställd	2	word	
återtåg	2	word	""o:$te$%t`o:g
återvinna	2	word	""o:$ter$%vI$na
återvände	2	word	""o:$ter$%vEn$de
åtfölja	2	word	""o:t$%f9l$ja
åtgick	2	word	""o:t$%jIk
åtgå	2	word	""o:t$%go:
åtnjöt	2	word	""o:t$%nj2:t
åtskilja	2	word	""o:t$%x\Il$ja
åttiofyra	2	word	O$tI$U$""fy:$ra
åttiosex	2	word	O$tI$U$"sEks
åttiosju	2	word	O$tI$U$"x\}:
åttiotvå	2	word	O$tI$U$"tvo:
åttioåtta	2	word	O$tI$U$""O$ta
ödlan	2	word	""2:d$lan
ödmjukt	2	word	""2:d$%mj}:kt
ödslig	2	word	
ödsligheten	2	word	""2:d$slIg$%he:$ten
ögonbryn	2	word	""2:$gOn$%bry:n
ögontjänst	2	word	
ökad	2	word	
ökat	2	word	""2:$kat
ökendjur	2	word	""2:$ken$%j}:r
ökenmark	2	word	
ökentrakter	2	word	""2:$ken$%trak$ter
ökentörnen	2	word	
öknarna	2	word	""2:$kna$n`a
ömhet	2	word	""9m$%he:t
ömkan	2	word	""9m$kan
ömkansvärd	2	word	""9m$kans$%vE:d`
ömkansvärda	2	word	""9m$kans$%vE:$d`a
ömkansvärt	2	word	""9m$kans$%vE:t`
önskat	2	word	""9n$skat
önskningar	2	word	""9ns$knIN$ar
örontasslaren	2	word	
örringar	2	word	
ört	2	word	"9t`
örtagården	2	word	""9$t`a$%go:$d`en
österland	2	word	""9$ste$%l`and
övas	2	word	""2:$vas
överbevisa	2	word	""2:$ver$be$%vi:$sa
överbjöd	2	word	""2:$ver$%bj2:d
överdragen	2	word	""2:$ve$%d`rA:$gen
överdrogos	2	word	
överfara	2	word	""2:$ver$%fA:$ra
överflyttat	2	word	""2:$ver$%flY$tat
överflödade	2	word	""2:$ver$%fl2:$da$de
överflödigt	2	word	""2:$ver$%fl2:$dIkt
överfogdar	2	word	
överhovmästare	2	word	
överhängande	2	word	""2:$ver$%hEN$an$de
överhövitsman	2	word	
överkläda	2	word	""2:$ver$%klE:$da
överklädde	2	word	""2:$ver$%klE$de
överklädnad	2	word	
överljutt	2	word	""2:$ver$%ju0t
överlupen	2	word	""2:$ve$%l`}:$pen
överlät	2	word	""2:$ve$%l`E:t
överlåta	2	word	""2:$ve$%l`o:$ta
överlåten	2	word	""2:$ve$%l`o:$ten
överlåtit	2	word	""2:$ve$%l`o:$tIt
överlöpare	2	word	""2:$ve$%l`2:$pa$re
överman	2	word	""2:$ver$%man
övermäktiges	2	word	""2:$ver$%mEk$tI$ges
övermätt	2	word	""2:$ver$%mEt
överskygga	2	word	
överskyld	2	word	""2:$ver$%x\y:ld
överskyler	2	word	""2:$ver$%x\y:$ler
överstarna	2	word	"2:$ve$s`t`a$n`a
översvinnliga	2	word	
översvämma	2	word	""2:$ve$%s`vE$ma
översvämning	2	word	""2:$ve$%s`vEm$nIN
översände	2	word	
övertaliga	2	word	""2:$ve$%t`A:$lI$ga
överträdelserna	2	word	""2:$ve$%t`rE:$del$se$n`a
överträffar	2	word	""2:$ve$%t`rE$far
övertygad	2	word	
övervann	2	word	""2:$ver$%van
övervinner	2	word	""2:$ver$%vI$ner
övlig	2	word	
övning	2	word	""2:v$nIN
övrig	2	word	""2:$vrIg
Abaddon	1	name	
Abageta	1	name	
Aban	1	name	
Abana	1	name	
Abarim	1	name	
Abda	1	name	
Abdas	1	name	
Abdeels	1	name	
Abdiel	1	name	
Abdis	1	name	
Abias	1	name	
Abiasaf	1	name	
Abidans	1	name	
Abihud	1	name	
Abilene	1	name	
Abiner	1	name	
Abiron	1	name	
Abisais	1	name	
Abisur	1	name	
Abisurs	1	name	
Abital	1	name	
Abitals	1	name	
Abitub	1	name	
Abiv	1	name	
Abjatar	1	name	
Abronas	1	name	
Ackad	1	name	
Ackaron	1	name	
Acko	1	name	
Ackos	1	name	
Adad	1	name	
Adada	1	name	
Adalja	1	name	
Adama	1	name	
Adami	1	name	
Adas	1	name	""A:$das
Addan	1	name	
Addi	1	name	
Addon	1	name	
Adiels	1	name	"A:$dI$els
Adin	1	name	a$"di:n
Adina	1	name	a$""di:$na
Aditaim	1	name	
Adlais	1	name	
Admata	1	name	
Admin	1	name	
Adora	1	name	
Adoraim	1	name	
Adramyttium	1	name	
Adriatiska	1	name	a$drI$"A:$tI$ska
Aduel	1	name	
Afeka	1	name	
Aferema	1	name	
Afia	1	name	
Afik	1	name	
Afton	1	word	""af$tOn
Age	1	name	""A:$ge
Agg	1	word	"ag
Agurs	1	name	
Ahara	1	name	
Aharhels	1	name	
Ahasbai	1	name	
Ahava	1	name	
Ahers	1	name	
Ahiesers	1	name	
Ahimot	1	name	
Ahinadab	1	name	
Ahiram	1	name	
Ahiras	1	name	
Ahisahar	1	name	
Ahisar	1	name	
Ahoa	1	name	
Ahumai	1	name	
Ahussam	1	name	
Ahussat	1	name	
Ajan	1	name	
Ajat	1	name	
Ajefim	1	name	
Akaciedalen	1	name	
Akaikus	1	name	
Akajas	1	name	
Akar	1	name	
Akeldamak	1	name	
Akitob	1	name	
Akrabattene	1	name	
Alab	1	name	
Alai	1	name	
Alais	1	name	
Alammelek	1	name	
Albon	1	name	
Alima	1	name	
Alja	1	name	
Aljan	1	name	
Allmosor	1	word	""al$%mu:$sUr
Allon	1	name	
Allra	1	word	""al$ra
Allrahögste	1	word	
Alls	1	word	"als
Alltefter	1	word	alt$"Ef$ter
Allvises	1	name	""al$%vi:$ses
Alot	1	name	
Altaret	1	word	""al$ta$ret
Altarhärden	1	word	
Alva	1	name	""al$va
Alvan	1	name	
Amal	1	name	a$"mal
Amalekiterna	1	word	a$ma$le$"ki:$te$n`a
Amam	1	name	
Amanas	1	name	
Amasais	1	name	
Amasas	1	name	
Amassai	1	name	
Amead	1	name	
Ametas	1	name	
Amfipolis	1	name	
Aminon	1	name	
Amis	1	name	a$"mi:s
Ammahöjden	1	name	
Ammihurs	1	name	
Ammisabad	1	name	
Ammon	1	name	"a$mOn
Ampliatus	1	name	
Anaharat	1	name	
Anak	1	name	
Anammelek	1	name	
Anan	1	name	""A:$nan
Anani	1	name	
Anem	1	name	
Aners	1	name	
Anförtro	1	word	""an$f9$%t`ru:
Angrip	1	name	""aN$%gri:p
Angripen	1	word	""aN$%gri:$pen
Angripes	1	name	""aN$%gri:$pes
Aniam	1	name	
Anim	1	name	
Anklagen	1	word	
Annorlunda	1	name	
Anoks	1	name	
Anot	1	name	
Anse	1	word	""an$%se:
Ansikte	1	word	""an$sIk$te
Anställ	1	name	""an$%stEl
Anställen	1	word	
Anstår	1	word	""an$%sto:r
Antalet	1	word	""an$tA:$let
Antikrists	1	name	
Antilibanon	1	name	
Antiokis	1	name	
Antipas	1	name	
Antipatris	1	name	
Antotja	1	name	
Anub	1	name	
Apelles	1	name	
Apfus	1	name	
Apollofanes	1	name	
Apollonia	1	name	
Apollyon	1	name	
Apostlarna	1	word	a$"pOst$la$n`a
Appaim	1	name	
Appaims	1	name	
Appfia	1	name	
Appii	1	name	
Arab	1	word	a$"rA:b
Araberna	1	word	a$"rA:$be$n`a
Aradus	1	name	
Araméernas	1	word	a$ra$"me:$e$n`as
Arbatta	1	name	
Arbel	1	name	
Arbela	1	name	
Arbetare	1	word	""ar$%be:$ta$re
Arbetaren	1	word	""ar$%be:$ta$ren
Arbetarens	1	word	""ar$%be:$ta$rens
Ardon	1	name	
Areopagens	1	name	a$re$O$"pA:$gens
Ariarates	1	name	
Aridai	1	name	
Aridata	1	name	
Arims	1	name	
Arisai	1	name	
Arje	1	name	
Arjoks	1	name	
Arkelaus	1	name	
Arken	1	word	"ar$ken
Arkiten	1	word	
Arma	1	word	""ar$ma
Armoni	1	name	
Arnans	1	name	
Arni	1	name	
Arod	1	name	
Arodi	1	name	
Aror	1	name	""A:$rUr
Arsas	1	name	
Artemas	1	name	
Arubbot	1	name	
Aruma	1	name	
Asai	1	name	
Asalja	1	name	
Asaljas	1	name	
Asanjas	1	name	
Asarela	1	name	
Asarjahu	1	name	
Asasjas	1	name	
Asbeas	1	name	
Asbuks	1	name	
Asenappar	1	name	
Asera	1	name	
Aserabelätet	1	name	
Aserans	1	name	
Asfars	1	name	
Asgad	1	name	
Asiels	1	name	
Asima	1	name	
Asisa	1	name	
Aska	1	word	""a$ska
Asnas	1	name	
Asnot	1	name	
Aspata	1	name	
Aspenas	1	name	
Assans	1	name	
Astartetemplet	1	name	
Asterot	1	name	
Astyages	1	name	
Asvat	1	name	
Asverus	1	name	
Asynkritus	1	name	
Ataja	1	name	
Atak	1	name	
Atara	1	name	
Atarimvägen	1	name	
Atenare	1	word	a$""te:$na$re
Ater	1	name	
Atergatis	1	name	
Atlai	1	name	
Attalia	1	name	
Attalus	1	name	
Augustus	1	name	a*U$""gu0$stu0s
Ava	1	name	""A:$va
Avgudabildernas	1	name	""A:v$g}:$da$%bIl$de$n`as
Avgudadyrkan	1	word	""A:v$g}:$da$%dYr$kan
Avgudamakarna	1	word	
Avhugget	1	word	""A:v$%hu0$get
Avhålla	1	word	""A:v$%hO$la
Avim	1	name	
Avlägg	1	name	""A:v$%lEg
Avskiljen	1	name	
Avtalen	1	name	""A:v$%tA:$len
Avund	1	word	""A:$vu0nd
Avvisa	1	word	""A:v$%vi:$sa
Ba	1	name	
Baale	1	name	
Baalernas	1	name	
Baalis	1	name	
Baalsaltare	1	name	
Baalsaltarna	1	name	
Baalsbild	1	name	
Baalsdagar	1	name	
Baalshöjder	1	name	
Baalshöjderna	1	name	
Baalsstod	1	name	
Baalsstoden	1	name	
Baalstemplet	1	name	
Baara	1	name	
Baaseja	1	name	
Bacenors	1	name	
Backusfesten	1	name	""ba$ku0s$%fE$sten
Bada	1	word	""bA:$da
Bagargatan	1	name	""bA:$gar$%gA:$tan
Bakbackar	1	name	
Baken	1	name	"bA:$ken
Bakom	1	word	
Bala	1	name	""bA:$la
Balaam	1	name	
Balamon	1	name	
Banen	1	word	"bA:$nen
Barakias	1	name	
Baraks	1	name	
Baria	1	name	
Barjesus	1	name	
Barmhärtig	1	word	barm$"hE$t`Ig
Barmhärtige	1	word	barm$"hE$t`I$ge
Barmhärtighet	1	word	barm$"hE$t`Ig$he:t
Barne	1	name	""bA:$n`e
Bartimeus	1	name	
Baskama	1	name	
Bassebet	1	name	
Bavai	1	name	
Bealja	1	name	
Bealot	1	name	
Beans	1	name	"bi:ns
Bedeja	1	name	
Bedrag	1	name	
Bedragen	1	word	be$"drA:$gen
Bedriven	1	word	
Bedröva	1	word	be$"dr2:$va
Bedöm	1	name	be$"d9m
Beeljada	1	name	
Beeris	1	name	
Beerots	1	name	
Beestera	1	name	
Befatta	1	word	be$"fa$ta
Befatten	1	name	
Befolkade	1	name	be$"fOl$ka$de
Befria	1	word	be$"fri:$a
Befrien	1	name	
Befälhavaren	1	word	be$""fE:l$%hA:$va$ren
Begrunda	1	word	be$"gru0n$da
Begynn	1	word	be$"jYn
Begynna	1	word	be$"jY$na
Begynnelsen	1	word	be$"jY$nel$sen
Begären	1	word	be$"jE:$ren
Behag	1	word	be$"hA:g
Behandla	1	word	be$"hand$la
Behandlar	1	word	be$"hand$lar
Behemot	1	name	
Behöver	1	word	be$"h2:$ver
Bekorat	1	name	
Bektilet	1	name	
Bektiletslätten	1	name	
Bekymra	1	word	be$"s'Ym$ra
Bekännen	1	word	
Belasta	1	name	be$"la$sta
Belbaim	1	name	
Beliar	1	name	
Belmain	1	name	
Beninu	1	name	
Beno	1	name	
Benob	1	name	
Benos	1	name	
Benot	1	name	
Beon	1	name	
Bera	1	name	
Beraja	1	name	
Berak	1	name	
Beraka	1	name	
Berg	1	word	"bErj
Beri	1	name	
Berit	1	name	"be:$rIt
Berodak	1	name	
Berota	1	name	
Berotai	1	name	
Berätten	1	name	
Beröm	1	name	be$"r9m
Besai	1	name	
Besets	1	name	
Beskåden	1	name	
Beslut	1	word	be$"sl}:t
Besodjas	1	name	
Bestäm	1	name	be$"stEm
Beständigt	1	word	be$"stEn$dIkt
Besättningen	1	word	be$"sEt$nIN$en
Beta	1	word	""be:$ta
Betala	1	word	be$"tA:$la
Betane	1	name	
Beten	1	word	""be:$ten
Betesda	1	name	
Betesmarkerna	1	word	""be:$tes$%mar$ke$n`a
Betlehemiten	1	word	
Betomastaim	1	name	
Betomestaim	1	name	
Betonim	1	name	
Betrakta	1	word	be$"trak$ta
Betryckt	1	word	be$"trYkt
Betset	1	name	
Betul	1	name	
Bevare	1	word	be$""vA:$re
Bevisen	1	word	be$"vi:$sen
Bidkar	1	name	
Bigeta	1	name	
Bigetan	1	name	
Bigetana	1	name	
Bikeat	1	name	
Bildstodens	1	name	""bIld$%stu:$dens
Bilgai	1	name	
Bilhans	1	name	
Bimhal	1	name	
Bind	1	word	"bInd
Birei	1	name	
Birsa	1	name	
Birsaits	1	name	
Bisjotja	1	name	
Bislam	1	name	
Bisseta	1	name	
Bitja	1	name	
Bitter	1	word	"bI$ter
Bittert	1	word	"bI$tet`
Bjuden	1	word	
Bjälkarna	1	word	""bjEl$ka$n`a
Björninnan	1	name	bj9$""n`I$nan
Blastus	1	name	
Bleve	1	word	""ble:$ve
Bliver	1	word	"bli:$ver
Blodigeln	1	name	""blu:d$%i:$geln
Blodshämnaren	1	word	
Blommorna	1	word	""blU$mU$n`a
Bloss	1	word	"blOs
Blygens	1	word	
Blås	1	word	"blo:s
Blåsbälgen	1	name	""blo:s$%bEl$jen
Boanerges	1	name	
Boken	1	word	""bu:$ken
Boos	1	name	"bu:s
Borgen	1	word	"bOr$jen
Borta	1	word	""bO$t`a
Boses	1	name	
Bosras	1	name	
Boten	1	word	"bu:$ten
Broder	1	word	""bru:$der
Brudgum	1	word	""br}:d$%gu0m
Bryta	1	word	""bry:$ta
Brännoffer	1	word	""brEn$%O$fer
Brännoffers	1	word	""brEn$%O$fes`
Brännoffret	1	word	""brEn$%O$fret
Bröllopet	1	word	""br9$lO$pet
Budskap	1	word	""b}:d$%skA:p
Bul	1	name	
Buna	1	name	
Busis	1	name	
Byggas	1	word	""bY$gas
Byt	1	name	"by:t
Bäcken	1	word	"bE$ken
Bärarnas	1	name	""bE:$ra$n`as
Bärgen	1	word	
Bärgningshögtiden	1	word	
Bättren	1	word	
Bävan	1	word	""bE:$van
Bågskott	1	word	
Bågskyttar	1	word	""bo:g$%x\Y$tar
Bågskytten	1	name	""bo:g$%x\Y$ten
Bågsången	1	name	
Bålverk	1	word	""bo:l$%vErk
Båten	1	word	"bo:$ten
Bön	1	word	"b2:n
Bönfall	1	word	
Bönfallande	1	word	""b2:n$%fa$land$de
Bönfallen	1	name	
Bör	1	word	"b2:r
Börda	1	word	""b2:$d`a
Bördemannen	1	word	
Cende	1	name	
Cyrus	1	name	"sy:$ru0s
DE	1	word	
Dabbeset	1	name	
Dafne	1	name	
Dagar	1	word	""dA:$gar
Daggen	1	word	"da$gen
Dalberget	1	name	
Dalefon	1	name	
Dalmanuta	1	name	
Dalmatien	1	name	dal$"mA:t$sI$en
Damaris	1	name	
Damaskusområdets	1	name	
Damaskusslätten	1	name	
Damm	1	word	"dam
Danna	1	name	
Dara	1	name	
Darda	1	name	
Darejeves	1	name	
Darius	1	name	"dA:$rI$u0s
Darrande	1	word	""da$ran$de
Datema	1	name	
Davidsgravarna	1	name	
Deborapalmen	1	name	
Degeln	1	word	""de:$geln
Deker	1	name	
Del	1	word	"de:l
Dela	1	word	""de:$la
Delos	1	name	"dE$lOs
Demofon	1	name	
Dennes	1	word	""dE$nes
Densamme	1	word	den$"sa$me
Dessas	1	word	""dE$sas
Dessau	1	name	
Di	1	word	"di:
Dianatempel	1	name	
Dibla	1	name	
Diblaims	1	name	
Diblataim	1	name	
Dibons	1	name	
Dibri	1	name	
Difat	1	name	
Dikten	1	name	"dIk$ten
Dilean	1	name	
Dimna	1	name	
Dimon	1	name	
Dimona	1	name	
Dimons	1	name	
Dinas	1	name	""di:$nas
Dionysius	1	name	
Dioskurus	1	name	
Diotrefes	1	name	
Disons	1	name	
Djup	1	word	"j}:p
Djuren	1	word	"j}:$ren
Djävul	1	word	""jE:$vu0l
Dodai	1	name	
Dodavahus	1	name	
Dodi	1	name	
Dok	1	word	"du:k
Dold	1	word	"do:ld
Domare	1	word	""dU$ma$re
Domen	1	word	"dU$men
Dotain	1	name	
Dotea	1	name	
Dotter	1	word	""dO$ter
Drabantporten	1	name	
Drakkällan	1	name	
Driven	1	word	""dri:$ven
Drottning	1	word	""drOt$nIN
Drusilla	1	name	
Drypen	1	name	
Dräp	1	word	"drE:p
Dräpa	1	word	""drE:$pa
Dröj	1	word	"dr9j
Dubbel	1	word	"du0$bel
Duraslätten	1	name	
Duvans	1	name	""d}:$vans
Dyrbar	1	word	""dy:r$%bA:r
Dyrbara	1	word	""dy:r$%bA:$ra
Dyrbarare	1	word	""dy:r$%bA:$ra$re
Dyrt	1	word	"dy:t`
Därhemma	1	word	dE:r$""hE$ma
Därinne	1	word	dEr$""I$ne
Därom	1	word	"dE:$rOm
Därute	1	word	dE:r$""}:$te
Dårars	1	word	""do:$ras`
Död	1	word	"d2:d
Döda	1	word	""d2:$da
Dörrinfattningen	1	name	
Döttrarna	1	word	""d9$tra$n`a
Ebers	1	name	"e:$bes`
Ebes	1	name	
Ebron	1	name	
Edomssidan	1	name	
Efan	1	word	
Efes	1	name	
Efesier	1	name	e$"fe:$sI$er
Effata	1	name	
Efods	1	name	
Eftersinna	1	word	""Ef$te$%s`I$na
Efteråt	1	word	""Ef$ter$%o:t
Eglons	1	name	
Egrebel	1	name	
Egyptiern	1	word	e$"jYpt$sI$en`
Ehi	1	name	
Ehuds	1	name	
Eked	1	name	
Ekeds	1	name	
Eker	1	name	"e:$ker
Elasa	1	name	
Eldsglöd	1	word	
Elead	1	name	
Eleada	1	name	
Elef	1	name	
Eleusai	1	name	
Elfenbenstornet	1	name	""El$fen$be:ns$%tu:$n`et
Eliam	1	name	
Eliams	1	name	
Eliata	1	name	
Elidad	1	name	
Elienai	1	name	
Elifal	1	name	
Elihoref	1	name	
Elijata	1	name	
Elika	1	name	
Elisafat	1	name	
Eliseba	1	name	
Elisurs	1	name	
Eljadas	1	name	
Eljasafs	1	name	
Eljoenais	1	name	
Elkanas	1	name	
Elmadam	1	name	
Elnaams	1	name	
Elnatans	1	name	
Elohe	1	name	
Elons	1	name	
Elpaal	1	name	
Elpelet	1	name	
Eltekon	1	name	
Elymas	1	name	
Emek	1	name	
Emmanuel	1	name	e$"mA:$n}:$el
Emmaus	1	name	""E$ma$u0s
Emmors	1	name	""E$mUs`
Eméerna	1	word	
Enam	1	name	
Engedi	1	name	
Epenetus	1	name	
Eran	1	name	""e:$ran
Erek	1	name	
Esbais	1	name	
Esdrelonslätten	1	name	
Esdris	1	name	
Esean	1	name	
Esek	1	name	
Eseks	1	name	
Eselstenen	1	name	
Eskol	1	name	
Eskols	1	name	
Esli	1	name	
Esri	1	name	
Estemo	1	name	
Estemoas	1	name	
Eston	1	name	
Estons	1	name	
Et	1	name	"Et
Etanim	1	name	
Etans	1	name	e$"tA:ns
Etbaal	1	name	
Etiopiern	1	word	e$tI$"u:$pI$en`
Etiopisk	1	word	e$tI$"u:$pIsk
Etnan	1	name	
Etni	1	name	
Eubulus	1	name	
Eumenes	1	name	
Eunice	1	name	
Eutykus	1	name	
Evig	1	word	""e:$vIg
Eviges	1	name	""e:$vI$ges
Evigt	1	word	""e:$vIkt
Evinnerligen	1	word	e$"vI$ne$l`I$gen
Evodia	1	name	
Falek	1	name	
Falla	1	word	""fa$la
Faller	1	word	"fa$ler
Falsk	1	word	"falsk
Fanns	1	word	"fans
Fanuels	1	name	
Faraton	1	name	
Fariséen	1	word	
Faselis	1	name	
Fasirons	1	name	
Fast	1	word	"fast
Fasta	1	word	""fa$sta
Fastedagarna	1	name	""fa$ste$%dA:$ga$n`a
Fasthellre	1	name	
Fattig	1	word	""fa$tIg
Fattiga	1	word	""fa$tI$ga
Fattigdom	1	word	""fa$tIg$%dUm
Febe	1	name	""fe:$be
Femton	1	word	""fEm$tOn
Fenix	1	name	"fe:$nIks
Fettet	1	word	"fE$tet
Fienderna	1	word	""fi:$en$de$n`a
Fikon	1	word	""fi:$kOn
Fikonträdets	1	name	""fi:$kOn$%trE:$dets
Filadelfia	1	name	fI$la$"dEl$fI$a
Filadelfias	1	name	
Filemon	1	name	
Filetus	1	name	
Filisteen	1	name	
Filologus	1	name	
Filometors	1	name	
Fina	1	word	""fi:$na
Finn	1	word	"fIn
Finner	1	word	"fI$ner
Fint	1	word	"fi:nt
Fira	1	word	""fi:$ra
Fison	1	name	
Flegon	1	name	
Flera	1	word	
Floden	1	word	"flu:$den
Flyktingar	1	word	""flYk$tIN$ar
Flyta	1	word	""fly:$ta
Flädermöss	1	word	""flE:$der$%m9s
Flöda	1	word	""fl2:$da
Flöjt	1	word	"fl9jt
Foder	1	word	"fu:$der
Foga	1	word	""fu:$ga
Folkets	1	word	"fOl$kets
Folkslagen	1	word	""fOlk$%slA:$gen
Fore	1	word	
Forna	1	word	""fu:$n`a
Fort	1	word	"fUt`
Fortfaren	1	name	
Fortsätt	1	name	""fUt`$s`Et
Fortunatus	1	name	
Forum	1	name	""fu:$ru0m
Frambär	1	word	""fram$%bE:r
Framställ	1	name	""fram$%stEl
Framtagen	1	name	""fram$%tA:$gen
Fridsfurste	1	name	""fri:ds$%fu0$s`t`e
Fruktade	1	word	""fru0k$ta$de
Fruktansvärda	1	word	""fru0k$tans$%vE:$d`a
Fruktansvärde	1	word	""fru0k$tans$%vE:$d`e
Fruktar	1	word	""fru0k$tar
Frälsarens	1	name	""frEl$sa$rens
Frälsning	1	word	""frEl$snIN
Främst	1	word	
Fröjda	1	word	""fr9j$da
Fullborda	1	word	""fu0l$%bu:$d`a
Fullgören	1	word	
Funnos	1	word	""fu0$nUs
Furstar	1	word	""fu0$s`t`ar
Fygelus	1	name	
Fylarkes	1	name	
Fylld	1	word	
Fyrtioett	1	word	f9$t`I$U$"Et
Fyrtiotvå	1	word	f9$t`I$U$"tvo:
Fälten	1	word	"fEl$ten
Fängelseporten	1	name	""fEN$el$se$%pU$t`en
Fängelset	1	word	""fEN$el$set
Färdas	1	word	""fE:$d`as
Få	1	word	
Fåfänglighet	1	word	""fo:$fEN$lIg$%he:t
Fåglarna	1	word	""fo:$gla$n`a
Fångvaktaren	1	word	""fON$%vak$ta$ren
Födas	1	word	""f2:$das
Föl	1	word	"f2:l
Föraktad	1	word	
Föraktar	1	word	f9r$"ak$tar
Förbannelse	1	word	f9r$"ba$nel$se
Förbannelsen	1	word	f9r$"ba$nel$sen
Förbannelser	1	word	f9r$"ba$nel$ser
Förborgad	1	word	
Förbrännen	1	name	
Förde	1	word	""f2:$d`e
Fördärvets	1	word	f9$"d`Er$vets
Fördärvlig	1	word	f9$"d`Erv$lIg
Förelägg	1	word	
Föreståndaren	1	word	""f2:$re$%stOn$da$ren
Förfärade	1	word	f9r$"fE:$ra$de
Förfärliga	1	name	f9r$"fE:$l`I$ga
Förfölj	1	name	f9r$"f9lj
Förförelser	1	word	f9r$"f2:$rel$ser
Förgäten	1	word	f9r$"jE:$ten
Förgå	1	word	f9r$"go:
Förgården	1	word	""f2:r$%go:$d`en
Förhudshöjden	1	name	
Förhärden	1	name	
Förhåll	1	name	f9r$"hOl
Förhåller	1	word	f9r$"hO$ler
Förklara	1	word	f9r$"klA:$ra
Förläna	1	word	f9$"l`E:$na
Förlängd	1	name	
Förlåten	1	word	f9$"l`o:$ten
Förmanen	1	word	
Förmådde	1	word	f9r$"mO$de
Förmån	1	word	""f2:r$%mo:n
Förmår	1	word	f9r$"mo:r
Förnimmen	1	word	
Förnuft	1	word	f9$"n`u0ft
Förräderi	1	name	f9$rE:$de$"ri:
Församlingarna	1	word	f9$"s`am$lIN$a$n`a
Församlingen	1	word	f9$"s`am$lIN$en
Församlingstjänarna	1	name	
Förskräckelser	1	word	
Försmå	1	word	f9$"s`mo:
Försmår	1	word	f9$"s`mo:r
Förstlingsfrukterna	1	word	""f9s`t`$l`INs$%fru0k$te$n`a
Förstocka	1	word	
Förstockelse	1	word	f9$"s`t`O$kel$se
Förstode	1	name	
Förstoden	1	name	
Försvunnet	1	name	f9$"s`vu0$net
Försynden	1	name	
Försåtligt	1	word	f9$"s`o:t$lIkt
Försök	1	word	f9$"s`2:k
Förtala	1	word	f9$"t`A:$la
Förtalare	1	word	""f2:r$%tA:$la$re
Förtalen	1	name	
Förtrycken	1	word	f9$"t`rY$ken
Förtryckta	1	word	
Förtrösten	1	word	
Förtäljer	1	word	f9$"t`El$jer
Förtärande	1	word	
Förtörnas	1	word	f9$"t`2:$n`as
Förunnen	1	name	
Förvalten	1	name	
Förvara	1	word	f9r$"vA:$ra
Förödelsen	1	word	f9r$"2:$del$sen
GUD	1	word	"g}:d
Gabata	1	name	
Gabbai	1	name	
Gabbata	1	name	
Gadda	1	name	""ga$da
Gaddi	1	name	
Gaddiel	1	name	
Gaddis	1	name	
Gaders	1	name	
Gaham	1	name	
Gai	1	name	
Galgala	1	name	
Galileens	1	name	
Gamaliel	1	name	
Gamaliels	1	name	
Gamliels	1	name	
Garebshöjden	1	name	
Gasas	1	name	""gA:$sas
Gasmu	1	name	
Gebai	1	name	
Gebals	1	name	
Gebims	1	name	
Geder	1	name	
Gederotaim	1	name	
Gehennas	1	name	je$""hE$nas
Gelilot	1	name	
Gemallis	1	name	
Gemarjas	1	name	
Genneus	1	name	
Geon	1	name	
Gerars	1	name	
Gesan	1	name	
Geuel	1	name	
Gia	1	name	""gi:$a
Gibbars	1	name	
Gibeat	1	name	
Gibeoniterna	1	word	
Gideom	1	name	
Giftflugor	1	name	
Gihonsvattnets	1	name	
Gilalai	1	name	
Gimso	1	name	
Ginnetoi	1	name	
Gispa	1	name	
Gisselslag	1	word	""jI$sel$%slA:g
Give	1	word	"gIv
Giver	1	word	
Gjordes	1	word	""ju:$d`es
Gjutna	1	word	
Glamma	1	name	""gla$ma
Glödande	1	word	""gl2:$dan$de
Glöm	1	word	"gl9m
Goa	1	name	""gu:$a
Goda	1	word	""gu:$da
Golgataplatsen	1	name	
Gortyna	1	name	
Gosans	1	name	
Gotoniels	1	name	
Greklands	1	name	"gre:k$lands
Grus	1	word	"gr}:s
Grät	1	word	"grE:t
Gräva	1	word	""grE:$va
Gräven	1	name	""grE:$ven
Gråhårsman	1	word	
Gråta	1	word	""gro:$ta
Gråtoeken	1	name	
Gudabild	1	word	""g}:$da$%bIld
Gudasvar	1	name	
Gudsfruktans	1	word	
Gur	1	name	
Gurhöjden	1	name	
Gyamon	1	name	
Gyllene	1	word	""jY$le$ne
Gärna	1	word	""jE:$n`a
Gång	1	word	"gON
Gånge	1	word	""gON$e
Gård	1	word	"go:d`
Gåvor	1	word	""go:$vUr
Gömde	1	word	""j9m$de
Haammoni	1	name	
Habassinja	1	name	
Habbait	1	name	
Habberim	1	name	
Hackatans	1	name	
Hackerem	1	name	
Hackerems	1	name	
Hadadrimmon	1	name	
Hadar	1	name	"hA:$dar
Hadasa	1	name	
Hadassa	1	name	
Hadatta	1	name	
Hadda	1	name	
Hadid	1	name	
Hadlais	1	name	
Hadraks	1	name	
Haemek	1	name	
Haesel	1	name	
Hafaraim	1	name	
Hagabs	1	name	
Haggedolims	1	name	
Haggia	1	name	
Haggilgal	1	name	
Hagris	1	name	
Hahefer	1	name	
Haheres	1	name	
Hail	1	name	
Hajarkon	1	name	
Hajearim	1	name	
Hakmonis	1	name	
Halhul	1	name	
Hali	1	name	
Halikarnas	1	name	
Halluhits	1	name	
Halluhots	1	name	
Halm	1	word	"halm
Halva	1	word	""hal$va
Hammaaka	1	name	
Hammahavim	1	name	
Hammalekot	1	name	
Hammarkabot	1	name	
Hammeatornet	1	name	
Hammela	1	name	
Hammenuhot	1	name	
Hammerhak	1	name	
Hammesobaja	1	name	
Hammispe	1	name	
Hammoleket	1	name	
Hammot	1	name	
Hammuel	1	name	
Hamon	1	name	
Hamona	1	name	
Hamran	1	name	
Hamutal	1	name	
Hanael	1	name	
Hananiel	1	name	
Handla	1	word	""hand$la
Hanen	1	word	""hA:$nen
Hanes	1	name	""hA:$nes
Hannaton	1	name	
Hannekeb	1	name	
Hanoks	1	name	
Happisses	1	name	
Happuk	1	name	
Hara	1	name	
Harackon	1	name	
Haram	1	name	
Harans	1	name	
Haref	1	name	
Hareset	1	name	
Haresets	1	name	
Harhajas	1	name	
Harhas	1	name	
Haribla	1	name	
Harif	1	name	
Harifs	1	name	
Harmagedon	1	name	
Harmonsbild	1	name	
Harnefer	1	name	
Harodskällan	1	name	
Haroe	1	name	
Haroim	1	name	
Harpor	1	word	""har$pUr
Harumafs	1	name	
Harums	1	name	
Harus	1	name	
Hasabna	1	name	
Hasabneja	1	name	
Hasabnejas	1	name	
Hasadias	1	name	
Hasadja	1	name	
Hasaja	1	name	
Hasbaddana	1	name	
Hasem	1	name	
Haser	1	name	
Hasiel	1	name	
Hasitta	1	name	
Haso	1	name	
Hasras	1	name	
Hassahar	1	name	
Hasselelponi	1	name	
Hassemaas	1	name	
Hassenaas	1	name	
Hassenua	1	name	
Hassenuas	1	name	
Hassira	1	name	
Hassishöjden	1	name	
Hassitim	1	name	
Hassobeba	1	name	
Hassoferets	1	name	
Hassurim	1	name	
Hasuba	1	name	
Hat	1	word	"hA:t
Hatat	1	word	""hA:$tat
Haten	1	word	
Hatet	1	name	"hA:$tet
Hauran	1	name	
Haurans	1	name	
Hauranus	1	name	
Havets	1	word	"hA:$vets
Havsländer	1	word	
Havsländerna	1	word	
Havsländernas	1	name	
Havsvägen	1	name	""hafs$%vE:$gen
Hebréernas	1	word	he$"bre:$e$n`as
Hedmarksbäcken	1	name	
Hedmarksvägen	1	name	
Heferlandet	1	name	
Hefsi	1	name	
Hege	1	name	""he:$ge
Hegemonides	1	name	
Helba	1	name	
Helbon	1	name	
Helea	1	name	
Heleas	1	name	
Heleb	1	name	
Heled	1	name	
Helef	1	name	
Helek	1	name	
Heleks	1	name	
Helem	1	name	
Helems	1	name	
Helgat	1	word	""hEl$gat
Helgedomen	1	word	""hEl$ge$%dU$men
Heliga	1	word	""he:$lI$ga
Helkai	1	name	
Helkias	1	name	
Hemam	1	name	
Hemdan	1	name	
Hemsökelsen	1	word	""hEm$%s2:$kel$sen
Hen	1	name	"he:n
Henas	1	name	
Herde	1	word	""he:$d`e
Herdetorn	1	name	
Herdetornet	1	name	
Hereshöjden	1	name	
Heretskogen	1	name	
Hermas	1	name	
Hermes	1	name	"hEr$mes
Hermogenes	1	name	
Herodion	1	name	
Herradömet	1	word	""hE$ra$%d9$met
Hesjon	1	name	
Hesmon	1	name	
Hesora	1	name	
Heter	1	word	"he:$ter
Hetiten	1	word	
Hettan	1	word	""hE$tan
Hiddai	1	name	
Hiel	1	name	
Hierapolis	1	name	
Hieronymus	1	name	
Higgajón	1	name	
Hilen	1	name	
Himlahöjdens	1	word	
Hin	1	word	"hIn
Hindra	1	word	""hIn$dra
Hiroms	1	name	
Hiski	1	name	
Hjulen	1	word	"j}:$len
Hjälpare	1	word	""jEl$pa$re
Hjälpen	1	word	"jEl$pen
Hjälper	1	word	""jEl$per
Hjälpkvinnorna	1	word	
Hjältarnas	1	word	""jEl$ta$n`as
Hjältehuset	1	name	
Hjälten	1	word	""jEl$ten
Hjärtesorg	1	word	""jE$t`e$%sOrj
Hjärtligen	1	name	""jEt`$l`i:$gen
Hoba	1	name	
Hobab	1	name	
Hobabs	1	name	
Hodaujas	1	name	
Hodes	1	name	
Hodevas	1	name	
Hodias	1	name	
Hodsis	1	name	
Hofra	1	name	
Hoglas	1	name	
Hoham	1	name	
Homam	1	name	
Horam	1	name	
Horem	1	name	
Horis	1	name	
Horons	1	name	
Hosais	1	name	
Hosaja	1	name	
Hosama	1	name	
Hosas	1	name	""hu:$sas
Hose	1	name	
Hoses	1	name	
Hotam	1	name	
Hotams	1	name	
Huckok	1	name	
Hud	1	word	"h}:d
Hufam	1	name	
Huggormsgift	1	word	
Huj	1	name	"hu0j
Hukok	1	name	
Humta	1	name	
Hundarna	1	word	""hu0n$da$n`a
Hundra	1	word	"hu0n$dra
Huppa	1	name	
Hurai	1	name	
Hurams	1	name	
Huri	1	name	
Hurudan	1	word	h}:$r}:$"dA:n
Hurudana	1	word	h}:$ru0$"dA:$na
Hus	1	word	"h}:s
Husas	1	name	""h}:$sas
Huset	1	word	"h}:$set
Husot	1	name	
Huvudbyggnaden	1	name	""h}:$vu0d$%bY$gna$den
Huvudmännen	1	word	""h}:$vu0d$%mE$nen
Huvudskallen	1	name	""h}:$vu0d$%ska$len
Huvudskalleplatsen	1	word	
Hydaspes	1	name	
Hyllen	1	name	""hY$len
Hyrkanus	1	name	
Hysen	1	word	
Hämnd	1	word	"hEmnd
Hämnens	1	word	
Hände	1	word	""hEn$de
Hängen	1	word	""hEN$en
Häpen	1	word	""hE:$pen
Häpnen	1	word	
Härförbi	1	name	"hE:r$f9r$bi:
Häri	1	word	"hE:r$i:
Härintill	1	word	hE:r$In$"tIl
Härlig	1	word	""hE:$l`Ig
Härliga	1	word	""hE:$l`I$ga
Härlige	1	word	""hE:$l`I$ge
Härlighetens	1	word	""hE:$l`Ig$%he:$tens
Härskare	1	word	""hE$s`ka$re
Härskares	1	word	""hE$s`ka$res
Härskarornas	1	word	""hE:$%s`kA:$rU$n`as
Härtill	1	word	"hE:$t`Il
Härute	1	word	hEr$""}:$te
Härutinnan	1	word	"hE:$ru0$tI$nan
Håna	1	word	""ho:$na
Hård	1	word	"ho:d`
Håret	1	word	"ho:$ret
Hög	1	word	"h2:g
Höghelig	1	word	
Högre	1	word	
Högtlovades	1	name	""h9kt$%lo:$va$des
Höjde	1	word	""h9j$de
Hölj	1	name	"h9lj
Höljen	1	word	""h9l$jen
Hörnet	1	word	""h2:$n`et
Iakttagen	1	word	""i:$akt$%tA:$gen
Ibri	1	name	
Ieser	1	name	
Ifall	1	word	I$"fal
Ilai	1	name	
Illiotkällorna	1	name	
Illitkällorna	1	name	
Illyrien	1	name	I$"ly:$rI$en
Imalkue	1	name	
Imri	1	name	
Imris	1	name	
In	1	word	"In
Inbjuden	1	word	
Inbyggarna	1	word	""In$%bY$ga$n`a
Infinnen	1	name	
Ingenting	1	word	IN$en$"tIN
Ingå	1	word	""IN$%go:
Injaga	1	word	""In$%jA:$ga
Innantill	1	word	""I$nan$%tIl
Inser	1	word	""In$%se:r
Insiktsfylld	1	word	
Inträffar	1	word	""In$%trE$far
Invigen	1	word	
Invånarna	1	word	""In$%vo:$na$n`a
Iri	1	name	
Irs	1	name	
Iru	1	name	
Itai	1	name	
Ittais	1	name	
Itureen	1	name	
Ivas	1	name	
Jaakoba	1	name	
Jaan	1	name	"jA:n
Jaanai	1	name	
Jaare	1	name	
Jaaresja	1	name	
Jaasu	1	name	
Jaba	1	name	
Jabal	1	name	
Jabboks	1	name	
Jabnes	1	name	
Jada	1	name	
Jadais	1	name	
Jadas	1	name	
Jaddu	1	name	
Jadduas	1	name	
Jadiel	1	name	
Jado	1	name	
Jadon	1	name	
Jaekan	1	name	
Jaflet	1	name	
Jagur	1	name	
Jahasiels	1	name	
Jakes	1	name	
Jalon	1	name	
Jamai	1	name	
Jambres	1	name	
Jamlek	1	name	
Jamnias	1	name	
Jannai	1	name	
Jannes	1	name	""ja$nes
Janum	1	name	
Jaret	1	name	
Jaroa	1	name	
Jaseja	1	name	
Jasen	1	name	
Jaser	1	name	
Jasera	1	name	
Jasib	1	name	
Jasis	1	name	
Jasubi	1	name	
Jatniel	1	name	
Jaurs	1	name	
Javäl	1	name	ja$"vE:l
Jeaterai	1	name	
Jeberekjas	1	name	
Jedais	1	name	
Jedida	1	name	
Jedidja	1	name	
Jeditun	1	name	
Jedituns	1	name	
Jefonnes	1	name	
Jefunne	1	name	
Jegar	1	name	
Jehia	1	name	
Jehud	1	name	
Jehuel	1	name	
Jehukal	1	name	
Jekabseel	1	name	
Jekilja	1	name	
Jekolja	1	name	
Jekonjas	1	name	
Jekutiel	1	name	
Jemima	1	name	
Jemnaan	1	name	
Jereds	1	name	
Jeremai	1	name	
Jeribai	1	name	
Jeriel	1	name	
Jerikoområdet	1	name	
Jeriot	1	name	
Jeroboam	1	name	
Jerubbesets	1	name	
Jeruels	1	name	
Jesabel	1	name	
Jesana	1	name	
Jesarela	1	name	
Jesebab	1	name	
Jesimiel	1	name	
Jesisai	1	name	
Jesodporten	1	name	
Jesohaja	1	name	
Jesuel	1	name	
Jibsam	1	name	
Jidala	1	name	
Jidbas	1	name	
Jiddo	1	name	
Jidlaf	1	name	
Jifdeja	1	name	
Jigdaljas	1	name	
Jimnas	1	name	
Jimnasläkten	1	name	
Jimra	1	name	
Jireon	1	name	
Jirpeel	1	name	
Jisba	1	name	
Jisbo	1	name	
Jiska	1	name	
Jislia	1	name	
Jisma	1	name	
Jismakja	1	name	
Jismerai	1	name	
Jispa	1	name	
Jispan	1	name	
Jisraja	1	name	
Jisreeliten	1	word	
Jisri	1	name	
Jissias	1	name	
Jitla	1	name	
Jitma	1	name	
Jitnan	1	name	
Jitra	1	name	
Joaddan	1	name	
Joaddin	1	name	
Joanan	1	name	
Joda	1	name	
Joed	1	name	
Joela	1	name	
Joeser	1	name	
Joglis	1	name	
Jojaribs	1	name	
Jokdeam	1	name	
Jokim	1	name	
Joksans	1	name	
Jonam	1	name	
Jorai	1	name	
Joras	1	name	
Jordbruks	1	name	""ju:d`$%br}:ks
Jorim	1	name	
Jorkeams	1	name	
Josa	1	name	
Josakar	1	name	
Josauja	1	name	
Joseb	1	name	
Joseba	1	name	
Josedeks	1	name	
Josek	1	name	
Josibja	1	name	
Josifjas	1	name	
Jotba	1	name	
Jubal	1	name	
Judits	1	name	"j}:$dIts
Jukal	1	name	
Julia	1	name	"j}:$lI$a
Junias	1	name	
Jupiterstempel	1	name	
Jusab	1	name	
Juta	1	name	
Jutta	1	name	""ju0$ta
Jämföres	1	name	""jEm$%f2:$res
Jämgod	1	name	
Jämnen	1	name	
Järn	1	word	"jE:n`
Kabbon	1	name	
Kabul	1	name	ka$"bUl
Kabuls	1	name	ka$"bUls
Kafarsalama	1	name	
Kafenata	1	name	
Kaftors	1	name	
Kainam	1	name	
Kainan	1	name	
Kaldéen	1	word	kal$"de:$en
Kalfis	1	name	
Kalken	1	word	"kal$ken
Kall	1	word	"kal
Kallai	1	name	
Kallistenes	1	name	
Kalno	1	name	
Kamais	1	name	
Kamon	1	name	
Kananéernas	1	word	
Kandace	1	name	
Kanne	1	name	
Kanten	1	word	"kan$ten
Kar	1	name	"kA:r
Karax	1	name	
Karien	1	name	
Karka	1	name	
Karkas	1	name	kar$"kA:s
Karkor	1	name	
Karlavagnen	1	name	""kA:$l`a$%vaN$nen
Karnaim	1	name	
Karpus	1	name	
Karsena	1	name	
Karta	1	name	""kA:$t`a
Kartan	1	name	""kA:$t`an
Kasin	1	name	
Kaspin	1	name	
Kastar	1	word	""ka$star
Kattat	1	name	
Kauda	1	name	
Kedemots	1	name	
Kedjehängen	1	word	
Kefar	1	name	
Kefiras	1	name	
Kefirim	1	name	
Kelaja	1	name	
Kelal	1	name	
Keleuds	1	name	
Kelub	1	name	
Kelubai	1	name	
Kelubs	1	name	
Keluhi	1	name	
Kelus	1	name	
Kemuels	1	name	
Kenaana	1	name	
Kenani	1	name	
Kenans	1	name	
Keramim	1	name	
Keren	1	name	
Keriots	1	name	
Keruberna	1	word	s'e$"r}:$be$n`a
Kesalon	1	name	
Kesed	1	name	
Kesia	1	name	
Kesib	1	name	
Kesil	1	name	
Kesis	1	name	
Kesullot	1	name	
Kibsaim	1	name	
Kidonslogen	1	name	
Kilab	1	name	
Kilmad	1	name	
Kimhams	1	name	
Kina	1	name	""s'i:$na
Kinarotsjön	1	name	
Kios	1	name	
Kirjatama	1	name	
Kiseas	1	name	
Kisi	1	name	
Kislons	1	name	
Kislot	1	name	
Kisons	1	name	
Kitlis	1	name	
Kitron	1	name	
Kittim	1	name	
Kiun	1	name	
Kiv	1	word	"s'i:v
Kiven	1	name	
Klagen	1	word	
Klagolåten	1	name	""klA:$gU$%lo:$ten
Klagosångerna	1	name	""klA:$gU$%sON$e$n`a
Klandra	1	name	""kland$dra
Klappen	1	word	"kla$pen
Klaudia	1	name	"kla*U$dI$a
Klemens	1	name	"kle:$mens
Kleopas	1	name	
Kleopatras	1	name	
Kloes	1	name	
Klopas	1	name	
Kläden	1	word	"klE:$den
Klädseln	1	name	"klE:d$seln
Knappa	1	word	""kna$pa
Knyter	1	name	"kny:$ter
Kobai	1	name	
Koken	1	word	"ku:$ken
Kola	1	name	""ko:$la
Kolaja	1	name	
Kolajas	1	name	
Kolosse	1	name	
Kommande	1	word	""kO$man$de
Kona	1	name	""ko:$na
Konstnärens	1	word	""kOnst$%nE:$rens
Konungaboken	1	name	
Konungadöttrar	1	name	
Konungarnas	1	word	""ko:$nu0N$a$n`as
Konungars	1	word	""ko:$nu0N$as`
Konungsdammen	1	name	
Konungsporten	1	name	
Kor	1	word	"ku:r
Koraller	1	word	kU$"ra$ler
Koreb	1	name	
Kosam	1	name	
Koseba	1	name	
Kraft	1	word	"kraft
Kraftverkningarna	1	name	
Krates	1	name	
Krescens	1	name	
Kreterna	1	name	"kre:$te$n`a
Krig	1	word	"kri:g
Kriget	1	word	"kri:$get
Kristuslidanden	1	name	
Kronan	1	word	""kru:$nan
Kroppen	1	word	"krO$pen
Krukmakaren	1	word	""kr}:k$%mA:$ka$ren
Kräv	1	word	"krE:v
Kräven	1	name	
Kun	1	name	"ku0n
Kungör	1	word	""ku0$%nj2:r
Kunskapen	1	word	""ku0n$%skA:$pen
Kusajas	1	name	
Kusans	1	name	
Kusas	1	name	
Kusi	1	name	
Kusis	1	name	
Kut	1	name	"k}:t
Kuta	1	name	""k}:$ta
Kvartus	1	name	
Kvintus	1	name	
Kvirinius	1	name	
Kydios	1	name	
Kyssar	1	word	""s'Y$sar
Kämpen	1	word	""s'Em$pen
Kände	1	word	""s'En$de
Känn	1	word	"s'En
Känner	1	word	"s'E$ner
Kärleksäpplena	1	name	
Kärlen	1	word	"s'E:$l`en
Köpmän	1	word	""s'2:p$%mEn
Köpmännen	1	word	""s'2:p$%mE$nen
Köttets	1	word	"s'9$tets
Lackum	1	name	
Laeda	1	name	
Laels	1	name	
Laga	1	word	""lA:$ga
Laglöse	1	name	""lA:g$%l2:$se
Laglöshetens	1	word	""lA:g$l2:s$%he:$tens
Lagöverträdelse	1	word	""lA:g$2:$ve$%t`rE:$del$se
Lahad	1	name	
Laisa	1	name	
Lamas	1	name	""lA:$mas
Lamek	1	name	
Lami	1	name	
Lamporna	1	word	""lam$pU$n`a
Land	1	word	"land
Landets	1	word	"land$dets
Landshövdingarnas	1	word	""lands$%h9v$dIN$a$n`as
Laodiceas	1	name	
Lappidots	1	name	
Lasea	1	name	
Lassaron	1	name	
Leafra	1	name	
Leb	1	name	
Lebbeus	1	name	
Lebona	1	name	
Ledsagen	1	name	
Lejon	1	word	""lE$jOn
Lekas	1	name	""le:$kas
Lemoel	1	name	
Lemuels	1	name	
Lerskärvsporten	1	name	
Lesa	1	name	
Leven	1	word	
Leviatans	1	name	
Libanonstornet	1	name	
Libanonstrakten	1	name	
Libnat	1	name	
Libyens	1	name	"li:$bY$ens
Lidebirs	1	name	
Ligger	1	word	""lI$ger
Likadana	1	word	li:$ka$"dA:$na
Likhi	1	name	
Lilit	1	name	
Linus	1	name	"li:$nu0s
Litostroton	1	name	
Liv	1	word	"li:v
Livet	1	word	"li:$vet
Livets	1	word	"li:$vets
Ljudet	1	word	"j}:$det
Ljuset	1	word	"j}:$set
Ljuv	1	word	"j}:v
Ljuvt	1	word	"j}:ft
Logen	1	word	"lo:$s`en
Lois	1	name	
Lotten	1	word	"lO$ten
Lotterna	1	name	""lO$te$n`a
Lottkastning	1	word	
Lotusträd	1	word	
Lovas	1	word	""lo:$vas
Love	1	word	""lu:$ve
Lovet	1	word	"lo:$vet
Lovsång	1	word	""lo:v$%sON
Lura	1	word	""l}:$ra
Lycka	1	word	""lY$ka
Lyckligare	1	word	""lY$klI$ga$re
Lydien	1	name	"ly:$dI$en
Lykaonien	1	name	
Lysanias	1	name	
Lysen	1	word	""ly:$sen
Läckerheter	1	word	""lE$ker$%he:$ter
Läkare	1	word	""lE:$ka$re
Läkarens	1	word	""lE:$ka$rens
Längden	1	word	"lEN$den
Längesedan	1	word	""lEN$e$%se:$dan
Lärjungarna	1	word	""lE:r$%ju0N$a$n`a
Lätt	1	word	"lEt
Lättfånget	1	name	
Lättja	1	word	""lEt$ja
Lånar	1	word	""lo:$nar
Långvarig	1	word	""lON$%vA:$rIg
Låte	1	word	
Låter	1	word	"lo:$ter
Låtsa	1	word	""lOt$sa
Lögnaren	1	name	""l9N$na$ren
Lögnsyner	1	name	
Löparna	1	name	""l2:$pa$n`a
Löpen	1	word	"l2:$pen
Lösaktighet	1	word	""l2:s$ak$tIg$%he:t
Lösen	1	word	"l2:$sen
Löt	1	name	"l2:t
Lövhyddohögtiden	1	word	""l2:v$hY$dU$h9k$%ti:$den
Maadai	1	name	
Maadja	1	name	
Maai	1	name	
Maarat	1	name	
Maare	1	name	
Maas	1	name	
Maasai	1	name	
Maaseas	1	name	
Maat	1	name	
Macedoniens	1	name	ma$ke$"du:$nI$ens
Madmanna	1	name	
Madmannas	1	name	
Madmen	1	name	
Madmena	1	name	
Magadans	1	name	
Magbis	1	name	
Magdalena	1	name	mag$da$""le:$na
Magogs	1	name	
Magor	1	name	
Magpias	1	name	
Mahalalels	1	name	
Mahalát	1	name	
Mahelons	1	name	
Mahols	1	name	
Majestätet	1	name	ma$je$"stE:$tet
Makas	1	name	""mA:$kas
Makbannai	1	name	
Makbenas	1	name	
Makis	1	name	
Makmas	1	name	
Maknaddebai	1	name	
Makron	1	name	"ma$krUn
Maktlösa	1	word	""makt$%l2:$sa
Malaki	1	name	
Maleleel	1	name	
Malkiram	1	name	
Malkus	1	name	
Malluki	1	name	
Mallus	1	name	
Malta	1	name	""mal$ta
Malört	1	word	""mA:l$%9t`
Mana	1	word	""mA:$na
Manaen	1	name	
Manen	1	name	"mA:$nen
Manius	1	name	
Manskapet	1	word	""man$%skA:$pet
Maoks	1	name	
Marana	1	name	
Mareala	1	name	
Markabot	1	name	
Marken	1	word	"mar$ken
Markens	1	word	"mar$kens
Marots	1	name	
Marsena	1	name	
Mas	1	name	"mA:s
Masal	1	name	
Masfa	1	name	
Masmanna	1	name	
Massas	1	name	""ma$sas
Maten	1	word	""mA:$ten
Matris	1	name	""mA:t$%ri:s
Mattans	1	name	""ma$tans
Mattata	1	name	
Mattatta	1	name	
Matusala	1	name	
Meara	1	name	
Mebunnai	1	name	
Medaba	1	name	
Meddelen	1	word	
Medebaslätten	1	name	
Megiddons	1	name	
Mehir	1	name	
Mehuman	1	name	
Mekona	1	name	
Melatja	1	name	
Melea	1	name	
Meleks	1	name	
Melkiels	1	name	
Mellan	1	word	""mE$lan
Mellersta	1	word	"mE$le$s`t`a
Memfis	1	name	
Memmius	1	name	
Mena	1	word	""me:$na
Menahems	1	name	
Meni	1	name	
Menighetsporten	1	name	
Menna	1	name	
Meonotai	1	name	
Meraja	1	name	
Merataims	1	name	
Meres	1	name	
Meribots	1	name	
Merkurius	1	name	mEr$"k}:$rI$u0s
Meron	1	name	
Meros	1	name	
Merran	1	name	
Mesalot	1	name	
Meseks	1	name	
Meselemjas	1	name	
Mesesabels	1	name	
Mesillemit	1	name	
Mesillemot	1	name	
Mesillemots	1	name	
Mesobab	1	name	
Mesullams	1	name	
Mesullemet	1	name	
Metuselas	1	name	
Mibhar	1	name	
Middin	1	name	
Mikajas	1	name	
Mikri	1	name	
Milalai	1	name	
Milda	1	word	""mIl$da
Mildhet	1	word	""mIld$%he:t
Milkas	1	name	
Millobyggnaden	1	name	
Minnes	1	word	""mI$nes
Minnis	1	name	
Mirma	1	name	
Misars	1	name	
Miseam	1	name	
Mismas	1	name	
Mispalandet	1	name	
Mispar	1	name	
Mispat	1	name	
Mispedalen	1	name	
Misperet	1	name	
Missabib	1	name	
Misshagar	1	word	""mIs$%hA:$gar
Misstycker	1	name	""mI$%stY$ker
Mittelhöjden	1	name	
Mitylene	1	name	
Mjölk	1	word	"mj9lk
Mnason	1	name	
Moabiterna	1	word	
Moabitiskan	1	word	
Moadja	1	name	
Mod	1	word	"mu:d
Moder	1	word	""mu:$der
Mof	1	name	
Mofaat	1	name	
Mokmur	1	name	
Molid	1	name	
Moln	1	word	"mo:ln
Moloks	1	name	
Morastiten	1	word	
Morehöjden	1	name	
Moreset	1	name	
Morgonen	1	word	""mOr$gO$nen
Morgonrodnadens	1	word	""mOr$gOn$%ro:d$na$dens
Mortelkvarteret	1	name	
Mosera	1	name	
Motsäg	1	name	
Mottag	1	name	""mu:t$%tA:g
Muntligen	1	word	""mu0nt$lI$gen
Muppim	1	name	
Murarna	1	word	""m}:$ra$n`a
Mutlabbén	1	name	
Mutor	1	word	""m}:$tUr
Myndus	1	name	
Myrra	1	word	""mY$ra
Mäktige	1	word	""mEk$tI$ge
Män	1	word	"mEn
Människans	1	word	""mE$nI$x\ans
Människofruktan	1	name	
Människor	1	word	""mE$nI$x\Ur
Människoögon	1	word	
Mätta	1	word	""mE$ta
Måhända	1	word	mo:$""hEn$da
Månaden	1	word	""mo:$na$den
Måtte	1	word	""mO$te
Möda	1	word	""m2:$da
Mönstringsporten	1	name	
Mörkblått	1	word	""m9rk$%blOt
Mörkret	1	word	"m9r$kret
Naam	1	name	
Naarai	1	name	
Naaran	1	name	
Naaras	1	name	
Nabats	1	name	
Nadabat	1	name	
Nadabs	1	name	
Nafot	1	name	
Naggai	1	name	
Nahalol	1	name	
Nahamani	1	name	
Nahams	1	name	
Naharai	1	name	
Nahebi	1	name	
Naherai	1	name	
Nahums	1	name	
Naiman	1	name	
Nain	1	name	
Naken	1	word	""nA:$ken
Nakonslogen	1	name	
Nakor	1	name	
Nalkens	1	name	
Narcissus	1	name	
Natam	1	name	
Natt	1	word	"nat
Naum	1	name	""nA:$u0m
Nea	1	name	""ne:$a
Neapolis	1	name	
Nearjas	1	name	
Neballat	1	name	
Nebat	1	name	
Nebusasban	1	name	
Nedabja	1	name	
Nedantill	1	word	""ne:$dan$%tIl
Nedbruten	1	word	""ne:d$%br}:$ten
Nedgören	1	word	
Nedslaget	1	name	""ne:d$%slA:$get
Nefisims	1	name	
Neftalim	1	name	
Nefusesims	1	name	
Negiel	1	name	
Nehilót	1	name	
Nehum	1	name	
Nehusta	1	name	
Nehustan	1	name	
Neka	1	word	""ne:$ka
Nereus	1	name	
Neri	1	name	
Nesib	1	name	
Netaim	1	name	
Netan	1	name	
Nibhas	1	name	
Nibsan	1	name	
Niger	1	name	"ni:$ger
Nikolaus	1	name	nI$kU$"lA:$u0s
Nikopolis	1	name	
Nilens	1	name	"ni:$lens
Nilflod	1	name	
Nimrods	1	name	"nIm$rOds
Nio	1	word	""ni:$U
Nitälskan	1	word	""ni:t$%El$skan
Nitälskare	1	name	""ni:t$%El$ska$re
Njut	1	name	"nj}:t
Nobai	1	name	
Nod	1	name	"nu:d
Nodab	1	name	
Noha	1	name	
Non	1	name	
Nordanvind	1	word	""nu:$d`an$%vInd
Norden	1	word	"nu:$d`en
Nordlandets	1	name	
Nordlandskonungen	1	name	
Nordlandskonungens	1	name	
Norr	1	word	"nOr
Norrut	1	word	"nO$r}:t
Nymfas	1	name	
Nymånader	1	word	
Näppeligen	1	name	""nE$pe$lI$gen
Näps	1	name	"nEps
Närhelst	1	word	nE:r$"hElst
Näringsbekymmer	1	name	
Nätlika	1	name	
Nådegåvorna	1	name	""no:$de$%go:$vU$n`a
Nådig	1	word	""no:$dIg
Nöd	1	word	"n2:d
Obal	1	name	
Obarmhärtig	1	word	""u:$barm$%hE$t`Ig
Obeds	1	name	
Obil	1	name	
Ocina	1	name	
Odeds	1	name	
Odollam	1	name	
Odomera	1	name	
Ofais	1	name	
Ofelhöjden	1	name	
Offerhöjderna	1	word	
Offren	1	word	"O$fren
Ofirs	1	name	
Ofni	1	name	
Ofta	1	word	""Of$ta
Oförnuft	1	word	""u:$f9$%n`u0ft
Oförståndiga	1	word	
Ogudaktigheten	1	word	""u:$g}:d$ak$tIg$%he:$ten
Ogudaktighetens	1	word	""u:$g}:d$ak$tIg$%he:$tens
Ohel	1	name	
Ohelbar	1	name	
Ohjälplig	1	name	""u:$%jEl$plIg
Oholibamas	1	name	
Ok	1	word	"u:k
Oks	1	name	"u:ks
Olivplanteringar	1	word	
Olyckan	1	word	""u:$%lY$kan
Olycklig	1	word	""u:$%lY$klIg
Olympas	1	name	
Oläkligt	1	word	""u:$lE:$klIkt
Ombesörjen	1	name	
Omedelbart	1	word	""u:$me:$del$%bA:t`
Omgivna	1	word	""Om$%ji:v$na
Omhängena	1	word	""Om$%hEN$e$na
Omsider	1	word	Om$"si:$der
Omskäras	1	word	""Om$%x\E:$ras
Omsorg	1	word	""Om$%sOrj
Omstörtas	1	word	""Om$%st9$t`as
Omvänden	1	word	
Onams	1	name	
Oni	1	word	
Ordnen	1	name	"o:d`$n`en
Ordningen	1	word	""o:d`$n`IN$en
Ords	1	word	"u:d`s`
Orebs	1	name	
Oregims	1	name	
Orenen	1	word	
Orenhet	1	word	""u:$re:n$%he:t
Orions	1	name	U$"ri:$Ons
Ormen	1	word	"Ur$men
Oroa	1	word	""u:$%ru:$a
Orsaken	1	word	""u:$%s`A:$ken
Ortosia	1	name	
Orättfärdig	1	word	""u:$rEt$%fE:$d`Ig
Orättfånget	1	word	
Oseas	1	name	
Osiel	1	name	
Osni	1	name	
Ostrafflighet	1	word	
Osynlige	1	word	""u:$%sy:n$lI$ge
Osyrat	1	word	""u:$%sy:$rat
Otni	1	name	
Ovan	1	word	""o:$vA:n
Ovanför	1	word	
Oxarna	1	word	""Uk$sa$n`a
Paarai	1	name	
Paddorna	1	word	""pa$dU$n`a
Pagi	1	name	
Pagiels	1	name	
Pagu	1	name	
Palal	1	name	
Pallus	1	name	
Panea	1	name	
Para	1	word	""pA:$ra
Parmasta	1	name	
Parmenas	1	name	
Parnaks	1	name	
Parpar	1	name	
Parsandata	1	name	
Paruas	1	name	
Parvaim	1	name	
Parvarim	1	name	
Pas	1	name	
Pasak	1	name	
Pasea	1	name	
Passes	1	name	
Patara	1	name	
Patmos	1	name	
Patrobas	1	name	
Patroklus	1	name	
Pedael	1	name	
Pekod	1	name	
Pelalja	1	name	
Pelarna	1	word	""pe:$la$n`a
Pelets	1	name	
Pelikaner	1	word	pe$lI$"kA:$ner
Peors	1	name	
Perasims	1	name	
Peridas	1	name	
Persepolis	1	name	
Perseus	1	name	
Persis	1	name	
Perudas	1	name	
Petuels	1	name	
Peulletai	1	name	
Pildas	1	name	
Pilen	1	word	"pi:$len
Pilha	1	name	
Pilnesers	1	name	
Piltai	1	name	
Pilträdsbäcken	1	name	
Piram	1	name	
Pirgaton	1	name	
Piskan	1	name	""pI$skan
Pison	1	name	
Pispa	1	name	
Pitom	1	name	
Planer	1	word	""plA:$ner
Planerna	1	word	""plA:$ne$n`a
Plundra	1	word	""plu0n$dra
Pläga	1	word	""plE:$ga
Plägar	1	word	""plE:$gar
Plåga	1	word	""plo:$ga
Poneporten	1	name	
Porata	1	name	
Porcius	1	name	
Posidonius	1	name	
Pratmakarnas	1	name	""prA:t$%mA:$ka$n`as
Priset	1	word	"pri:$set
Profet	1	word	prU$"fe:t
Profeternas	1	word	prU$"fe:$te$n`as
Profetlärjungarna	1	word	
Prokorus	1	name	
Pryd	1	name	"pry:d
Präster	1	word	""prE$ster
Pröva	1	word	""pr2:$va
Pröve	1	name	
Ptolomeus	1	name	
Publikaner	1	word	pu0$blI$"kA:$ner
Pudens	1	name	"p}:$dens
Puls	1	name	"pu0ls
Puteoli	1	name	
Putiels	1	name	
Pyrrus	1	name	
Påminn	1	name	""po:$%mIn
Påsk	1	word	"pOsk
Påskynda	1	word	""po:$%x\Yn$da
Raamja	1	name	
Raamses	1	name	
Rabbimsporten	1	name	
Rabbit	1	name	
Rabsake	1	name	
Rackat	1	name	
Raddai	1	name	
Rafain	1	name	
Rafon	1	name	
Rafus	1	name	
Ragau	1	name	
Rahabs	1	name	
Raham	1	name	
Rakab	1	name	
Rakal	1	name	
Ramas	1	name	""rA:$mas
Ramesse	1	name	
Ramja	1	name	
Rannsaken	1	word	
Rasen	1	name	"rA:$sen
Rassis	1	name	
Red	1	word	"re:d
Reelaja	1	name	
Refa	1	name	
Refael	1	name	
Refaims	1	name	
Refajas	1	name	
Regium	1	name	
Regn	1	word	"rENn
Rei	1	name	
Reka	1	name	""re:$ka
Remet	1	name	
Ren	1	word	"re:n
Rensen	1	word	"rEn$sen
Resa	1	word	""re:$sa
Reson	1	name	re$"su:n
Reta	1	word	""re:$ta
Reuma	1	name	"rE*U$ma
Rifat	1	name	
Rikligen	1	word	""ri:$klI$gen
Rimfrosten	1	name	""rIm$%frO$sten
Rimmono	1	name	
Ringa	1	word	""rIN$a
Ringakta	1	word	""rIN$%ak$ta
Rinna	1	word	""rI$na
Rinnande	1	word	
Ris	1	word	"ri:s
Risataims	1	name	
Risja	1	name	
Riv	1	word	"ri:v
Riva	1	word	""ri:$va
Rode	1	name	
Rodokus	1	name	
Rohaga	1	name	
Romfas	1	name	
Ropet	1	word	"ru:$pet
Runt	1	word	"ru0nt
Runtom	1	word	
Ruset	1	word	"r}:$set
Ryktet	1	word	""rYk$tet
Ryter	1	word	"ry:$ter
Ryttare	1	word	""rY$ta$re
Ryttaren	1	word	""rY$ta$ren
Ryttarna	1	word	""rY$ta$n`a
Räddhåga	1	word	""rEd$%ho:$ga
Räds	1	name	"rE:ds
Räknar	1	word	""rE:$knar
Rätten	1	word	"rE$ten
Rättfärdighetens	1	word	""rEt$fE:$d`Ig$%he:$tens
Rättstjänarna	1	word	
Råd	1	word	"ro:d
Rådsherrar	1	word	""ro:ds$%hE$rar
Röj	1	word	"r9j
Rör	1	word	"r2:r
Rösten	1	word	"r9$sten
Röven	1	word	"r2:$ven
Saalabbin	1	name	
Saalimslandet	1	name	
Saanannim	1	name	
Saanans	1	name	
Saannim	1	name	
Saasgas	1	name	
Sabat	1	name	
Sabbai	1	name	
Sabbais	1	name	
Sabbaten	1	word	"sa$ba$ten
Sabbatsdag	1	word	""sa$bats$%dA:g
Sabbud	1	name	
Sabdiels	1	name	
Sabud	1	name	
Sackurs	1	name	
Sadducéerna	1	word	sa$d}:$"se:$e$n`a
Sadlen	1	name	
Saf	1	name	
Safam	1	name	
Safenat	1	name	
Safira	1	name	
Safirs	1	name	sa$"fi:s`
Sages	1	name	
Sahaduta	1	name	
Saham	1	name	
Sahar	1	name	
Saharaim	1	name	
Sahasuma	1	name	
Sair	1	name	
Sakar	1	name	""sA:$kar
Sakars	1	name	
Sakeja	1	name	
Salafs	1	name	
Salamiel	1	name	
Salamis	1	name	sa$"lA:$mIs
Saligare	1	name	""sA:$lI$ga$re
Salim	1	name	
Salisa	1	name	
Salisalandet	1	name	
Salleketporten	1	name	
Sallun	1	name	
Salmais	1	name	
Salman	1	name	"sal$man
Salmas	1	name	
Salmone	1	name	
Salom	1	name	
Saloms	1	name	
Saltet	1	word	"sal$tet
Salthavets	1	name	
Saltörter	1	name	
Salus	1	name	
Salvor	1	word	""sal$vUr
Sama	1	name	
Sambri	1	name	
Samgars	1	name	
Samhut	1	name	
Samlais	1	name	
Samle	1	name	
Sammot	1	name	
Samotrace	1	name	
Sampsame	1	name	
Samserai	1	name	
Samur	1	name	
San	1	name	"san
Sand	1	word	"sand
Sandaler	1	word	san$"dA:$ler
Sanna	1	word	""sa$na
Sannfärdiga	1	word	""san$%fE:$d`I$ga
Sannfärdige	1	word	""san$%fE:$d`I$ge
Sanningen	1	word	""sa$nIN$en
Sansanna	1	name	
Saraf	1	name	
Saramel	1	name	
Sarars	1	name	
Sarasadai	1	name	
Sarepta	1	name	
Sargon	1	name	
Saris	1	name	"sA:$rIs
Sarsekim	1	name	
Saruhen	1	name	
Sasa	1	name	"sA:$sa
Sasai	1	name	
Sasak	1	name	
Sasaks	1	name	
Sattu	1	name	
Sausa	1	name	
Save	1	word	
Savedalen	1	name	
Seal	1	name	
Sealtiel	1	name	
Sear	1	name	
Sebam	1	name	
Sebarim	1	name	
Sebat	1	name	
Seber	1	name	
Sebida	1	name	
Sebina	1	name	
Seboimsdalen	1	name	
Sedeks	1	name	
Sedermera	1	word	""se:$der$%me:$ra
Seebs	1	name	
Seebspressen	1	name	
Seendets	1	name	""se:$en$dets
Sefar	1	name	
Sefarad	1	name	
Sefarvaim	1	name	
Sefat	1	name	
Sefatas	1	name	
Sefufam	1	name	
Sefufan	1	name	
Segib	1	name	
Seharja	1	name	
Seira	1	name	
Seja	1	name	
Sekaka	1	name	
Sekem	1	name	
Seker	1	name	
Seku	1	name	
Sekundus	1	name	
Seles	1	name	"se:$les
Selomis	1	name	
Selomots	1	name	
Selsa	1	name	
Selumiels	1	name	
Semakja	1	name	
Semeber	1	name	
Semed	1	name	
Semein	1	name	
Semers	1	name	
Semeskällan	1	name	
Semeskällans	1	name	
Semida	1	name	
Seminít	1	name	
Semira	1	name	
Senan	1	name	""se:$nan
Senas	1	name	
Senassar	1	name	
Sene	1	name	""se:$ne
Seorim	1	name	
Serafer	1	name	se$"rA:$fer
Serajas	1	name	
Sereds	1	name	
Serera	1	name	
Sergius	1	name	
Seri	1	name	
Seror	1	name	
Seruga	1	name	
Seruk	1	name	
Sesak	1	name	
Sesaks	1	name	
Sesans	1	name	
Setan	1	name	
Sets	1	name	"se:ts
Setur	1	name	
Seva	1	name	
Sia	1	name	""si:$a
Siahas	1	name	
Siarna	1	word	""si:$a$n`a
Sias	1	name	""si:$as
Sibas	1	name	
Sibea	1	name	
Sibraim	1	name	
Sickeron	1	name	
Sickut	1	name	
Sicyon	1	name	
Siddim	1	name	
Side	1	name	"si:$de
Sidokamrarnas	1	word	
Sifa	1	name	
Sifamot	1	name	
Sifei	1	name	
Sifjon	1	name	
Sifra	1	name	
Sifron	1	name	
Sifs	1	name	
Siftans	1	name	
Sigjonót	1	name	
Sigvid	1	name	
Siha	1	name	
Sikeln	1	word	"si:$keln
Silhim	1	name	
Siloas	1	name	
Silsa	1	name	
Simeai	1	name	
Simeam	1	name	
Simeat	1	name	
Simeats	1	name	
Simmas	1	name	""sI$mas
Simrat	1	name	
Simris	1	name	""sIm$rIs
Simrit	1	name	
Sinab	1	name	
Sior	1	name	
Sippai	1	name	
Sisom	1	name	
Sitna	1	name	
Sitrai	1	name	
Sitri	1	name	
Sitten	1	word	
Sitter	1	word	"sI$ter
Sjustjärnornas	1	name	""x\}:$%x\E:$n`U$n`as
Sjömännen	1	word	""x\2:$%mE$nen
Skaftet	1	word	"skaf$tet
Skaka	1	word	""skA:$ka
Skallighet	1	name	""ska$lIg$%he:t
Skam	1	word	"skam
Skapa	1	word	""skA:$pa
Skapelsen	1	word	""skA:$pel$sen
Skaran	1	word	""skA:$ran
Skarpa	1	word	""skar$pa
Skedde	1	word	""x\E$de
Skepp	1	word	"x\Ep
Skevas	1	name	""x\e:$vas
Skicken	1	word	"x\I$ken
Skilj	1	name	"x\Ilj
Skjut	1	word	"x\}:t
Skjuten	1	word	""x\}:$ten
Skogshuset	1	name	
Skonen	1	name	
Skrivelser	1	word	""skri:$vel$ser
Skrivet	1	word	""skri:$vet
Skrymta	1	name	""skrYm$ta
Skräckröster	1	name	
Skuggorna	1	word	""sku0$gU$n`a
Sky	1	word	"x\y:
Skyarna	1	word	""x\y:$a$n`a
Skyttar	1	name	""x\Y$tar
Skäl	1	word	"x\E:l
Skämta	1	word	""x\Em$ta
Skänker	1	word	""x\EN$ker
Skära	1	word	""x\E:$ra
Sköldar	1	word	""x\9l$dar
Skön	1	word	"x\2:n
Skönhet	1	word	""x\2:n$%he:t
Skönt	1	word	"x\2:nt
Skördemännen	1	word	
Slagna	1	word	
Slog	1	word	"slu:g
Slättlandet	1	word	""slEt$%land$det
Slån	1	word	"slo:n
Slår	1	word	"slo:r
Slöt	1	word	"sl2:t
Smaken	1	word	"smA:$ken
Smeden	1	word	"sme:$den
Smid	1	name	"smi:d
Smiden	1	name	""smi:$den
Smyrna	1	name	""smYr$n`a
Smyrnas	1	name	""smY$n`as
Smädar	1	word	""smE:$dar
Smädlig	1	name	""smE:d$lIg
Smälek	1	word	""smE:$%le:k
Små	1	word	"smo:
Snaror	1	word	""snA:$rUr
Snöflingorna	1	name	""sn2:$%flIN$U$n`a
So	1	name	"su:
Sobek	1	name	
Sobi	1	name	
Sodis	1	name	
Sodomsfurstar	1	name	
Sofa	1	name	
Sofai	1	name	
Sofan	1	name	
Sofas	1	name	
Soferets	1	name	
Soffor	1	word	""sO$fUr
Sofim	1	name	
Soham	1	name	
Soheletstenen	1	name	
Sohet	1	name	
Sohets	1	name	
Sokos	1	name	
Sol	1	word	"su:l
Somer	1	name	
Somers	1	name	
Sonens	1	word	"so:$nens
Sopater	1	name	
Sorek	1	name	
Sorg	1	word	"sOrj
Sorgen	1	word	"sOr$jen
Sorgestenen	1	name	
Sorglöst	1	name	""sOrj$%l2:st
Sosak	1	name	
Sosipaters	1	name	
Spana	1	word	""spA:$na
Spartanernas	1	word	spar$"tA:$ne$n`as
Speja	1	word	""spE$ja
Spenabarnets	1	name	""spe:$na$%bA:$n`ets
Spiran	1	word	""spi:$ran
Spisoffer	1	word	
Spisoffret	1	word	
Spring	1	name	"sprIN
Springer	1	word	"sprIN$er
Spå	1	word	"spo:
Spådomar	1	word	""spo:$%dU$mar
Spörj	1	name	
Stadens	1	word	"stA:$dens
Stadsmurens	1	name	""stats$%m}:$rens
Stakys	1	name	
Stamhövdingar	1	word	""stam$%h9v$dIN$ar
Stark	1	word	"stark
Sten	1	word	"ste:n
Stenbockarna	1	name	""ste:n$%bO$ka$n`a
Stenbocksklipporna	1	name	
Stjärngemak	1	name	
Stjärngemaket	1	name	
Stolt	1	word	"stOlt
Stolthet	1	word	""stOlt$%he:t
Stormannen	1	name	""stu:r$%ma$nen
Stormen	1	word	"stOr$men
Stormännen	1	word	""stu:r$%mE$nen
Storsvärjarens	1	name	
Stort	1	word	
Stortaliga	1	word	
Straffa	1	word	""stra$fa
Straffar	1	word	""stra$far
Straffdomar	1	word	""straf$%dU$mar
Striden	1	word	"stri:$den
Strider	1	word	""stri:$der
Strutshonans	1	name	
Sträva	1	word	""strE:$va
Strömportarna	1	name	
Stulet	1	word	""st}:$let
Stället	1	word	""stE$let
Stämpla	1	word	""stEm$pla
Ständigt	1	word	""stEn$dIkt
Stängerna	1	word	"stEN$e$n`a
Stärken	1	word	
Ståthållaren	1	word	""sto:t$%hO$la$ren
Stöd	1	word	"st2:d
Störten	1	name	
Sualslandet	1	name	
Subaels	1	name	
Suckan	1	word	""su0$kan
Sucken	1	name	"su0$ken
Sud	1	name	
Sufa	1	name	
Sufs	1	name	
Suham	1	name	
Suhamiternas	1	word	
Suhas	1	name	
Suriel	1	name	
Surporten	1	name	
Susannas	1	name	su0$""sa$nas
Susas	1	name	""s}:$sas
Susim	1	name	
Susis	1	name	
Sutelas	1	name	
Svar	1	word	"svA:r
Svart	1	word	"svat`
Svek	1	word	"sve:k
Svår	1	word	"svo:r
Sykar	1	name	
Syndare	1	word	""sYn$da$re
Syndarens	1	word	""sYn$da$rens
Syndarna	1	word	""sYn$da$n`a
Synsygus	1	name	
Syntyke	1	name	
Syrak	1	name	
Syrakusa	1	name	
Syrtenrevlarna	1	name	
Syssla	1	word	""sY$sla
Säcktyg	1	word	
Säd	1	word	"sE:d
Säden	1	word	"sE:$den
Säkert	1	word	"sE:$ket`
Sälj	1	word	"sElj
Säljaren	1	word	""sEl$ja$ren
Säljen	1	word	
Sällsynt	1	word	""sEl$%sy:nt
Såg	1	word	"so:g
Sålunda	1	word	""so:$%lu0n$da
Sån	1	word	
Sångare	1	word	""sON$a$re
Sångernas	1	name	""sON$e$n`as
Sår	1	word	"so:r
Söka	1	word	""s2:$ka
Sömnen	1	word	"s9m$nen
Sömnlöshet	1	name	""s9mn$l2:s$%he:t
Sörj	1	word	"s9rj
Söt	1	word	"s2:t
TY	1	word	"ty:
Taanat	1	name	
Taarea	1	name	
Tabals	1	name	
Tabbat	1	name	
Tabeel	1	name	
Taberne	1	name	
Tabrimmon	1	name	
Tackoffer	1	word	""tak$%O$fer
Taddeus	1	name	
Tadmor	1	name	
Tafat	1	name	
Tafne	1	name	
Taga	1	word	""tA:$ga
Taharea	1	name	
Tahas	1	name	
Talar	1	word	
Talet	1	word	"tA:$let
Talita	1	name	
Tamars	1	name	
Tammus	1	name	
Tamnata	1	name	
Tanis	1	name	
Tanken	1	word	""taN$ken
Tara	1	name	""tA:$ra
Tarala	1	name	
Tarra	1	name	
Tarsisa	1	name	
Tarsisflotta	1	name	
Tarsisflottan	1	name	
Tartak	1	name	
Tassis	1	name	
Tatim	1	name	
Tatiotkällorna	1	name	
Tatitkällorna	1	name	
Teba	1	name	
Tebalja	1	name	
Tebet	1	name	
Teckentydarterebinten	1	name	
Tecknen	1	word	"tE$knen
Tefon	1	name	
Tegelmurar	1	name	""te:$gel$%m}:$rar
Tehafnehes	1	name	
Tehinna	1	name	
Tekel	1	word	
Tela	1	name	
Telaim	1	name	
Telningar	1	word	""te:l$nIN$ar
Temans	1	name	"te:$mans
Tempelsalens	1	word	""tEm$pel$%sA:$lens
Teodotus	1	name	
Tertius	1	name	
Teudas	1	name	
Tiberius	1	name	
Tibhat	1	name	
Tid	1	word	"ti:d
Tiga	1	word	""ti:$ga
Tikva	1	name	
Tikvas	1	name	
Tillbedjen	1	word	
Tillhör	1	word	""tIl$%h2:r
Tillkommer	1	word	""tIl$%kO$mer
Tillredd	1	word	""tIl$%rEd
Tillrättavisa	1	word	tIl$""rE$ta$%vi:$sa
Tillstädjes	1	word	
Tilltvingen	1	name	
Tilon	1	name	
Timeni	1	name	
Timeus	1	name	
Timmermansdalen	1	name	
Timmermansdalens	1	name	
Timon	1	name	
Tionde	1	word	
Tirhana	1	name	
Tirja	1	name	
Tisbe	1	name	
Titius	1	name	
Tjugutvå	1	word	""s'}:$gu0$%tvo:
Tjurar	1	word	""s'}:$rar
Tjänstekvinnan	1	word	""s'En$ste$%kvI$nan
Tjänstekvinnorna	1	word	""s'En$ste$%kvI$nU$n`a
Tjänsterna	1	name	""s'En$ste$n`a
Toa	1	name	""tu:$a
TobiasI	1	name	
Tobiel	1	name	
Tofel	1	name	
Tofethöjderna	1	name	
Tofetplats	1	name	
Tofetplatsen	1	name	
Toge	1	name	
Tohu	1	name	
Toi	1	name	
Tois	1	name	
Tokehat	1	name	
Token	1	name	"tu:$ken
Tolad	1	name	
Tolas	1	name	
Torka	1	word	""tOr$ka
Tou	1	name	
Tous	1	name	
Trakonitis	1	name	
Tres	1	name	"tre:s
Trettiofem	1	word	tre$tI$U$"fEm
Tripolis	1	name	
Triumfera	1	word	trI$u0m$"fe:$ra
Trodden	1	word	
Trofaste	1	word	""tru:$%fa$ste
Trogyllium	1	name	
Trots	1	word	"trOts
Tryfena	1	name	
Tryfosa	1	name	
Trygga	1	word	""trY$ga
Trädet	1	word	""trE:$det
Trädgårdshuset	1	name	
Trälar	1	word	""trE:$lar
Träng	1	name	"trEN
Trångmål	1	word	""trON$%mo:l
Tubias	1	name	
Tung	1	word	"tu0N
Tungt	1	word	"tu0Nt
Tvi	1	name	"tvi:
Tvillinggudarnas	1	name	
Tvåfaldig	1	name	""tvo:$%fal$dIg
Tyatiras	1	name	
Tyckes	1	word	""tY$kes
Tyranni	1	name	tY$ra$"ni:
Tyrannus	1	name	
Tyriska	1	name	
Täcktes	1	word	""tEk$tes
Tänker	1	word	"tEN$ker
Tätt	1	word	"tEt
Tågen	1	word	"to:$gen
Tåredalen	1	name	
Törnen	1	word	""t2:$n`en
UPP	1	word	"u0p
Uel	1	name	
Ugnen	1	word	"u0N$nen
Ukal	1	name	
Ullas	1	name	""u0$las
Umma	1	name	
Undanhåll	1	word	""u0n$dan$%hOl
Underbar	1	word	""u0n$der$%bA:r
Underbara	1	word	""u0n$der$%bA:$ra
Underhövitsmännen	1	word	
Underlåt	1	word	""u0n$de$%l`o:t
Underordnen	1	word	
Understundom	1	word	u0n$des`$""t`u0n$dOm
Undervisen	1	word	
Undfingen	1	word	
Undfly	1	word	""u0nd$%fly:
Undfå	1	word	""u0nd$%fo:
Undvik	1	word	""u0nd$%vi:k
Ung	1	word	"u0N
Unge	1	word	""u0N$e
Unno	1	name	
Uppe	1	word	""u0$pe
Uppehåll	1	word	""u0$pe$%hOl
Uppehållen	1	name	""u0$pe$%hO$len
Uppfylld	1	word	
Uppför	1	word	"u0p$f2:r
Upphäver	1	word	""u0p$%hE:$ver
Upphöj	1	word	""u0p$%h9j
Upphören	1	word	
Upplyft	1	word	""u0p$%lYft
Upprorsmakaren	1	name	""u0p$ru:$%s`mA:$ka$ren
Uppsikten	1	word	""u0p$%sIk$ten
Uppslukad	1	word	
Uppträden	1	name	""u0p$%trE:$den
Upptänd	1	word	""u0p$%tEnd
Uppätit	1	word	
Uppåt	1	word	"u0p$Ot
Urbanus	1	name	
Uriels	1	name	
Uris	1	name	
Urs	1	name	"}:s`
Usais	1	name	
Uselt	1	word	"}:$selt
Ussen	1	name	
Ussis	1	name	
Utfören	1	word	
Utgjuta	1	word	""}:t$%j}:$ta
Utgjuten	1	word	""}:t$%j}:$ten
Utlämna	1	word	""}:t$%lEm$na
Utmärglade	1	name	""}:t$%mErj$la$de
Utrannsaka	1	word	""}:t$ran$%sA:$ka
Utrota	1	word	""}:t$%ru:$ta
Utroten	1	word	
Utsläcken	1	name	
Utstötta	1	word	""}:t$%st9$ta
Utsädet	1	word	""}:t$%sE:$det
Uttala	1	word	""}:t$%tA:$la
V	1	word	"fEm
Vagnen	1	word	"vaN$nen
Vagnshästar	1	word	""vaNns$%hE$star
Vaheb	1	name	
Vajsata	1	name	
Vaka	1	word	""vA:$ka
Vandra	1	word	""van$dra
Vanja	1	name	""va$nja
Vanligt	1	word	""vA:n$lIkt
Varförr	1	name	
Varpå	1	word	"vA:r$po:
Vars	1	word	"vA:s`
Varthelst	1	word	vat`$"hElst
Varthän	1	name	vat`$"hE:n
Varutinnan	1	word	vA:$r}:t$""I$nan
Vasni	1	name	
Vattenledningsdammen	1	name	
Vattenstaden	1	name	
Vattenådror	1	name	""va$ten$%o:$drUr
Vattnens	1	word	"vat$nens
Vedan	1	name	
Vederkvicken	1	name	
Vederstyggliga	1	word	""ve:$de$%s`t`Y$glI$ga
Verken	1	name	"vEr$ken
Vern	1	name	
Vidga	1	word	""vId$ga
Vilddjuret	1	word	""vIld$%j}:$ret
Vildoxar	1	word	""vIld$%Uk$sar
Vildsvinet	1	name	""vIld$%svi:$net
Vildåsnorna	1	word	
Vilja	1	word	""vIl$ja
Villigt	1	word	""vI$lIkt
Villoläraren	1	word	
Vingårdar	1	word	""vi:N$%go:$d`ar
Vinmusten	1	name	
Vinträden	1	word	""vi:n$%trE:$den
Visar	1	word	""vi:$sar
Visare	1	word	""vi:$sa$re
Visdom	1	word	""vi:s$%dUm
Visste	1	word	""vI$ste
Vittnesbördets	1	word	
Vofsis	1	name	
Vrånga	1	word	""vrON$a
Väck	1	word	"vEk
Väduren	1	word	""vE:$%d}:$ren
Vägen	1	word	"vE:$gen
Vägfarande	1	word	""vE:g$%fA:$ran$de
Vägrar	1	word	""vE:$grar
Väktarplanen	1	name	
Välbetrodda	1	name	
Väldet	1	word	""vEl$det
Väldig	1	word	""vEl$dIg
Välgärningar	1	word	""vE:l$%jE:$n`IN$ar
Välsignade	1	word	vEl$"sIN$na$de
Välsignelsens	1	name	vEl$"sIN$nel$sens
Välsignelser	1	word	vEl$"sIN$nel$ser
Välsignen	1	word	
Vännens	1	name	"vE$nens
Vännerna	1	word	""vE$ne$n`a
Vänta	1	word	""vEn$ta
Världen	1	word	"vE:$d`en
Vässen	1	name	
Västern	1	name	"vE$sten`
Växen	1	word	
Våg	1	word	"vo:g
Våld	1	word	"vOld
Vård	1	word	"vo:d`
Ymnigt	1	word	""Ym$nIkt
Ynglingar	1	word	""YN$lIN$ar
Ynglingarna	1	word	""YN$lIN$a$n`a
Ynglingen	1	word	""YN$lIN$en
Yngre	1	word	"YN$re
Yster	1	word	"Y$ster
Yvs	1	name	"y:vs
abiesriten	1	word	
abiesriterna	1	word	
abrek	1	word	
af	1	word	"A:f
afaresatkiterna	1	word	
afaresiterna	1	word	
afarsekiter	1	word	
afarsekiterna	1	word	
aftnar	1	word	""aft$nar
aftonmåltid	1	word	""af$tOn$mo:l$%ti:d
aftonmåltiden	1	word	""af$tOn$mo:l$%ti:$den
aftonoffer	1	word	
agas	1	word	""A:$gas
agats	1	word	a$"gA:ts
ahastariterna	1	word	
ahiramiternas	1	word	
ahoait	1	word	
akacieträd	1	word	a$""kA:$sI$e$%trE:d
aktats	1	word	""ak$tats
aktsamhet	1	word	""akt$sam$%he:t
alexandrinernas	1	word	a$lek$san$"dri:$ne$n`as
algumträet	1	word	
allmakts	1	word	""al$%makts
allmän	1	word	""al$%mEn
allmänhet	1	word	""al$mEn$%he:t
allmännelig	1	word	al$"mE$ne$lIg
allrahögste	1	word	
allrastörste	1	word	
allsmäktig	1	word	""als$%mEk$tIg
allvar	1	word	""al$vA:r
allvarligen	1	word	""al$%vA:$l`I$gen
allvarsam	1	word	""al$vA:$%s`am
almugträet	1	word	
alnarna	1	word	""A:l$na$n`a
alnen	1	word	"A:l$nen
alnmåttet	1	word	""A:ln$%mO$tet
alnsbred	1	word	""A:lns$%bre:d
aloeträd	1	word	
alstrarinna	1	word	
alstren	1	word	"al$stren
altaravsatsens	1	word	
altarens	1	word	""al$ta$rens
altares	1	word	""al$ta$res
altarhornen	1	word	
altarhörn	1	word	
altarporten	1	word	
amalekitisk	1	word	a$ma$le$"ki:$tIsk
aminnelse	1	word	
ammad	1	word	""a$mad
ammade	1	word	""a$ma$de
ammonitiska	1	word	a$mU$"ni:$tI$ska
ammonitiskor	1	word	
ammor	1	word	""a$mUr
amoreiska	1	word	
amoréer	1	word	
amramiterna	1	word	
amramiternas	1	word	
ana	1	word	""A:$na
anakan	1	word	
anakiternas	1	word	
anar	1	word	""A:$nar
anbefalld	1	word	""an$be$%fald
anbefallningsbrev	1	word	""an$be$fal$nINs$%bre:v
anbud	1	word	""an$%b}:d
andans	1	word	""an$dans
andebesvärjarna	1	word	""an$de$be$%svEr$ja$n`a
andebesvärjelse	1	word	""an$de$be$%svEr$jel$se
andedräkten	1	word	""an$de$%drEk$ten
andedräkts	1	word	""an$de$%drEkts
andefurstar	1	word	
andegåva	1	word	""an$de$%go:$va
andemakt	1	word	
andemakter	1	word	
andens	1	word	""an$dens
andetag	1	word	""an$de$%tA:g
andevarelse	1	word	
andligen	1	word	""and$lI$gen
anfaller	1	word	""an$%fa$ler
anfallet	1	word	""an$%fa$let
anfäktad	1	word	""an$%fEk$tad
anfäktare	1	word	
anförares	1	word	""an$%f2:$ra$res
anförarnas	1	word	""an$%f2:$ra$n`as
anförarskap	1	word	""an$f2:$ra$%s`kA:p
anförarstav	1	word	
anförtrodda	1	word	""an$f9$%t`rU$da
anförtrodde	1	word	""an$f9$%t`rU$de
anförtror	1	word	""an$f9$%t`ru:r
angelägen	1	word	""a$nje$%lE:$gen
angelägenhet	1	word	""an$je$lE:$gen$%he:t
angivas	1	word	
angivelse	1	word	""a$%nji:$vel$se
angivelsen	1	word	""a$%nji:$vel$sen
angrepe	1	word	
angrepos	1	word	
angriparen	1	word	""aN$%gri:$pa$ren
angränsande	1	word	""aN$%grEn$san$de
anhöllo	1	word	
ankar	1	word	""aN$kar
ankare	1	word	""aN$ka$re
ankarna	1	word	""aN$ka$n`a
ankartågen	1	word	""aN$ka$%t`o:$gen
anklagades	1	word	""an$%klA:$ga$des
anklagat	1	word	""an$%klA:$gat
anklagelserna	1	word	""an$%klA:$gel$se$n`a
anklagelseskrift	1	word	""an$klA:$gel$se$%skrIft
anklagelsetal	1	word	
anklagen	1	word	
ankommo	1	word	
anlag	1	word	""an$%lA:g
anlagt	1	word	""an$%lakt
anledningen	1	word	""an$%le:d$nIN$en
anleten	1	word	""an$%le:$ten
anletes	1	word	""an$%le:$tes
anlita	1	word	""an$%li:$ta
anlänt	1	word	""an$%lEnt
anlöpa	1	word	""an$%l2:$pa
anmäla	1	word	""an$%mE:$la
anmäldes	1	word	""an$%mE:l$des
annalkande	1	word	""a$%nal$kan$de
anordna	1	word	""an$%o:d`$n`a
anordnar	1	word	""an$%o:d`$n`ar
anordningar	1	word	""an$%o:d`$n`IN$ar
anordningarna	1	word	""an$%o:d`$n`IN$a$n`a
anropat	1	word	
ansa	1	word	""an$sa
ansat	1	word	
anseendes	1	word	""an$%se:$en$des
ansiktets	1	word	""an$sIk$tets
ansiktsfärg	1	word	""an$sIkts$%fErj
anskaffade	1	word	""an$%ska$fa$de
anskaffades	1	word	""an$%ska$fa$des
anskri	1	word	""an$skri:
anslaget	1	word	""an$%slA:$get
anslå	1	word	""an$%slo:
anstalter	1	word	""an$%stal$ter
anstiftades	1	word	""an$%stIf$ta$des
anstiftare	1	word	""an$%stIf$ta$re
anstiftats	1	word	
anstod	1	word	""an$%stu:d
anstränga	1	word	""an$%strEN$a
ansträngda	1	word	""an$%strEN$da
ansträngde	1	word	""an$%strEN$de
ansträngning	1	word	""an$%strEN$nIN
anställd	1	word	""an$%stEld
anställdes	1	word	""an$%stEl$des
anställen	1	word	
anstånd	1	word	""an$%stOnd
anstötlig	1	word	""an$%st2:t$lIg
anstötligt	1	word	""an$%st2:t$lIkt
ansåg	1	word	""an$%so:g
ansågs	1	word	""an$%so:gs
antagit	1	word	""an$%tA:$gIt
antasta	1	word	""an$%ta$sta
antastad	1	word	
antikrist	1	word	""an$tI$%krIst
antikrister	1	word	
antiloper	1	word	an$tI$"lu:$per
anträda	1	word	""an$%trE:$da
antänd	1	word	
antändes	1	word	""an$%tEn$des
antänt	1	word	""an$%tEnt
antåg	1	word	""an$%to:g
anvisar	1	word	""an$%vi:$sar
anvisning	1	word	""an$%vi:$snIN
använd	1	word	""an$%vEnd
användningen	1	word	""an$%vEnd$nIN$en
använt	1	word	""an$%vEnt
använts	1	word	""an$%vEnts
apostels	1	word	a$"pO$stels
apostlaverksamhet	1	word	
ar	1	word	"A:r
arabernas	1	word	a$"rA:$be$n`as
arabers	1	word	a$"rA:$bes`
arabiten	1	word	
aramé	1	word	a$ra$"me:
arariten	1	word	
arbe	1	word	
arbetarens	1	word	""ar$%be:$ta$rens
arbetets	1	word	""ar$be:$tets
arbetsamme	1	word	""ar$be:ts$%sa$me
arbetsdagarna	1	word	""ar$be:ts$%dA:$ga$n`a
arbetsfogdar	1	word	
arbetsfolket	1	word	""ar$be:ts$%fOl$ket
arbetshammaren	1	word	
arbetslönen	1	word	""ar$be:ts$%l2:$nen
arbetspliktig	1	word	
arbetspliktigt	1	word	
arbetstid	1	word	""ar$be:ts$%ti:d
arbetsåsninna	1	word	
arbetsåsninnas	1	word	
arditernas	1	word	
areliternas	1	word	
arglistig	1	word	
arglistige	1	word	
arglistigt	1	word	
arkeviterna	1	word	
arkiternas	1	word	
arks	1	word	"arks
armbågen	1	word	""arm$%bo:$gen
armodets	1	word	""ar$%mu:$dets
armt	1	word	"armt
aroditernas	1	word	
aroeriten	1	word	
arvedelen	1	word	""ar$ve$%de:$len
arvedelslandet	1	word	
arvejord	1	word	""ar$ve$%ju:d`
arvfiende	1	word	""arv$%fi:$en$de
arvfolk	1	word	
arvgods	1	word	""arv$%gUds
arvland	1	word	
arvsegendom	1	word	
asbeliternas	1	word	
aseriterna	1	word	
asiarker	1	word	
asiatiska	1	word	a$sI$"A:$tI$ska
asidéerna	1	word	
askdalen	1	word	
askhögen	1	word	""ask$%h2:$gen
aspalatus	1	word	
asrieliternas	1	word	
assuréerna	1	word	
assyrier	1	word	a$"sy:$rI$er
assyrisk	1	word	a$"sy:$rIsk
astarotiten	1	word	
asuréernas	1	word	
atenarna	1	word	a$""te:$na$n`a
avb	1	word	
avbilda	1	word	""A:v$%bIl$da
avbilden	1	word	""A:v$%bIl$den
avbilderna	1	word	""A:v$%bIl$de$n`a
avbildningarna	1	word	""A:v$%bIld$nIN$a$n`a
avbilds	1	word	""A:v$%bIlds
avbita	1	word	""A:v$%bi:$ta
avbruten	1	word	""A:v$%br}:$ten
avbrutna	1	word	""A:v$%br}:t$na
avbryta	1	word	""A:v$%bry:$ta
avbräck	1	word	""A:v$%brEk
avbrännes	1	word	""A:v$%brE$nes
avböjer	1	word	""A:v$%b9$jer
avbön	1	word	""A:v$%b2:n
avbörda	1	word	""A:v$%b2:$d`a
avdelningarna	1	word	""A:v$%de:l$nIN$a$n`a
avfallen	1	word	""A:v$%fa$len
avfatta	1	word	""A:v$%fa$ta
avfattade	1	word	""A:v$%fa$ta$de
avfällig	1	word	""A:v$%fE$lIg
avfällige	1	word	""A:v$%fE$lI$ge
avfällighetssynder	1	word	
avfälligt	1	word	""A:v$%fE$lIkt
avfällingarna	1	word	""A:v$%fE$lIN$a$n`a
avfällingars	1	word	""A:v$%fE$lIN$as`
avfärd	1	word	""A:v$%fE:d`
avgingo	1	word	
avgiva	1	word	""A:v$%ji:$va
avgiven	1	word	""A:v$%ji:$ven
avgjord	1	word	""A:v$%ju:d`
avgjorde	1	word	""A:v$%ju:$d`e
avgrundsdjupet	1	word	""A:v$gru0nds$%j}:$pet
avgudaaltare	1	word	
avgudaaltaren	1	word	
avgudabeläte	1	word	
avgudabeläten	1	word	
avgudafölje	1	word	
avgudakammare	1	word	
avgudamakarna	1	word	
avgudaprofeternas	1	word	
avgudapräster	1	word	
avgudastyggelser	1	word	
avguderi	1	word	A:v$g}:$de$"ri:
avgudiska	1	word	""A:v$%g}:$dI$ska
avgår	1	word	""A:v$%go:r
avgör	1	word	""A:v$%j2:r
avgörelsens	1	word	""A:v$%j2:$rel$sens
avhjälptes	1	word	""A:v$%jElp$tes
avhugga	1	word	""A:v$%hu0$ga
avhämta	1	word	""A:v$%hEm$ta
avhänd	1	word	
avhänt	1	word	
avhåll	1	word	""A:v$%hOl
avhållas	1	word	""A:v$%hO$las
avhålle	1	word	
avhållits	1	word	""A:v$%hO$lIts
avhöggo	1	word	
avhöljt	1	word	
avhölls	1	word	""A:v$%h9ls
avigsidan	1	word	""A:$vIg$%si:$dan
aviterna	1	word	
avkasta	1	word	""A:v$%ka$sta
avkastar	1	word	""A:v$%ka$star
avkastat	1	word	
avklippta	1	word	
avkläda	1	word	""A:v$%klE:$da
avklädda	1	word	""A:v$%klE$da
avkomlingarna	1	word	""A:v$%kOm$lIN$a$n`a
avkomlingars	1	word	""A:v$%kOm$lIN$as`
avkomman	1	word	""A:v$%kO$man
avkunna	1	word	""A:v$%ku0$na
avkunnade	1	word	""A:v$%ku0$na$de
avkunnat	1	word	""A:v$%ku0$nat
avla	1	word	""A:v$la
avlad	1	word	
avlas	1	word	""A:v$las
avlidnes	1	word	""A:v$%li:d$nes
avlivas	1	word	""A:v$%li:$vas
avlupit	1	word	
avlyft	1	word	""A:v$%lYft
avlyfta	1	word	""A:v$%lYf$ta
avlägsnade	1	word	""A:v$%lE:g$sna$de
avlämnade	1	word	""A:v$%lEm$na$de
avlämnades	1	word	""A:v$%lEm$na$des
avlämnas	1	word	""A:v$%lEm$nas
avlönad	1	word	""A:v$%l2:$nad
avlöper	1	word	""A:v$%l2:$per
avlöses	1	word	""A:v$%l2:$ses
avlösning	1	word	""A:v$%l2:$snIN
avmätt	1	word	""A:v$%mEt
avoga	1	word	""A:$vu:$ga
avraka	1	word	""A:v$%rA:$ka
avrakade	1	word	""A:v$%rA:$ka$de
avrundat	1	word	""A:v$%ru0n$dat
avräknade	1	word	""A:v$%rE:$kna$de
avrättas	1	word	""A:v$%rE$tas
avrättsplatsen	1	word	
avråda	1	word	""A:v$%ro:$da
avråder	1	word	""A:v$%ro:$der
avsaknad	1	word	""A:v$%sA:$knad
avsats	1	word	""A:v$%sats
avsatsens	1	word	""A:v$%sat$sens
avsikter	1	word	""A:v$%sIk$ter
avskaffad	1	word	
avskedshälsning	1	word	""A:v$x\e:ds$%hEl$snIN
avskiljas	1	word	""A:v$%x\Il$jas
avskiljes	1	word	""A:v$%x\Il$jes
avskjutit	1	word	""A:v$%x\}:$tIt
avskrankning	1	word	""A:v$%skraN$knIN
avskrankningen	1	word	""A:v$%skraN$knIN$en
avskrap	1	word	""A:v$%skrA:p
avskrapade	1	word	""A:v$%skrA:$pa$de
avskräcktes	1	word	
avskräde	1	word	""A:v$%skrE:$de
avskum	1	word	""A:v$%sku0m
avskydde	1	word	""A:v$%x\Y$de
avskyr	1	word	""A:v$%x\y:r
avskys	1	word	""A:v$%x\y:s
avskyvärda	1	word	""A:v$x\Y$%vE:$d`a
avskäres	1	word	""A:v$%x\E:$res
avslagna	1	word	""A:v$%slA:$gna
avsliten	1	word	""A:v$%sli:$ten
avslitna	1	word	""A:v$%sli:t$na
avslitning	1	word	""A:v$%sli:t$nIN
avslutad	1	word	
avslutas	1	word	""A:v$%sl}:$tas
avslöjad	1	word	
avslöjade	1	word	""A:v$%sl9$ja$de
avslöjas	1	word	""A:v$%sl9$jas
avslöjat	1	word	""A:v$%sl9$jat
avslöjen	1	word	
avsomnad	1	word	""A:v$%sOm$nad
avsomnät	1	word	
avspeglar	1	word	""A:v$%spe:$glar
avspärrningen	1	word	""A:v$%spEr$n`IN$en
avsteg	1	word	""A:v$%ste:g
avstympa	1	word	""A:v$%stYm$pa
avstympning	1	word	""A:v$%stYmp$nIN
avsveder	1	word	
avsvedjar	1	word	""A:v$%sve:d$jar
avsäga	1	word	""A:v$%sE$ja
avsändaren	1	word	""A:v$%sEn$da$ren
avsändarens	1	word	""A:v$%sEn$da$rens
avsände	1	word	
avsätt	1	word	
avsätter	1	word	""A:v$%sE$ter
avsågar	1	word	""A:v$%so:$gar
avsöndrades	1	word	""A:v$%s9n$dra$des
avsöndrar	1	word	""A:v$%s9n$drar
avtag	1	word	
avtaga	1	word	""A:v$%tA:$ga
avtager	1	word	
avtagna	1	word	
avteckning	1	word	""A:v$%tE$knIN
avtog	1	word	""A:v$%tu:g
avträdaland	1	word	
avträden	1	word	""A:v$%trE:$den
avtvår	1	word	""A:v$%tvo:r
avtärd	1	word	""A:v$%tE:d`
avtågade	1	word	""A:v$%to:$ga$de
avunden	1	word	""A:$vu0n$den
avundsmän	1	word	""A:$vu0nds$%mEn
avvaktan	1	word	""A:v$%vak$tan
avvand	1	word	""A:v$%vA:nd
avvanda	1	word	""A:v$%vA:n$da
avvandes	1	word	""A:v$%vA:n$des
avvisa	1	word	""A:v$%vi:$sa
avvisad	1	word	
avvisande	1	word	""A:$%vi:$san$de
avvisar	1	word	""A:v$%vi:$sar
avvisat	1	word	""A:v$%vi:$sat
avvägde	1	word	
avvältrat	1	word	
avvänder	1	word	""A:v$%vEn$der
avvändes	1	word	""A:v$%vEn$des
avväpnade	1	word	""A:v$%vE:p$na$de
avväpnat	1	word	""A:v$%vE:p$nat
avvärja	1	word	""A:v$%vEr$ja
avvärjde	1	word	""A:v$%vErj$de
avyttra	1	word	""A:v$%Y$tra
avyttrar	1	word	""A:v$%Y$trar
aväta	1	word	""A:v$%E:$ta
avéerna	1	word	
avéernas	1	word	
axel	1	word	"ak$sel
axens	1	word	"ak$sens
axet	1	word	"ak$set
backarna	1	word	""ba$ka$n`a
badar	1	word	""bA:$dar
badat	1	word	""bA:$dat
bagarens	1	word	""bA:$ga$rens
bagerskor	1	word	""bA:$ge$s`kUr
baharumiten	1	word	
bak	1	word	"bA:k
bakefter	1	word	bA:k$"Ef$ter
bakskallighet	1	word	
bakstammen	1	word	""bA:k$%sta$men
bakugnar	1	word	""bA:k$%u0N$nar
bakverket	1	word	""bA:k$%vEr$ket
bakändan	1	word	""bA:k$%En$dan
balsamera	1	word	bal$sa$"me:$ra
balsamering	1	word	bal$sa$"me:$rIN
banat	1	word	""bA:$nat
bandet	1	word	"ban$det
banesåret	1	word	""bA:$ne$%so:$ret
banna	1	word	""ba$na
bannad	1	word	""ba$nad
bannor	1	word	""ba$nUr
banor	1	word	""bA:$nUr
barbar	1	word	bar$"bA:r
barfotades	1	word	""bA:r$%fu:$ta$des
barhumiten	1	word	
barken	1	word	"bar$ken
barmhärtighetstjänsten	1	word	
barnaföderskorna	1	word	""bA:$n`a$%f2:$de$s`kU$n`a
barnaskap	1	word	""bA:$n`a$%skA:p
barnaskapets	1	word	""bA:$n`a$%skA:$pets
barnbarns	1	word	""bA:n`$%bA:n`s`
barndomen	1	word	""bA:n`$%d`U$men
barnsnöden	1	word	
basalt	1	word	ba$"sA:lt
basilisk	1	word	ba$sI$"lIsk
basilisken	1	word	ba$sI$"lI$sken
basiliskens	1	word	ba$sI$"lI$skens
basilisker	1	word	ba$sI$"lI$sker
basiliskägg	1	word	
basunklangens	1	word	
basunstöt	1	word	
batmått	1	word	
be	1	word	"be:
bearbetning	1	word	""be:$ar$%be:t$nIN
beblandade	1	word	be$"bland$da$de
beblandning	1	word	be$"bland$nIN
bebo	1	word	be$"bu:
bebon	1	word	
bebor	1	word	be$"bu:r
bebygga	1	word	be$"bY$ga
bebyggda	1	word	
bebådar	1	word	be$"bo:$dar
bebådas	1	word	be$"bo:$das
bebådat	1	word	
bebåden	1	word	
bedrage	1	word	
bedreven	1	word	
bedrivas	1	word	be$"dri:$vas
bedrivits	1	word	be$"dri:$vIts
bedrogen	1	word	
bedrogo	1	word	
bedrägeri	1	word	be$drE:$ge$"ri:
bedrövades	1	word	be$"dr2:$va$des
bedrövelserna	1	word	be$"dr2:$vel$se$n`a
bedröven	1	word	
bedyrat	1	word	be$"dy:$rat
bedömes	1	word	be$"d9$mes
bedövade	1	word	be$"d2:$va$de
beerotiterna	1	word	
befallande	1	word	be$"fa$land$de
befalld	1	word	be$"fald
befalldes	1	word	
befallningars	1	word	be$"fal$nIN$as`
befallningen	1	word	be$"fal$nIN$en
befattade	1	word	be$"fa$ta$de
befattat	1	word	be$"fa$tat
befattning	1	word	be$"fat$nIN
beflitat	1	word	
befläckelse	1	word	be$"flE$kel$se
befolka	1	word	be$"fOl$ka
befolkat	1	word	be$"fOl$kat
befrias	1	word	be$"fri:$as
befriat	1	word	be$"fri:$at
befrie	1	word	
befrielse	1	word	be$"fri:$el$se
befunnes	1	word	be$"fu0$nes
befälhavares	1	word	be$""fE:l$%hA:$va$res
befällning	1	word	
befästning	1	word	be$"fEst$nIN
befästningarna	1	word	be$"fEst$nIN$a$n`a
befästningsverk	1	word	be$""fEst$nINs$%vErk
begabbad	1	word	be$"ga$bad
begabbas	1	word	be$"ga$bas
begagnad	1	word	be$"gaN$nad
begagnades	1	word	be$"gaN$na$des
beginge	1	word	
begivna	1	word	be$"ji:v$na
begjuta	1	word	be$"j}:$ta
begravandet	1	word	
begravningsdag	1	word	
begravt	1	word	
begrep	1	word	be$"gre:p
begriper	1	word	be$"gri:$per
begripliga	1	word	be$"gri:$plI$ga
begrundas	1	word	be$"gru0n$das
begrundat	1	word	be$"gru0n$dat
begråter	1	word	be$"gro:$ter
begynnelsens	1	word	be$"jY$nel$sens
begynten	1	word	
begärelsens	1	word	be$"jE:$rel$sens
begärelserna	1	word	be$"jE:$rel$se$n`a
begärelsers	1	word	be$"jE:$rel$ses`
begärelses	1	word	be$"jE:$rel$ses
begånget	1	word	
begåva	1	word	be$"go:$va
begåvade	1	word	be$"go:$va$de
begåvat	1	word	be$"go:$vat
behage	1	word	
behagligt	1	word	be$"hA:$glIkt
behagsjuk	1	word	be$""hA:g$%x\}:k
behandlad	1	word	be$"hand$lad
behandlas	1	word	be$"hand$las
behandlat	1	word	be$"hand$lat
behoven	1	word	be$"hu:$ven
behäftad	1	word	be$"hEf$tad
behäftade	1	word	be$"hEf$ta$de
behåg	1	word	
behållare	1	word	be$"hO$la$re
behållen	1	word	be$"hO$len
behållna	1	word	be$"hOl$na
behölle	1	word	
behöriga	1	word	be$"h2:$rI$ga
behövandes	1	word	
behövas	1	word	be$"h2:$vas
behövs	1	word	be$"h2:vs
behövts	1	word	be$"h2:fts
beka	1	word	
bekeriternas	1	word	
beklaga	1	word	be$"klA:$ga
beklädda	1	word	be$"klE$da
beklädes	1	word	be$"klE:$des
bekostnad	1	word	be$"kOst$nad
bekransa	1	word	be$"kran$sa
bekriga	1	word	be$"kri:$ga
bekräftades	1	word	be$"krEf$ta$des
bekräftar	1	word	be$"krEf$tar
bekräftat	1	word	be$"krEf$tat
bekvämt	1	word	be$"kvE:mt
bekymra	1	word	be$"s'Ym$ra
bekymrade	1	word	be$"s'Ym$ra$de
bekymras	1	word	be$"s'Ym$ras
bekämpa	1	word	be$"s'Em$pa
bekänn	1	word	be$"s'En
bekännelses	1	word	be$"s'E$nel$ses
bekänt	1	word	be$"s'Ent
belackare	1	word	be$"la$ka$re
belagda	1	word	be$"lag$da
belaiternas	1	word	
belastar	1	word	be$"la$star
belyst	1	word	be$"ly:st
belägg	1	word	be$"lEg
beläggas	1	word	be$"lE$gas
belägger	1	word	be$"lE$ger
beläggningen	1	word	be$"lE$gnIN$en
belägrarnas	1	word	be$"lE:$gra$n`as
belägras	1	word	be$"lE:$gras
belägrat	1	word	be$"lE:$grat
belägringar	1	word	be$"lE:$grIN$ar
belägringsdagar	1	word	
belägringsdagarna	1	word	
belägringshär	1	word	
belägringstorn	1	word	
belägringsvall	1	word	
belätenas	1	word	be$"lE:$te$nas
belöning	1	word	be$"l2:$nIN
bemannar	1	word	be$"ma$nar
bemäktigar	1	word	be$"mEk$tI$gar
bemärkelsedag	1	word	be$""mEr$kel$se$%dA:g
bemödade	1	word	be$"m2:$da$de
bemött	1	word	be$"m9t
benajiter	1	word	
benskenor	1	word	""be:n$%x\e:$nUr
benägen	1	word	be$"nE:$gen
benägna	1	word	be$"nE:$gna
benämner	1	word	be$"nEm$ner
benådad	1	word	
benådat	1	word	be$"no:$dat
beprövat	1	word	be$"pr2:$vat
beredvillighet	1	word	be$""re:d$vI$lIg$%he:t
berghällen	1	word	""bErj$%hE$len
bergkam	1	word	
bergolja	1	word	""bErj$%Ol$ja
bergsdälder	1	word	
bergshöjd	1	word	""bErjs$%h9jd
bergsklippor	1	word	
bergsklyftor	1	word	
bergsklyftornas	1	word	
bergskulle	1	word	
bergsluttning	1	word	""bErj$%slu0t$nIN
bergsluttningen	1	word	""bErj$%slu0t$nIN$en
bergstrakter	1	word	""bErjs$%trak$ter
bergsöknen	1	word	
beriaiternas	1	word	
berotiten	1	word	
berusar	1	word	be$"r}:$sar
berusen	1	word	
beräknad	1	word	be$"rE:$knad
beräknar	1	word	be$"rE:$knar
berättaden	1	word	
berättar	1	word	be$"rE$tar
berättelser	1	word	be$"rE$tel$ser
berättigad	1	word	be$"rE$tI$gad
berömda	1	word	be$"r9m$da
berömde	1	word	be$"r9m$de
berömliga	1	word	be$"r9m$lI$ga
berömligt	1	word	be$"r9m$lIkt
berömmelses	1	word	be$"r9$mel$ses
berörde	1	word	be$"r2:$d`e
berövats	1	word	be$"r2:$vats
beröven	1	word	
beseglad	1	word	be$"se:$glad
beseglade	1	word	be$"se:$gla$de
beseglades	1	word	be$"se:$gla$des
beseglas	1	word	be$"se:$glas
beseglat	1	word	be$"se:$glat
beseglen	1	word	
besegrad	1	word	be$"se:$grad
besen	1	word	
besinningsfulla	1	word	be$""sI$nINs$%fu0$la
besinningsfullhet	1	word	be$""sI$nINs$fu0l$%he:t
besinningslösa	1	word	be$""sI$nINs$%l2:$sa
besittningsrätt	1	word	be$""sIt$nINs$%rEt
beskaffenhet	1	word	be$"ska$fen$he:t
beskickning	1	word	be$"x\I$knIN
beskriva	1	word	be$"skri:$va
beskrivningen	1	word	be$"skri:v$nIN$en
beskyddades	1	word	be$"x\Y$da$des
beskydde	1	word	
beskyllning	1	word	be$"x\Yl$nIN
beskyllningar	1	word	be$"x\Yl$nIN$ar
beskärmad	1	word	be$"x\Er$mad
beskärmade	1	word	be$"x\Er$ma$de
beskärmande	1	word	be$"x\Er$man$de
beskärmare	1	word	be$"x\Er$ma$re
beskärts	1	word	be$"x\E:t`s`
beskåda	1	word	be$"sko:$da
besköto	1	word	
besluts	1	word	be$"sl}:ts
besläktade	1	word	be$"slEk$ta$de
beslå	1	word	be$"slo:
beslöjad	1	word	be$"sl9$jad
besmittad	1	word	be$"smI$tad
besmittade	1	word	be$"smI$ta$de
besmittar	1	word	be$"smI$tar
besmittelsens	1	word	be$"smI$tel$sens
besmittelser	1	word	
bespejar	1	word	be$"spE$jar
bespejare	1	word	
bespejen	1	word	
bespisa	1	word	be$"spi:$sa
bespisades	1	word	be$"spi:$sa$des
bespottad	1	word	
bespottande	1	word	be$"spO$tan$de
bespottas	1	word	be$"spO$tas
bespottelser	1	word	
bestigen	1	word	be$"sti:$gen
bestodo	1	word	
bestraffar	1	word	be$"stra$far
bestraffare	1	word	be$"stra$fa$re
bestraffningar	1	word	be$"stra$fnIN$ar
bestruken	1	word	be$"str}:$ken
bestrukit	1	word	be$"str}:$kIt
bestryk	1	word	be$"stry:k
bestryken	1	word	
bestryker	1	word	be$"stry:$ker
beströ	1	word	be$"str2:
beströdde	1	word	
beströken	1	word	
bestyret	1	word	be$"sty:$ret
bestämmande	1	word	be$"stE$man$de
bestämmelse	1	word	be$"stE$mel$se
bestämmes	1	word	be$"stE$mes
beständiga	1	word	be$"stEn$dI$ga
bestänka	1	word	be$"stEN$ka
bestänkelse	1	word	
bestänkt	1	word	
bestänkte	1	word	
bestås	1	word	be$"sto:s
bestått	1	word	be$"stOt
bestörtningen	1	word	be$"st9t`$n`IN$en
besudla	1	word	be$"s}:d$la
besvara	1	word	be$"svA:$ra
besvurit	1	word	
besvurna	1	word	
besvuro	1	word	
besvärades	1	word	be$"svE:$ra$des
besvärat	1	word	be$"svE:$rat
besvärjaren	1	word	be$"svEr$ja$ren
besvärjarens	1	word	be$"svEr$ja$rens
besvärjelse	1	word	be$"svEr$jel$se
besvärjelsekonst	1	word	
besvärjelsekonster	1	word	
besvärjelser	1	word	be$"svEr$jel$ser
besvärjelsers	1	word	be$"svEr$jel$ses`
besvärjer	1	word	be$"svEr$jer
besvärliga	1	word	be$"svE:$l`I$ga
besätten	1	word	
besättningarna	1	word	be$"sEt$nIN$a$n`a
besådd	1	word	be$"sOd
besådda	1	word	be$"sO$da
besådde	1	word	
besån	1	word	
besås	1	word	be$"so:s
besökelse	1	word	
besökte	1	word	be$"s2:k$te
besörje	1	word	
betagen	1	word	be$"tA:$gen
betagits	1	word	be$"tA:$gIts
betagna	1	word	
betald	1	word	be$"tA:ld
betale	1	word	
betat	1	word	""be:$tat
beteckna	1	word	be$"tE$kna
beteliten	1	word	
beten	1	word	""be:$ten
beter	1	word	be$"te:r
betesplats	1	word	
betesplatsen	1	word	
betjänat	1	word	
betlehemitens	1	word	
betryckets	1	word	be$"trY$kets
betrycks	1	word	be$"trYks
betryggat	1	word	be$"trY$gat
beträda	1	word	be$"trE:$da
beträdde	1	word	be$"trE$de
beträden	1	word	
beträffar	1	word	be$"trE$far
betsemesiterna	1	word	
betslen	1	word	"bEt$slen
betslet	1	word	"bEt$slet
betunga	1	word	be$"tu0N$a
betungas	1	word	be$"tu0N$as
betvingas	1	word	be$"tvIN$as
betvivlar	1	word	be$"tvi:v$lar
betygen	1	word	be$"ty:$gen
betäck	1	word	be$"tEk
betäckas	1	word	be$"tE$kas
betäckning	1	word	be$"tE$knIN
betäcktes	1	word	
betänkande	1	word	be$"tEN$kan$de
betänksam	1	word	be$"tENk$sam
betänksamhet	1	word	be$""tENk$sam$%he:t
beundra	1	word	be$"u0n$dra
beundran	1	word	be$"u0n$dran
beus	1	word	
bevarades	1	word	be$"vA:$ra$des
beveka	1	word	be$"ve:$ka
bevekande	1	word	be$"ve:$kan$de
bevingad	1	word	be$"vIN$ad
bevise	1	word	
beviset	1	word	be$"vi:$set
bevisning	1	word	be$"vi:$snIN
bevittna	1	word	be$"vIt$na
beväpnat	1	word	be$"vE:p$nat
bevärdiga	1	word	be$"vE:$d`I$ga
bevågenheten	1	word	be$"vo:$gen$he:$ten
bevåget	1	word	be$"vo:$get
bibehållen	1	word	""bi:$be$%hO$len
bibliotek	1	word	bI$blI$U$"te:k
bidade	1	word	""bi:$da$de
biet	1	word	"bi:$et
bifogade	1	word	""bi:$%fu:$ga$de
bihustrurs	1	word	""bi:$%hu0$str}:s`
bila	1	word	""bi:$la
bilda	1	word	""bIl$da
bildades	1	word	""bIl$da$des
bildhuggeriarbete	1	word	
bildstoder	1	word	""bIld$%stu:$der
billigt	1	word	""bI$lIkt
bindande	1	word	""bIn$dan$de
bindas	1	word	""bIn$das
binde	1	word	""bIn$de
bindeln	1	word	""bIn$deln
bindes	1	word	""bIn$des
bindor	1	word	""bIn$dUr
bingen	1	word	""bIN$en
bister	1	word	"bI$ster
bistån	1	word	
bistått	1	word	
bisvärm	1	word	""bi:$%svErm
bisvärmarna	1	word	""bi:$%svEr$ma$n`a
bitarna	1	word	""bi:$ta$n`a
biten	1	word	""bi:$ten
bitens	1	word	""bi:$tens
biträda	1	word	""bi:$%trE:$da
biträde	1	word	""bi:$%trE:$de
bjude	1	word	
bjälklag	1	word	""bjElk$%lA:g
bjälkramar	1	word	
bjälkverk	1	word	
bjöden	1	word	
björninnor	1	word	bj9$""n`I$nUr
björns	1	word	"bj2:n`s`
blandsäd	1	word	""bland$%sE:d
blank	1	word	"blaNk
blanka	1	word	""blaN$ka
bleckslagaren	1	word	""blEk$%slA:$ga$ren
blek	1	word	"ble:k
blekgul	1	word	
blekna	1	word	""ble:$kna
bleknade	1	word	""ble:$kna$de
blekvita	1	word	
blickat	1	word	
blid	1	word	"bli:d
blidkar	1	word	""blId$kar
blindes	1	word	""blIn$des
blindvis	1	word	""blInd$%vi:s
blinka	1	word	""blIN$ka
blir	1	word	"bli:r
blixt	1	word	"blIkst
blixtar	1	word	""blIk$star
blixtrande	1	word	""blIk$stran$de
bloda	1	word	""blu:$da
blodbadet	1	word	""blu:d$%bA:$det
blodbefläckade	1	word	
blodbestrykningen	1	word	
blodbok	1	word	""blu:d$%bu:k
blodiga	1	word	""blu:$dI$ga
blodigt	1	word	""blu:$dIkt
blodmaten	1	word	""blu:d$%mA:$ten
blodröda	1	word	""blu:d$%r2:$da
blodsdomar	1	word	""blu:ds$%dU$mar
blodsdroppar	1	word	""blu:ds$%drO$par
blodsförvants	1	word	""blu:ds$f9r$%vants
blodsgärningar	1	word	
blodskam	1	word	""blu:d$%skam
blodspenningar	1	word	""blu:ds$%pE$nIN$ar
blodstad	1	word	
blodstider	1	word	
blomman	1	word	""blU$man
blommar	1	word	""blU$mar
blommorna	1	word	""blU$mU$n`a
blomningen	1	word	""blUm$nIN$en
blottas	1	word	""blO$tas
blotten	1	word	
blyghet	1	word	""bly:g$%he:t
blygsamhet	1	word	""bly:g$sam$%he:t
blygsamme	1	word	""bly:g$%sa$me
blylocket	1	word	
bländade	1	word	""blEn$da$de
bländar	1	word	""blEn$dar
blänka	1	word	""blEN$ka
blänkande	1	word	""blEN$kan$de
blångarnssnodd	1	word	
blåses	1	word	""blo:$ses
blåst	1	word	"blo:st
blått	1	word	"blOt
bog	1	word	"bu:g
bohagsting	1	word	
bokskrivandet	1	word	
bokstavens	1	word	""bUk$stA:$vens
bolarna	1	word	""bu:$la$n`a
boll	1	word	"bOl
bom	1	word	"bUm
bomma	1	word	""bU$ma
bomull	1	word	""bU$%mu0l
boningen	1	word	""bu:$nIN$en
boningshus	1	word	""bu:$nINs$%h}:s
boningsplats	1	word	
bordets	1	word	"bu:$d`ets
bordsgäst	1	word	
bordsgästerna	1	word	
bordskamrater	1	word	
bordskärl	1	word	
borgaren	1	word	""bOr$ja$ren
borgarna	1	word	""bOr$ja$n`a
borgensförbindelser	1	word	""bOr$jens$f9r$%bIn$del$ser
borgenären	1	word	bOr$je$"nE:$ren
borra	1	word	""bO$ra
borrar	1	word	""bO$rar
borstiga	1	word	""bO$s`t`I$ga
bortbrutna	1	word	""bOt`$%br}:t$na
bortflyende	1	word	
bortfrätas	1	word	
bortfräter	1	word	
bortgivna	1	word	""bOt`$%ji:v$na
bortglömd	1	word	""bOt`$%gl9md
bortgömda	1	word	
bortjagad	1	word	""bOt`$%jA:$gad
bortkastat	1	word	""bOt`$%ka$stat
bortklemade	1	word	""bOt`$%kle:$ma$de
bortrensa	1	word	""bOt`$%rEn$sa
bortriven	1	word	""bOt`$%ri:$ven
bortrycker	1	word	""bOt`$%rY$ker
bortryckt	1	word	
bortryckta	1	word	""bOt`$%rYk$ta
bortryckte	1	word	
bortrycktes	1	word	
bortrövat	1	word	
bortskaffad	1	word	""bOt`$%s`ka$fad
bortskymt	1	word	""bOt`$%x\Ymt
bortsköljt	1	word	
bortslungade	1	word	
bortsläpad	1	word	""bOt`$%s`l`E:$pad
bortstulet	1	word	
bortstötta	1	word	""bOt`$%s`t`9$ta
borttagande	1	word	""bOt`$%t`A:$gan$de
borttaget	1	word	""bOt`$%t`A:$get
borttappat	1	word	""bOt`$%t`a$pat
borttog	1	word	
borttorkad	1	word	
bortvända	1	word	""bOt`$%vEn$da
boskapsdjurs	1	word	""bu:$skA:ps$%j}:s`
boskapsfållor	1	word	
boskapsgårdar	1	word	
boskapsgårdarna	1	word	
boskapsherdar	1	word	
boskapsherde	1	word	
boskapshjord	1	word	""bu:$skA:ps$%ju:d`
boskapshjordars	1	word	""bu:$skA:ps$%ju:$d`as`
boskapsklövar	1	word	
boskapsskjulen	1	word	""bu:$skA:ps$%x\}:$len
bosätten	1	word	
botare	1	word	
boten	1	word	"bu:$ten
botfärdigas	1	word	""bu:t$%fE:$d`I$gas
bottenlösa	1	word	""bO$ten$%l2:$sa
bottenramen	1	word	
bottenstenen	1	word	
bottnen	1	word	"bOt$nen
braket	1	word	"brA:$ket
brandpilar	1	word	
brandstumpar	1	word	
branta	1	word	""bran$ta
brasa	1	word	""brA:$sa
brasan	1	word	""brA:$san
bredare	1	word	""bre:$da$re
bredas	1	word	
breddes	1	word	""brE$des
breven	1	word	"bre:$ven
brodden	1	word	"brO$den
broderliga	1	word	""bru:$de$l`I$ga
broms	1	word	"brOms
brorsöner	1	word	""bru:$%s`2:$ner
brottsliga	1	word	""brOt$slI$ga
brottslighet	1	word	""brOt$slIg$%he:t
brottsligheten	1	word	""brOt$slIg$%he:$ten
brudföljet	1	word	
brudgemaket	1	word	
brudsång	1	word	
brudtid	1	word	
brukad	1	word	""br}:$kad
brukares	1	word	""br}:$ka$res
bruke	1	word	
brukligt	1	word	""br}:$klIkt
brumma	1	word	""bru0$ma
bruna	1	word	""br}:$na
brunnit	1	word	""bru0$nIt
brunnshålet	1	word	
brunst	1	word	"bru0nst
brunstig	1	word	""bru0n$stIg
brusade	1	word	""br}:$sa$de
brydde	1	word	""brY$de
bräckligare	1	word	""brE$klI$ga$re
brädden	1	word	"brE$den
bräddfull	1	word	""brEd$%fu0l
brädskjul	1	word	""brE:d$%x\}:l
bräka	1	word	""brE:$ka
bränd	1	word	"brEnd
brända	1	word	""brEn$da
brännjärn	1	word	""brEn$%jE:n`
brännmärkta	1	word	""brEn$%mErk$ta
brännoffersaltare	1	word	
brännoffersdjur	1	word	
brännoffersdjurets	1	word	
brännoffersfår	1	word	
brännoffersstyckena	1	word	
brännoffersväduren	1	word	
brännsår	1	word	""brEn$%so:r
bråda	1	word	""bro:$da
brådmogen	1	word	""bro:d$%mu:$gen
brödernas	1	word	"br9$de$n`as
brödkaka	1	word	""br2:d$%kA:$ka
brödkakor	1	word	""br2:d$%kA:$kUr
brödraförbund	1	word	
brödragemenskapen	1	word	
bröds	1	word	"br2:ds
brödsbrytelse	1	word	""br2:d$%bry:$tel$se
brödsbrytelsen	1	word	""br2:d$%bry:$tel$sen
brödstycken	1	word	""br2:d$%stY$ken
brödsäden	1	word	""br2:d$%sE:$den
bröllopsdag	1	word	""br9$lOps$%dA:g
bröllopsmåltid	1	word	
bröllopssalen	1	word	
bröstsköld	1	word	
bröstspännes	1	word	
bröstvärn	1	word	""br9st$%vE:n`
bröte	1	word	
bröten	1	word	"br2:$ten
budbärares	1	word	""b}:d$%bE:$ra$res
budbärarlön	1	word	
budbärarna	1	word	""b}:d$%bE:$ra$n`a
budens	1	word	"b}:$dens
bugande	1	word	
buge	1	word	
bugéen	1	word	
bukens	1	word	"b}:$kens
bukformiga	1	word	
bukgjordar	1	word	""b}:k$%ju:$d`ar
bukrev	1	word	
buks	1	word	"b}:ks
bukter	1	word	""bu0k$ter
bulnad	1	word	""b}:l$nad
bulnadernas	1	word	""b}:l$na$de$n`as
bultade	1	word	""bu0l$ta$de
byggande	1	word	""bY$gan$de
byggda	1	word	""bYg$da
bygget	1	word	""bY$get
byggnadens	1	word	""bY$gna$dens
byggnadernas	1	word	""bY$gna$de$n`as
byggnadsarbeten	1	word	""bY$gnats$ar$%be:$ten
byggnadsverk	1	word	""bY$gnats$%vErk
bytas	1	word	""by:$tas
byten	1	word	""by:$ten
byter	1	word	"by:$ter
bytesmäklare	1	word	
bytts	1	word	"bYts
bäckarnas	1	word	""bE$ka$n`as
bäckens	1	word	"bE$kens
bäckenstället	1	word	
bädda	1	word	""bE$da
bäddade	1	word	""bE$da$de
bäddars	1	word	""bE$das`
bäddat	1	word	""bE$dat
bänk	1	word	"bENk
bänken	1	word	"bEN$ken
bärande	1	word	""bE:$ran$de
bärarearbete	1	word	
bärarmarna	1	word	
bärarna	1	word	""bE:$ra$n`a
bärgad	1	word	""bEr$jad
bärgas	1	word	""bEr$jas
bärgen	1	word	
bärgningshögtiden	1	word	
bärgningstid	1	word	
bärstol	1	word	""bE:$%s`t`u:l
bärstolar	1	word	""bE:$%s`t`u:$lar
bäste	1	word	""bE$ste
bättrade	1	word	""bE$tra$de
bäve	1	word	
bådades	1	word	""bo:$da$des
bågens	1	word	"bo:$gens
bågskott	1	word	
bågskotts	1	word	
bågskytt	1	word	""bo:g$%x\Yt
bågskyttfolken	1	word	
bål	1	word	"bo:l
bålar	1	word	""bo:$lar
bångstyrig	1	word	""bON$%sty:$rIg
bångstyrigt	1	word	""bON$%sty:$rIkt
bårar	1	word	""bo:$rar
bödeln	1	word	""b2:$deln
böjd	1	word	"b9jd
böjes	1	word	""b9$jes
böljande	1	word	""b9l$jan$de
böndräkt	1	word	
bönens	1	word	"b2:$nens
böneord	1	word	
böneremsor	1	word	
bönerna	1	word	""b2:$ne$n`a
böneskrift	1	word	""b2:$ne$%skrIft
böneställe	1	word	
bönestället	1	word	
bönfall	1	word	
bönhöre	1	word	
bönhört	1	word	
bördade	1	word	
bördat	1	word	
börde	1	word	
bördemän	1	word	
börden	1	word	"b2:$d`en
bördigaste	1	word	""b2:$d`I$ga$ste
bördorna	1	word	""b2:$d`U$n`a
bördors	1	word	""b2:$d`Us`
bördsrätt	1	word	""b2:d`s`$%rEt
böta	1	word	""b2:$ta
böte	1	word	""b2:$te
böter	1	word	"b2:$ter
bötfälldas	1	word	""b2:t$%fEl$das
cederhus	1	word	
cederpanelningen	1	word	
cederplanka	1	word	
cederplankor	1	word	
cederträd	1	word	
centnertunga	1	word	
ch	1	word	""se:$%ho:
cymbal	1	word	sYm$"bA:l
cyrenéernas	1	word	
da	1	word	
dagakarlens	1	word	""dA:$ga$%kA:$rens
dagakarls	1	word	""dA:$ga$%kA:s`
daggens	1	word	"da$gens
daggfrisk	1	word	""dag$%frIsk
dagligt	1	word	""dA:$glIkt
daglönares	1	word	""dA:g$%l2:$na$res
dagsavdelning	1	word	
dagsled	1	word	""daks$%le:d
dagspenningen	1	word	""daks$%pE$nIN$en
dagsverke	1	word	""daks$%vEr$ke
dalarnas	1	word	""dA:$la$n`as
dalbygd	1	word	
dalgud	1	word	
dalgång	1	word	""dA:l$%gON
dalsänkningen	1	word	
damaskenernas	1	word	
damms	1	word	"dams
danar	1	word	""dA:$nar
danare	1	word	
daniterna	1	word	
dansande	1	word	""dan$san$de
dansar	1	word	""dan$sar
darren	1	word	"da$ren
dehaviterna	1	word	
delades	1	word	""de:$la$des
delaktigt	1	word	""de:l$%ak$tIkt
dele	1	word	
demon	1	word	"de:$mUn
des	1	word	
desto	1	word	"dE$stU
diamantgriffel	1	word	
diat	1	word	""di:$at
dien	1	word	
dignad	1	word	""dIN$nad
dignade	1	word	""dIN$na$de
dikt	1	word	"dIkt
diktade	1	word	""dIk$ta$de
dikterade	1	word	dIk$"te:$ra$de
diktverk	1	word	""dIkt$%vErk
dill	1	word	"dIl
dimman	1	word	""dI$man
diniterna	1	word	
dison	1	word	
disputeren	1	word	
dithän	1	word	dIt$"hE:n
ditsända	1	word	""di:t$%sEn$da
dittills	1	word	"di:t$tIls
djupaste	1	word	""j}:$pa$ste
djupens	1	word	"j}:$pens
djupheter	1	word	
djupheterna	1	word	
djupsinniga	1	word	""j}:p$%sI$nI$ga
djupsinnigt	1	word	""j}:p$%sI$nIkt
djärvt	1	word	"jErft
djävul	1	word	""jE:$vu0l
dodanéerna	1	word	
dofta	1	word	""dOf$ta
dok	1	word	"du:k
dolkmännens	1	word	
domarinna	1	word	
domarstolar	1	word	
domarstolen	1	word	
domfälld	1	word	""dUm$%fEld
domna	1	word	""dOm$na
domnade	1	word	""dOm$na$de
domsalen	1	word	""dUm$%sA:$len
domsförhuset	1	word	
domssak	1	word	
domssköld	1	word	
domstolarna	1	word	""dUm$%stu:$la$n`a
domstolssammanträden	1	word	
doppad	1	word	
doppats	1	word	
doppe	1	word	
doppen	1	word	"dO$pen
dotterdotter	1	word	""dO$te$%d`O$ter
dotterdotters	1	word	""dO$te$%d`O$tes`
dotterson	1	word	""dO$te$%s`o:n
dovhjort	1	word	""do:v$%jUt`
dovhjortar	1	word	""do:v$%jU$t`ar
drabant	1	word	dra$"bant
drabanters	1	word	dra$"ban$tes`
drabanthopen	1	word	
drabbningen	1	word	""drab$nIN$en
dragna	1	word	""drA:$gna
drakarna	1	word	""drA:$ka$n`a
drakarnas	1	word	""drA:$ka$n`as
drakens	1	word	""drA:$kens
drakma	1	word	"drak$ma
drickande	1	word	
drickoffers	1	word	""drIk$%O$fes`
dricksvattnet	1	word	""drIks$%vat$net
driftig	1	word	""drIf$tIg
driftighet	1	word	""drIf$tIg$%he:t
dristiga	1	word	""drI$stI$ga
driv	1	word	"dri:v
drivankare	1	word	""dri:v$%aN$ka$re
drivens	1	word	""dri:$vens
dromedarer	1	word	drU$me$"dA:$rer
drottningar	1	word	""drOt$nIN$ar
drottningarna	1	word	""drOt$nIN$a$n`a
druckne	1	word	
druva	1	word	""dr}:$va
druvklasarna	1	word	""dr}:v$%klA:$sa$n`a
druvklases	1	word	""dr}:v$%klA:$ses
druvmust	1	word	
druvsaften	1	word	""dr}:v$%saf$ten
druvtramparen	1	word	
dryckerna	1	word	""drY$ke$n`a
dryckesbröder	1	word	""drY$kes$%br2:$der
dryckesvaror	1	word	""drY$kes$%vA:$rUr
dryg	1	word	"dry:g
drype	1	word	
dräktiga	1	word	""drEk$tI$ga
dränkte	1	word	""drENk$te
dräpe	1	word	
dräpes	1	word	""drE:$pes
dråparna	1	word	""dro:$pa$n`a
dråps	1	word	"dro:ps
drömbild	1	word	""dr9m$%bIld
drömbilder	1	word	""dr9m$%bIl$der
drömma	1	word	""dr9$ma
drömmande	1	word	""dr9$man$de
drömmars	1	word	""dr9$mas`
drömmens	1	word	"dr9$mens
drömsyner	1	word	""dr9m$%sy:$ner
dröpo	1	word	
dubbeldörrar	1	word	""du0$bel$%d9$rar
dubbelkrokar	1	word	
dugde	1	word	""d}:g$de
duka	1	word	""d}:$ka
dukade	1	word	""d}:$ka$de
dunkelt	1	word	"du0N$kelt
dus	1	word	"d}:s
duvomånglarna	1	word	
duvorna	1	word	""d}:$vU$n`a
duvoträck	1	word	
duvslag	1	word	""d}:v$%slA:g
dväljens	1	word	
dväljes	1	word	""dvEl$jes
dygder	1	word	""dYg$der
dyka	1	word	""dy:$ka
dylik	1	word	""dy:$%li:k
dylika	1	word	""dy:$%li:$ka
dylikt	1	word	""dy:$%li:kt
dyrbarare	1	word	""dy:r$%bA:$ra$re
dystra	1	word	""dY$stra
däck	1	word	"dEk
dämpad	1	word	
dämpar	1	word	""dEm$par
däremellan	1	word	dE:r$e$""mE$lan
därintill	1	word	dEr$In$"tIl
därovantill	1	word	
därutför	1	word	
däråt	1	word	"dE:r$o:t
dånande	1	word	""do:$nan$de
dåraktigas	1	word	""do:r$%ak$tI$gas
dåraktigheten	1	word	""do:r$ak$tIg$%he:$ten
dårskapen	1	word	""do:$%s`kA:$pen
dåsighet	1	word	""do:$sIg$%he:t
dåvarande	1	word	""do:$%vA:$ran$de
dödaden	1	word	
dödakropp	1	word	
dödfött	1	word	""d2:d$%f9t
dödgrävarna	1	word	""d2:d$%grE:$va$n`a
dödligas	1	word	""d2:d$lI$gas
dödligt	1	word	""d2:d$lIkt
dödsbleka	1	word	""d9ts$%ble:$ka
dödsblekt	1	word	""d9ts$%ble:kt
dödsdagen	1	word	""d9ts$%dA:$gen
dödsdom	1	word	""d9ts$%dUm
dödsdömda	1	word	""d9ts$%d9m$da
dödsdömde	1	word	""d9ts$%d9m$de
dödsfara	1	word	""d9ts$%fA:$ra
dödsfasorna	1	word	
dödsfiender	1	word	""d9ts$%fi:$en$der
dödslidandes	1	word	
dödsmärken	1	word	
dödsmåltider	1	word	
dödsnatten	1	word	
dödsplåga	1	word	
dödsrike	1	word	""d9ts$%ri:$ke
dödssjukt	1	word	""d9ts$%x\}:kt
dödsskjuten	1	word	""d9ts$%x\}:$ten
dödsslagna	1	word	
dödsslagnas	1	word	
dödssätt	1	word	""d9ts$%sEt
dödsångest	1	word	""d9ts$%ON$est
döljas	1	word	""d9l$jas
dön	1	word	"d2:n
döpande	1	word	""d2:$pan$de
döpes	1	word	""d2:$pes
dörrhalvor	1	word	""d9r$%hal$vUr
dörrtrösklarnas	1	word	""d9r$%t`r9s$kla$n`as
dörröppningar	1	word	""d9r$%9p$nIN$ar
döttrarna	1	word	""d9$tra$n`a
dövad	1	word	""d2:$vad
dövas	1	word	""d2:$vas
ebenholts	1	word	""e:$ben$%hOlts
edgång	1	word	""e:d$%gON
edomeiska	1	word	
edomeiskor	1	word	
edomé	1	word	
edoméernas	1	word	
eds	1	word	"e:ds
edsbrott	1	word	""e:ds$%brOt
edsförbunds	1	word	
efan	1	word	
efesiern	1	word	e$"fe:$sI$en`
efodkåpan	1	word	
efraimiter	1	word	
efratiten	1	word	
efratiter	1	word	
efterbildning	1	word	""Ef$ter$%bIld$nIN
efterbörden	1	word	""Ef$ter$%b2:$d`en
efterforskat	1	word	
efterfrågat	1	word	""Ef$ter$%fro:$gat
efterföljelse	1	word	""Ef$ter$%f9l$jel$se
efterföljen	1	word	
efterhärma	1	word	""Ef$ter$%hEr$ma
efterhärmade	1	word	""Ef$ter$%hEr$ma$de
efterlikna	1	word	""Ef$te$%l`i:$kna
efterlåta	1	word	
eftermiddag	1	word	""Ef$ter$%mI$dA:g
eftermiddagen	1	word	""Ef$ter$mI$%dA:$gen
eftermäle	1	word	""Ef$ter$%mE:$le
eftersinnen	1	word	
efterskänkas	1	word	""Ef$ter$%x\EN$kas
efterskörden	1	word	""Ef$ter$%x\2:$d`en
efterspanade	1	word	""Ef$te$%s`pA:$na$de
efterspanades	1	word	""Ef$te$%s`pA:$na$des
eftersträva	1	word	""Ef$te$%s`t`rE:$va
eftersträvade	1	word	""Ef$te$%s`t`rE:$va$de
eftertanken	1	word	""Ef$te$%t`aN$ken
eftertrakta	1	word	""Ef$te$%t`rak$ta
eftertryckliga	1	word	""Ef$te$%t`rY$klI$ga
eftertänksam	1	word	""Ef$te$%t`ENk$sam
eftertänksamheten	1	word	""Ef$te$t`ENk$sam$%he:$ten
eftertänksamma	1	word	""Ef$te$t`ENk$%sa$ma
egenhändigt	1	word	""e:$gen$%hEn$dIkt
egennytta	1	word	""e:$gen$%nY$ta
egensinnige	1	word	""e:$gen$%sI$nI$ge
egenskaper	1	word	""e:$gen$%skA:$per
egenvilja	1	word	""e:$gen$%vIl$ja
egga	1	word	""E$ga
eggade	1	word	""E$ga$de
eggat	1	word	
eggjärn	1	word	""Eg$%jE:n`
ehuru	1	word	e$""h}:$r}:
eken	1	word	"e:$ken
ekrar	1	word	""e:$krar
ekroniterna	1	word	
elak	1	word	""e:$lak
elaka	1	word	""e:$la$ka
elakhetens	1	word	""e:$lak$%he:$tens
elamiter	1	word	
eldar	1	word	""El$dar
eldarna	1	word	""El$da$n`a
eldat	1	word	""El$dat
eldkol	1	word	
eldpelare	1	word	""Eld$%pe:$la$re
eldröda	1	word	""Eld$%r2:$da
eldsflamman	1	word	""Elds$%fla$man
eldsglöden	1	word	
eldshästar	1	word	
eldsjön	1	word	
eldskenet	1	word	""Eld$%x\e:$net
eldslågan	1	word	""Elds$%lo:$gan
eldsmat	1	word	
eldsmur	1	word	
eldsoffersgåva	1	word	
eldsoffren	1	word	
eldsprutande	1	word	""Eld$%spr}:$tan$de
eldsprutare	1	word	
eldstaden	1	word	""Eld$%stA:$den
eldstäder	1	word	""Eld$%stE:$der
elefantavdelningen	1	word	
elefanten	1	word	e$le$"fan$ten
elefantens	1	word	e$le$"fan$tens
elefanternas	1	word	e$le$"fan$te$n`as
elementen	1	word	e$le$"mEn$ten
elementens	1	word	e$le$"mEn$tens
elfenbenshusen	1	word	
elfenbenshuset	1	word	
elfenbenspalatser	1	word	
elkositen	1	word	
eloniternas	1	word	
elyméernas	1	word	
eländes	1	word	""e:$lEn$des
eländet	1	word	""e:$lEn$det
eländigt	1	word	""e:$lEn$dIkt
eméer	1	word	
eméerna	1	word	
endaste	1	word	""En$da$ste
endera	1	word	
endräk	1	word	
enfald	1	word	""e:n$%fald
enfaldig	1	word	""e:n$%fal$dIg
enfaldige	1	word	""e:n$%fal$dI$ge
enfödd	1	word	""e:n$%f9d
enhet	1	word	""e:n$%he:t
enheten	1	word	""e:n$%he:$ten
eniga	1	word	""e:$nI$ga
enighet	1	word	""e:$nIg$%he:t
enigt	1	word	""e:$nIkt
enl	1	word	""e:n$lIkt
ensliga	1	word	""e:n$slI$ga
enträgna	1	word	""e:n$%trE:$gna
envigeskämpe	1	word	
envigeskämpen	1	word	
epikuréernas	1	word	e$pI$k}:$"re:$e$n`as
eraniternas	1	word	
erbjöd	1	word	""e:r$%bj2:d
erfarenhet	1	word	""e:r$fA:$ren$%he:t
erfarit	1	word	""e:r$%fA:$rIt
erforderligt	1	word	""e:r$%fu:$d`e$lIkt
erhålla	1	word	""e:r$%hO$la
erhållit	1	word	""e:r$%hO$lIt
erinran	1	word	""e:$%rIn$ran
erinras	1	word	""e:$%rIn$ras
eriternas	1	word	
erkänd	1	word	""e:r$%s'End
erkänner	1	word	""e:r$%s'E$ner
erkänt	1	word	""e:r$%s'Ent
erläggas	1	word	""e:$%l`E$gas
ersätte	1	word	
ersätter	1	word	""e:$%s`E$ter
ersättningen	1	word	""e:$%s`Et$nIN$en
ertappade	1	word	""e:$%t`a$pa$de
erövrare	1	word	""e:$%r2:$vra$re
erövraren	1	word	""e:$%r2:$vra$ren
erövrat	1	word	""e:$%r2:$vrat
estaoliterna	1	word	
etiopiska	1	word	e$tI$"u:$pI$ska
etter	1	word	"E$ter
etterormens	1	word	
etthundratjugu	1	word	
evangelisten	1	word	e$va$nje$"lI$sten
evangelister	1	word	e$va$nje$"lI$ster
evangelists	1	word	e$va$nje$"lIsts
f	1	word	"Ef
fabeldiktarna	1	word	
fackelsken	1	word	""fa$kel$%x\e:n
faderlös	1	word	""fA:$de$%l`2:s
fadermördare	1	word	
fadershjärtats	1	word	""fA:$des`$%jE$t`ats
falkens	1	word	"fal$kens
fallfärdigt	1	word	""fal$%fE:$d`Ikt
fallne	1	word	""fal$ne
familjehövdingarna	1	word	
familjen	1	word	fa$"mIl$jen
famlar	1	word	""fam$lar
famna	1	word	""fam$na
famntag	1	word	""famn$%tA:g
famntaga	1	word	
farans	1	word	""fA:$rans
farbröders	1	word	""far$%br2:$des`
farhågor	1	word	""fA:r$%ho:$gUr
farliga	1	word	""fA:$l`I$ga
farlighet	1	word	""fA:$l`Ig$%he:t
farlighetsropen	1	word	
farmoder	1	word	""far$%mu:$der
farorna	1	word	""fA:$rU$n`a
farornas	1	word	""fA:$rU$n`as
farsin	1	word	
farsoten	1	word	""fA:$%s`u:$ten
fartyget	1	word	""fA:$%t`y:$get
farvägar	1	word	""fA:r$%vE:$gar
farvägen	1	word	""fA:r$%vE:$gen
fastaste	1	word	""fa$sta$ste
fastat	1	word	
faste	1	word	""fa$ste
fastedagar	1	word	""fa$ste$%dA:$gar
fasten	1	word	
fastgjorde	1	word	
fastgjort	1	word	
fasthålla	1	word	""fast$%hO$la
fastklibbad	1	word	""fast$%klI$bad
fastmera	1	word	fast$"me:$ra
fastnagla	1	word	""fast$%nA:$gla
fastnar	1	word	""fast$nar
fastsatta	1	word	""fast$%sa$ta
faststelnad	1	word	
fastställa	1	word	""fast$%stE$la
fattad	1	word	""fa$tad
fatte	1	word	
fattigare	1	word	""fa$tI$ga$re
fattigaste	1	word	""fa$tI$ga$ste
fattigmans	1	word	""fa$tIg$%mans
fattigt	1	word	""fa$tIkt
feberanfall	1	word	""fe:$ber$an$%fal
febersjuka	1	word	""fe:$ber$%x\}:$ka
feg	1	word	"fe:g
fega	1	word	""fe:$ga
fege	1	word	""fe:$ge
fejas	1	word	""fE$jas
felat	1	word	""fe:$lat
femhundrade	1	word	
femkant	1	word	
fems	1	word	
femtedel	1	word	""fEm$te$%de:l
femtedelar	1	word	""fEm$te$%de:$lar
femtioandra	1	word	fem$tI$U$""an$dra
femtioett	1	word	fem$tI$U$"Et
fereséerna	1	word	
fest	1	word	"fEst
festdag	1	word	""fEst$%dA:g
festförsamling	1	word	
festgädje	1	word	
festlig	1	word	""fEst$lIg
festligheter	1	word	""fEst$lIg$%he:$ter
festrus	1	word	
festtåget	1	word	""fEst$%to:$get
fetaste	1	word	""fe:$ta$ste
fetmas	1	word	""fEt$mas
fettstycken	1	word	
fiendehövdingars	1	word	
fiendeland	1	word	""fi:$en$de$%land
fiendeskaror	1	word	
fiendeskarorna	1	word	
fiendeskarornas	1	word	
fientlighet	1	word	fI$"Ent$lIg$he:t
fientligt	1	word	fI$"Ent$lIkt
figurer	1	word	fI$"g}:$rer
fikenhet	1	word	""fi:$ken$%he:t
fikonens	1	word	""fi:$kO$nens
fikonlöv	1	word	""fi:$kOn$%l2:v
filipper	1	word	fI$"lI$per
filisteiska	1	word	fI$lI$"ste:$I$ska
filistéers	1	word	fI$lI$"ste:$es`
filosofer	1	word	fI$lU$"so:$fer
finhet	1	word	""fi:n$%he:t
finn	1	word	"fIn
finne	1	word	""fI$ne
firen	1	word	
fiskade	1	word	""fI$ska$de
fiskafänges	1	word	""fI$ska$%fEN$es
fiskarlag	1	word	
fiskars	1	word	""fI$skas`
fiskdelen	1	word	
fiskeläge	1	word	""fI$ske$%lE:$ge
fisket	1	word	""fI$sket
fiskharpuner	1	word	
fiskkrokar	1	word	
fjällpansar	1	word	
fjät	1	word	"fjE:t
fjättra	1	word	""fjE$tra
fjättrad	1	word	
fjättrat	1	word	
flammar	1	word	""fla$mar
flaska	1	word	""fla$ska
flaskan	1	word	""fla$skan
flata	1	word	""flA:$ta
flaxa	1	word	""flak$sa
flickorna	1	word	""flI$kU$n`a
flik	1	word	"fli:k
flikar	1	word	""fli:$kar
flikarna	1	word	""fli:$ka$n`a
flingornas	1	word	""flIN$U$n`as
flink	1	word	"flINk
flockens	1	word	"flO$kens
flodbrädd	1	word	""flu:d$%brEd
flottan	1	word	""flO$tan
flottar	1	word	""flO$tar
fluga	1	word	""fl}:$ga
flugorna	1	word	""fl}:$gU$n`a
flutna	1	word	""fl}:t$na
flydden	1	word	
flyge	1	word	
flygfän	1	word	""fly:g$%fE:n
flyglar	1	word	""fly:$glar
flykta	1	word	""flYk$ta
flyktar	1	word	""flYk$tar
flyktat	1	word	
flyktiga	1	word	""flYk$tI$ga
flyktingarna	1	word	""flYk$tIN$a$n`a
flyktingarnas	1	word	""flYk$tIN$a$n`as
flyktingen	1	word	""flYk$tIN$en
flyktingens	1	word	""flYk$tIN$ens
flykts	1	word	"flYkts
flyttades	1	word	""flY$ta$des
flädermöss	1	word	""flE:$der$%m9s
fläka	1	word	""flE:$ka
flämta	1	word	""flEm$ta
flärd	1	word	"flE:d`
flåsar	1	word	""flo:$sar
flått	1	word	"flOt
flödat	1	word	""fl2:$dat
flöge	1	word	
flöjtblåsare	1	word	""fl9jt$%blo:$sa$re
flöjtblåsarna	1	word	""fl9jt$%blo:$sa$n`a
flöjters	1	word	""fl9j$tes`
flöjtspel	1	word	""fl9jt$%spe:l
fnyser	1	word	"fny:$ser
fodrade	1	word	""fu:$dra$de
fogades	1	word	""fu:$ga$des
fogat	1	word	""fu:$gat
fogliga	1	word	""fu:$glI$ga
fogligaste	1	word	""fu:$glI$ga$ste
fogverk	1	word	
folkbesluten	1	word	
folkfördärvare	1	word	
folkförskingrare	1	word	
folkhopar	1	word	""fOlk$%hu:$par
folkhoparna	1	word	""fOlk$%hu:$pa$n`a
folkmassorna	1	word	""fOlk$%ma$sU$n`a
folkrikt	1	word	""fOlk$%ri:kt
folktom	1	word	""fOlk$%tUm
folktomt	1	word	""fOlk$%tUmt
fordomtima	1	word	""fu:$d`u:m$%ti:$ma
fordrade	1	word	""fu:$d`ra$de
formare	1	word	""fOr$ma$re
formen	1	word	"fOr$men
formlöst	1	word	""fOrm$%l2:st
forskat	1	word	""fO$s`kat
fort	1	word	"fUt`
fortare	1	word	""fU$t`a$re
fortfare	1	word	
fortgick	1	word	""fUt`$%jIk
fortgån	1	word	
fortplante	1	word	
fortsattes	1	word	
fortsättning	1	word	""fUt`$%s`Et$nIN
fortsättningen	1	word	""fUt`$%s`Et$nIN$en
fostrets	1	word	"fU$strets
fotblad	1	word	""fu:t$%blA:d
fotbojorna	1	word	""fu:t$%bO$jU$n`a
fotfolkets	1	word	""fu:t$%fOl$kets
fotfolks	1	word	""fu:t$%fOlks
fotfäste	1	word	""fu:t$%fE$ste
fotgängare	1	word	""fu:t$%jEN$a$re
fotknölarna	1	word	""fu:t$%kn2:$la$n`a
fotleder	1	word	""fu:t$%le:$der
fotsteg	1	word	""fu:t$%ste:g
fotsteget	1	word	""fu:t$%ste:$get
fotstycke	1	word	
frakta	1	word	""frak$ta
framalstra	1	word	
frambragt	1	word	""fram$%brakt
frambringen	1	word	
frambure	1	word	
framburen	1	word	""fram$%b}:$ren
framburet	1	word	""fram$%b}:$ret
framburos	1	word	
framemot	1	word	"fra$me$mu:t
framfart	1	word	""fram$%fA:t`
framföder	1	word	""fram$%f2:$der
framfören	1	word	
framgick	1	word	""fram$%jIk
framgnistrar	1	word	
framgången	1	word	""fram$%gON$en
framgår	1	word	""fram$%go:r
framhavd	1	word	
framhämtats	1	word	
framhärdade	1	word	""fram$%hE:$d`a$de
framhålla	1	word	""fram$%hO$la
framkommit	1	word	""fram$%kO$mIt
framlevat	1	word	
framlevde	1	word	""fram$%le:v$de
framlever	1	word	""fram$%le:$ver
framliden	1	word	""fram$%li:$den
frampressade	1	word	""fram$%prE$sa$de
framsade	1	word	
framsidor	1	word	""fram$%si:$dUr
framskallighet	1	word	
framställd	1	word	
framställningar	1	word	""fram$%stEl$nIN$ar
framtagande	1	word	""fram$%tA:$gan$de
framtidsomsorg	1	word	
framtågandes	1	word	
framvälla	1	word	
fredade	1	word	""fre:$da$de
freden	1	word	"fre:$den
fredsbudbärarna	1	word	
fredsförsäkringar	1	word	
fredstid	1	word	""fre:ds$%ti:d
frestaden	1	word	
friar	1	word	""fri:$ar
fridlyst	1	word	""fri:d$%ly:st
fridsammaste	1	word	""fri:d$%sa$ma$ste
fridsfrukt	1	word	
fridshyddor	1	word	
fridsäll	1	word	
frie	1	word	""fri:$e
frigav	1	word	""fri:$%gA:v
frigivas	1	word	""fri:$%ji:$vas
frigivne	1	word	""fri:$%ji:v$ne
frigivnes	1	word	""fri:$%ji:v$nes
frigjord	1	word	
frigjorda	1	word	
frigjort	1	word	""frI$%jUt`
frikostige	1	word	""fri:$%kO$stI$ge
frikända	1	word	
frikände	1	word	""fri:$%s'E:n$de
frikänna	1	word	""fri:$%s'E$na
friköpa	1	word	""fri:$%s'2:$pa
friköpte	1	word	
friköptes	1	word	
friskar	1	word	""frI$skar
fristaden	1	word	""fri:$%stA:$den
fristads	1	word	""fri:$%stA:ds
fritagen	1	word	
fritager	1	word	
fritaget	1	word	
frivillig	1	word	""fri:$%vI$lIg
frodades	1	word	""fru:$da$des
fromhetens	1	word	""frUm$%he:$tens
fromhets	1	word	""frUm$%he:ts
fromsint	1	word	""frUm$%sInt
fromt	1	word	
fruktad	1	word	
fruktaden	1	word	
fruktans	1	word	""fru0k$tans
fruktbar	1	word	""fru0kt$%bA:r
fruktbara	1	word	""fru0kt$%bA:$ra
fruktbärande	1	word	""fru0kt$%bE:$ran$de
frukters	1	word	""fru0k$tes`
fruktkakor	1	word	""fru0kt$%kA:$kUr
fruktkakorna	1	word	""fru0kt$%kA:$kU$n`a
fruktklasar	1	word	
fruktlöst	1	word	""fru0kt$%l2:st
fruktskörd	1	word	""fru0kt$%x\2:d`
fruktskörden	1	word	""fru0kt$%x\2:$d`en
frukttiden	1	word	
frun	1	word	"fr}:n
frus	1	word	"fr}:s
frusna	1	word	""fr}:$sna
frustandet	1	word	
frustar	1	word	""fru0$star
frustat	1	word	
frusten	1	word	
frustning	1	word	""fru0st$nIN
frygier	1	word	"fry:$gI$er
fräckaste	1	word	""frE$ka$ste
fräckhets	1	word	""frEk$%he:ts
frälsade	1	word	
frälsande	1	word	
frälsaren	1	word	""frEl$sa$ren
frälsas	1	word	""frEl$sas
frälse	1	word	""frEl$se
främje	1	word	
främlingshopen	1	word	
främlingsskaps	1	word	
främlingssläkt	1	word	
fränderna	1	word	""frEn$de$n`a
fränders	1	word	""frEn$des`
frändes	1	word	""frEn$des
frändskapen	1	word	""frEnd$%skA:$pen
fränka	1	word	
frätfläck	1	word	
frätte	1	word	""frE$te
frågandes	1	word	""fro:$gan$des
frånräknad	1	word	""fro:n$%rE:$knad
frånsagt	1	word	
frånskilt	1	word	""fro:n$%x\Ilt
fråntagen	1	word	""fro:n$%tA:$gen
fråntagna	1	word	""fro:n$%tA:$gna
frånträdes	1	word	
fröet	1	word	"fr2:$et
fröjdats	1	word	
fröjdekrahs	1	word	
fröjdens	1	word	"fr9j$dens
fröjdeort	1	word	
fröjdesprång	1	word	
fröjdesång	1	word	
fröskidor	1	word	""fr2:$%x\i:$dUr
fudéernas	1	word	
fuktade	1	word	""fu0k$ta$de
fuktighet	1	word	""fu0k$tIg$%he:t
fullastad	1	word	
fullbildat	1	word	
fullborde	1	word	
fullgjord	1	word	""fu0l$%ju:d`
fullgjorde	1	word	""fu0l$%ju:$d`e
fullgod	1	word	""fu0l$%gu:d
fullgören	1	word	
fullheten	1	word	""fu0l$%he:$ten
fullkomligare	1	word	""fu0l$%kOm$lI$ga$re
fullkomlighetens	1	word	""fu0l$kOm$lIg$%he:$tens
fullkomnare	1	word	
fullkomnat	1	word	
fullkomne	1	word	
fullkomning	1	word	""fu0l$%kOm$nIN
fullkomningen	1	word	""fu0l$%kOm$nIN$en
fullmåligt	1	word	
fullmånstiden	1	word	
fullsatt	1	word	""fu0l$%sat
fullskriven	1	word	""fu0l$%skri:$ven
fullständigt	1	word	""fu0l$%stEn$dIkt
fulltalighet	1	word	
fulltecknat	1	word	
fullända	1	word	""fu0l$%En$da
fulländat	1	word	""fu0l$%En$dat
fullärd	1	word	""f}:l$%lE:d`
funna	1	word	
furstefolks	1	word	
furstehöghet	1	word	
furstinna	1	word	fu0$""s`t`I$na
furstinnor	1	word	fu0$""s`t`I$nUr
furstinnorna	1	word	fu0$""s`t`I$nU$n`a
fyll	1	word	"fYl
fyllen	1	word	
fylleri	1	word	fY$le$"ri:
fylles	1	word	""fY$les
fyndort	1	word	""fYnd$%Ut`
fyras	1	word	""fy:$ras
fyrfatet	1	word	""fy:r$%fA:$tet
fyrfotade	1	word	
fyrtioförsta	1	word	
fyrtios	1	word	
fä	1	word	"fE:
fädernearv	1	word	""fE:$de$n`e$%arv
fädernebesittning	1	word	
fäderneslands	1	word	""fE:$de$n`es$%lands
fädernesläkts	1	word	
fägna	1	word	""fEN$na
fägringen	1	word	""fE:$grIN$en
fägrings	1	word	""fE:$grINs
fälldes	1	word	""fEl$des
fällen	1	word	"fE$len
fälttecken	1	word	""fElt$%tE$ken
fältvakt	1	word	
fänadens	1	word	""fE:$na$dens
fängelsehuset	1	word	
fängelser	1	word	""fEN$el$ser
fängelserummet	1	word	
fängslades	1	word	""fEN$sla$des
färdighuggen	1	word	
färdigsmyckad	1	word	
färgade	1	word	""fEr$ja$de
färgar	1	word	""fEr$jar
färgas	1	word	""fEr$jas
färger	1	word	""fEr$jer
färjan	1	word	""fEr$jan
fästena	1	word	""fE$ste$na
fästenas	1	word	""fE$ste$nas
fästhål	1	word	
fästningarnas	1	word	""fEst$nIN$a$n`as
fästningsmurarna	1	word	""fEst$nINs$%m}:$ra$n`a
fästningstinnar	1	word	
fästningstornen	1	word	""fEst$nINs$%tu:$n`en
fästän	1	word	
fåfängligheten	1	word	""fo:$fEN$lIg$%he:$ten
fåfängligheter	1	word	
fågelbo	1	word	""fo:$gel$%bu:
fågelfängaren	1	word	""fo:$gel$%fEN$a$ren
fågelfängarnas	1	word	""fo:$gel$%fEN$a$n`as
fågelklor	1	word	
fågelnästen	1	word	
fågelskrämma	1	word	""fo:$gel$%skrE$ma
fågelskrämmor	1	word	""fo:$gel$%skrE$mUr
fågelsång	1	word	""fo:$gel$%sON
fågelungar	1	word	""fo:$gel$%u0N$ar
fågelvingar	1	word	""fo:$gel$%vIN$ar
fåglalåt	1	word	""fo:$gla$%lo:t
fåkunniges	1	word	""fo:$%ku0$nI$ges
fåkunnigheten	1	word	
fållan	1	word	""fO$lan
fång	1	word	"fON
fångarnas	1	word	""fON$a$n`as
fångbälte	1	word	
fånget	1	word	"fON$et
fånggropen	1	word	
fångknektarnas	1	word	
fångnes	1	word	
fångvaktare	1	word	""fON$%vak$ta$re
fångvalven	1	word	
fårahus	1	word	""fo:$ra$%h}:s
fårahuset	1	word	""fo:$ra$%h}:$set
fårakläder	1	word	""fo:$ra$%klE:$der
fåran	1	word	""fo:$ran
fårherde	1	word	
fårhjordarna	1	word	""fo:r$%ju:$d`a$n`a
fårhjorden	1	word	""fo:r$%ju:$d`en
fårhjordens	1	word	""fo:r$%ju:$d`ens
fårklippare	1	word	
fårorna	1	word	""fo:$rU$n`a
fårskinn	1	word	""fo:r$%x\In
fåtalighet	1	word	
födan	1	word	""f2:$dan
födelsedagen	1	word	""f2:$del$se$%dA:$gen
födsloarbete	1	word	""f2:d$slU$ar$%be:$te
födslosmärtor	1	word	""f2:d$slU$%smE$t`Ur
födslostunden	1	word	
följas	1	word	""f9l$jas
följeslagares	1	word	""f9l$je$%slA:$ga$res
följesven	1	word	
föraktas	1	word	f9r$"ak$tas
föraktlig	1	word	f9r$"akt$lIg
föraktlighets	1	word	
förare	1	word	""f2:$ra$re
förargas	1	word	f9r$"ar$jas
förbehållit	1	word	""f2:r$be$%hO$lIt
förbereda	1	word	""f2:r$be$%re:$da
förbisedda	1	word	""f2:r$bi:$%sE$da
förbistra	1	word	f9r$"bI$stra
förbittra	1	word	f9r$"bI$tra
förbittrades	1	word	f9r$"bI$tra$des
förbittras	1	word	f9r$"bI$tras
förbittringen	1	word	f9r$"bI$trIN$en
förbjuder	1	word	f9r$"bj}:$der
förbleknade	1	word	f9r$"ble:$kna$de
förblindad	1	word	
förblindas	1	word	f9r$"blIn$das
förblivande	1	word	f9r$"bli:$van$de
förblödd	1	word	f9r$"bl9d
förbrinna	1	word	f9r$"brI$na
förbrukning	1	word	f9r$"br}:$knIN
förbrytelser	1	word	f9r$"bry:$tel$ser
förbränd	1	word	f9r$"brEnd
förbrännande	1	word	
förbrännarens	1	word	
förbrännes	1	word	f9r$"brE$nes
förbudet	1	word	""f2:r$%b}:$det
förbundo	1	word	
förbundsblods	1	word	
förbundsbok	1	word	
förbundslandets	1	word	
förbyta	1	word	f9r$"by:$ta
förbytas	1	word	f9r$"by:$tas
förbytes	1	word	f9r$"by:$tes
förbytte	1	word	
förbytts	1	word	f9r$"bYts
förbättra	1	word	f9r$"bE$tra
förbättring	1	word	f9r$"bE$trIN
fördelas	1	word	f9$"d`e:$las
fördelat	1	word	f9$"d`e:$lat
fördelen	1	word	""f2:$%d`e:$len
fördelningen	1	word	f9$"d`e:l$nIN$en
fördjupa	1	word	f9r$"j}:$pa
fördjupar	1	word	f9r$"j}:$par
fördjupningar	1	word	f9r$"j}:p$nIN$ar
fördjupningen	1	word	f9r$"j}:p$nIN$en
fördrager	1	word	f9$"d`rA:$ger
fördragsamhet	1	word	f9$"d`rA:g$sam$he:t
fördrivas	1	word	f9$"d`ri:$vas
fördrives	1	word	f9$"d`ri:$ves
fördrivnas	1	word	
fördroge	1	word	
fördrogen	1	word	
fördränkt	1	word	
fördränkte	1	word	
fördröja	1	word	f9$"d`r9$ja
fördubblas	1	word	f9$"d`u0$blas
fördubblat	1	word	f9$"d`u0$blat
fördärvares	1	word	f9$"d`Er$va$res
fördärven	1	word	f9$"d`Er$ven
fördöljas	1	word	
fördöm	1	word	f9$"d`9m
fördömde	1	word	f9$"d`9m$de
fördömelse	1	word	f9$"d`9$mel$se
fördömelsens	1	word	f9$"d`9$mel$sens
fördömen	1	word	
fördömes	1	word	f9$"d`9$mes
förebilder	1	word	""f2:$re$%bIl$der
förebråelse	1	word	""f2:$re$%bro:$el$se
förebygga	1	word	""f2:$re$%bY$ga
föredragit	1	word	""f2:$re$%drA:$gIt
föredrogo	1	word	
föredömligt	1	word	""f2:$re$%d9m$lIkt
föregiver	1	word	""f2:$re$%ji:$ver
föregående	1	word	""f2:$re$%go:$en$de
föregås	1	word	""f2:$re$%go:s
förehaves	1	word	
förehåller	1	word	""f2:$re$%hO$ler
förekallad	1	word	
förekommer	1	word	""f2:$re$%kO$mer
förelades	1	word	""f2:$re$%lA:$des
förelägg	1	word	
föreläsas	1	word	""f2:$re$%lE:$sas
förelåg	1	word	""f2:$re$%lo:g
förenad	1	word	f9r$"e:$nad
förenat	1	word	f9r$"e:$nat
föresats	1	word	""f2:$re$%sats
föresatte	1	word	""f2:$re$%sa$te
föreskrevs	1	word	""f2:$re$%skre:vs
föreskrifterna	1	word	""f2:$re$%skrIf$te$n`a
föreslog	1	word	""f2:$re$%slu:g
förespeglingar	1	word	""f2:$re$%spe:$glIN$ar
förespråkare	1	word	""f2:$re$%spro:$ka$re
föreställa	1	word	""f2:$re$%stE$la
föreställningen	1	word	""f2:$re$%stEl$nIN$en
förestående	1	word	""f2:$re$%sto:$en$de
föreståndarens	1	word	""f2:$re$%stOn$da$rens
föresätta	1	word	""f2:$re$%sE$ta
företagen	1	word	""f2:$re$%tA:$gen
företal	1	word	""f2:$re$%tA:l
företrade	1	word	
företrädde	1	word	""f2:$re$%trE$de
företrädet	1	word	""f2:$re$%trE:$det
förevita	1	word	""f2:$re$%vi:$ta
förevitar	1	word	""f2:$re$%vi:$tar
förfallen	1	word	f9r$"fa$len
förfarande	1	word	f9r$"fA:$ran$de
förfares	1	word	f9r$"fA:$res
förfaringssätt	1	word	f9r$""fA:$rINs$%sEt
förfarits	1	word	f9r$"fA:$rIts
förfarnaste	1	word	
författade	1	word	f9r$"fa$ta$de
författareris	1	word	
författat	1	word	f9r$"fa$tat
förfelat	1	word	f9r$"fe:$lat
förfluten	1	word	f9r$"fl}:$ten
förflutna	1	word	f9r$"fl}:t$na
förflyktigas	1	word	f9r$"flYk$tI$gas
förflyta	1	word	f9r$"fly:$ta
förflytta	1	word	f9r$"flY$ta
förfråga	1	word	f9r$"fro:$ga
förfrågade	1	word	f9r$"fro:$ga$de
förfärans	1	word	
förfärar	1	word	f9r$"fE:$rar
förfärdigandet	1	word	
förfärligt	1	word	f9r$"fE:$lIkt
förföljandet	1	word	f9r$"f9l$jan$det
förföljd	1	word	f9r$"f9ljd
förföljelsen	1	word	f9r$"f9l$jel$sen
förföllo	1	word	
förförd	1	word	f9r$"f2:d`
förförda	1	word	f9r$"f2:$d`a
förfördelen	1	word	
förförelsen	1	word	f9r$"f2:$rel$sen
förförelser	1	word	f9r$"f2:$rel$ser
förförelsers	1	word	f9r$"f2:$rel$ses`
förgiftad	1	word	f9r$"jIf$tad
förgrep	1	word	f9r$"gre:p
förgrepo	1	word	
förgripelse	1	word	
förgriper	1	word	f9r$"gri:$per
förgrymmade	1	word	f9r$"grY$ma$de
förgäte	1	word	
förgången	1	word	f9r$"gON$en
förgårdsförhusen	1	word	
förgörare	1	word	
förgören	1	word	
förhala	1	word	f9r$"hA:$la
förhallen	1	word	""f2:r$%ha$len
förhandla	1	word	f9r$"hand$la
förhandlade	1	word	f9r$"hand$la$de
förhandlat	1	word	f9r$"hand$lat
förhandlingarna	1	word	f9r$"hand$lIN$a$n`a
förhastande	1	word	f9r$"ha$stan$de
förhastat	1	word	f9r$"ha$stat
förhindrad	1	word	
förhindrade	1	word	f9r$"hIn$dra$de
förhindrar	1	word	f9r$"hIn$drar
förhindrat	1	word	f9r$"hIn$drat
förhjälper	1	word	f9r$"jEl$per
förhudarna	1	word	""f2:r$%h}:$da$n`a
förhuden	1	word	""f2:r$%h}:$den
förhusen	1	word	
förhängena	1	word	""f2:r$%hEN$e$na
förhärdad	1	word	f9r$"hE:$d`ad
förhärjande	1	word	f9r$"hEr$jan$de
förhärjares	1	word	
förhärjarna	1	word	
förhärjas	1	word	f9r$"hEr$jas
förhärjelsens	1	word	
förhärligande	1	word	f9r$"hE:$l`I$gan$de
förhärligen	1	word	
förhävdig	1	word	
förhållna	1	word	f9r$"hOl$na
förhånad	1	word	f9r$"ho:$nad
förhöja	1	word	f9r$"h9$ja
förhölle	1	word	f9r$""h9$le
förinta	1	word	f9r$"In$ta
förirrade	1	word	f9r$"I$ra$de
förirrat	1	word	f9r$"I$rat
förivrar	1	word	f9r$"i:$vrar
förjagades	1	word	f9r$"jA:$ga$des
förkastelse	1	word	f9r$"ka$stel$se
förkasten	1	word	
förkastlige	1	word	f9r$"kast$lI$ge
förkastligt	1	word	f9r$"kast$lIkt
förklarad	1	word	f9r$"klA:$rad
förklemad	1	word	f9r$"kle:$mad
förklemade	1	word	f9r$"kle:$ma$de
förkläd	1	word	f9r$"klE:d
förkläden	1	word	""f9r$%klE:$den
förkorta	1	word	f9r$"kO$t`a
förkovrades	1	word	f9r$"ko:$vra$des
förkovras	1	word	f9r$"ko:$vras
förkrossade	1	word	f9r$"krO$sa$de
förkrossades	1	word	f9r$"krO$sa$des
förkrympt	1	word	f9r$"krYmpt
förkunnad	1	word	f9r$"ku0$nad
förkunnandet	1	word	
förkunnelsen	1	word	f9r$"ku0$nel$sen
förkvävas	1	word	f9r$"kvE:$vas
förkvävt	1	word	
förlama	1	word	f9$"l`A:$ma
förlamad	1	word	
förledd	1	word	f9r$"l`Ed
förleddes	1	word	
förlida	1	word	f9$"l`i:$da
förlik	1	word	f9$"l`i:k
förlike	1	word	
förliknar	1	word	
förlikt	1	word	
förlist	1	word	f9$"l`i:st
förlite	1	word	
förlorats	1	word	f9$"l`u:$rats
förlossad	1	word	f9$"l`O$sad
förlossaren	1	word	f9$"l`O$sa$ren
förlossares	1	word	f9$"l`O$sa$res
förlossas	1	word	f9$"l`O$sas
förlosse	1	word	
förlossningens	1	word	f9$"l`O$snIN$ens
förlossningsår	1	word	
förlustat	1	word	
förlustig	1	word	f9$"l`u0$stIg
förlustiga	1	word	f9$"l`u0$stI$ga
förläng	1	word	f9$"l`EN
förlängde	1	word	f9$"l`EN$de
förlåte	1	word	
förlåtelsen	1	word	f9$"l`o:$tel$sen
förlösen	1	word	
förmanaren	1	word	
förmanér	1	word	
förmedling	1	word	f9r$"me:d$lIN
förmena	1	word	f9r$"me:$na
förmenande	1	word	f9r$"me:$nan$de
förmenar	1	word	f9r$"me:$nar
förmenat	1	word	f9r$"me:$nat
förmiddagen	1	word	""f2:r$mI$%dA:$gen
förminskens	1	word	
förmodade	1	word	f9r$"mu:$da$de
förmodar	1	word	f9r$"mu:$dar
förmäla	1	word	f9r$"mE:$la
förmän	1	word	""f2:r$%mEn
förmärker	1	word	f9r$"mEr$ker
förmäten	1	word	f9r$"mE:$ten
förmätenheten	1	word	f9r$"mE:$ten$he:$ten
förmätna	1	word	f9r$"mE:t$na
förmådden	1	word	
förmågan	1	word	f9r$"mo:$gan
förmögenhet	1	word	f9r$"m2:$gen$he:t
förmögenheten	1	word	f9r$"m2:$gen$he:$ten
förmörkad	1	word	f9r$"m9r$kad
förnedringen	1	word	f9$"n`e:$drIN$en
förnedringskropp	1	word	
förnekad	1	word	
förnekelse	1	word	f9$"n`e:$kel$se
förneken	1	word	
förnim	1	word	f9$"n`Im
förnimmas	1	word	f9$"n`I$mas
förnuftig	1	word	f9$"n`u0f$tIg
förnuftiga	1	word	f9$"n`u0f$tI$ga
förnyelsen	1	word	f9$"n`y:$el$sen
förnyens	1	word	
förnämaste	1	word	f9$"n`E:$ma$ste
förnämliga	1	word	f9$"n`E:m$lI$ga
förnämt	1	word	f9$"n`E:mt
förnödenheter	1	word	f9$"n`2:$den$he:$ter
förnöje	1	word	
förnöjelse	1	word	f9$"n`9$jel$se
förnöjsamhet	1	word	f9$"n`9j$sam$he:t
förnöjsamme	1	word	f9$"n`9j$sa$me
förnöta	1	word	
förordnades	1	word	f9r$"o:d`$n`a$des
förordnar	1	word	f9r$"o:d`$n`ar
förordningar	1	word	f9r$"o:d`$n`IN$ar
förorenade	1	word	""f2:r$U$%re:$na$de
förorättad	1	word	
förorättade	1	word	""f2:r$U$%rE$ta$de
förorättades	1	word	""f2:r$U$%rE$ta$des
förorätten	1	word	
förpliktade	1	word	f9r$"plIk$ta$de
förpliktelse	1	word	f9r$"plIk$tel$se
förpliktelsen	1	word	f9r$"plIk$tel$sen
förpliktelserna	1	word	f9r$"plIk$tel$se$n`a
förplägnad	1	word	f9r$"plE:$gnad
förposter	1	word	""f2:r$%pO$ster
förposterna	1	word	""f2:r$%pO$ste$n`a
förren	1	word	
förrinnande	1	word	f9r$"rI$nan$de
förrinner	1	word	f9r$"rI$ner
förrostar	1	word	
förruttna	1	word	f9r$"ru0t$na
förryckt	1	word	f9r$"rYkt
förryckthet	1	word	f9r$"rYkt$he:t
förrymda	1	word	f9r$"rYm$da
förrädiska	1	word	f9$"rE:$dI$ska
förrädiskt	1	word	f9$"rE:$dIskt
förrättades	1	word	f9r$"rE$ta$des
förrådshusets	1	word	f9r$""ro:ds$%h}:$sets
förrådskammare	1	word	f9r$""ro:ds$%ka$ma$re
förrådsrum	1	word	f9r$""ro:ds$%ru0m
försagdhet	1	word	f9$"s`agd$he:t
försagdhetens	1	word	f9$"s`agd$he:$tens
försakar	1	word	f9$"s`A:$kar
försalen	1	word	
församlingarnas	1	word	f9$"s`am$lIN$a$n`as
församlingsföreståndares	1	word	f9$""s`am$lINs$f2:$re$%stOn$da$res
församlingsgemenskap	1	word	
församlingsmöten	1	word	
församlingssändebud	1	word	
församlingstjänares	1	word	
församlingstjänarinna	1	word	
församlingsänka	1	word	
förseglet	1	word	""f2:$%s`e:$glet
försiggå	1	word	""f2:$s`I$%go:
försinade	1	word	
förskaffade	1	word	f9$"s`ka$fa$de
förskansade	1	word	f9$"s`kan$sa$de
förskansat	1	word	f9$"s`kan$sat
förskapar	1	word	
förskingrad	1	word	f9r$"x\IN$rad
förskingring	1	word	f9r$"x\IN$rIN
förskjuter	1	word	f9r$"x\}:$ter
förskräckelsens	1	word	f9$"s`krE$kel$sens
förskräckelsernas	1	word	
förskräckens	1	word	
förskönad	1	word	f9r$"x\2:$nad
förslagenhet	1	word	f9$"s`l`A:$gen$he:t
förslaget	1	word	f9$"s`l`A:$get
förslår	1	word	f9$"s`l`o:r
förslösa	1	word	f9s`$"l`2:$sa
förslösar	1	word	f9s`$"l`2:$sar
försmädelsen	1	word	f9$"s`mE:$del$sen
försmält	1	word	
försmälte	1	word	
försoffning	1	word	f9$"s`O$fnIN
försonat	1	word	f9$"s`u:$nat
försoningsdag	1	word	
försoningsmedel	1	word	
försoningsoffer	1	word	f9$""s`u:$nINs$%O$fer
försoningspenningarna	1	word	
försoningsväduren	1	word	
förspilla	1	word	f9$"s`pI$la
förspilld	1	word	
förspillda	1	word	
förspillde	1	word	
förspillt	1	word	f9$"s`pIlt
förspridas	1	word	
försprides	1	word	
försteg	1	word	""f2:$%s`t`e:g
förstenade	1	word	f9$"s`t`e:$na$de
förstes	1	word	
förstföddas	1	word	""f9s`t`$%f9$das
förstföderska	1	word	""f9s`t`$%f2:$de$s`ka
förstlingsbild	1	word	
förstlingsbröd	1	word	
förstlingsbröden	1	word	
förstlingsbrödet	1	word	
förstlingsdagen	1	word	
förstlingsfikon	1	word	
förstlingsfolket	1	word	
förstlingsfrukterna	1	word	""f9s`t`$l`INs$%fru0k$te$n`a
förstlingsgåvorna	1	word	
förstlingslandet	1	word	
förstlingsoffer	1	word	
förstlingsskörden	1	word	
förstlingsverk	1	word	""f9s`t`$l`INs$%vErk
förstone	1	word	""f9$s`t`O$ne
förstora	1	word	f9$"s`t`u:$ra
förströn	1	word	
förställer	1	word	f9$"s`t`E$ler
förställning	1	word	f9$"s`t`El$nIN
förstärk	1	word	f9$"s`t`Erk
förstärkt	1	word	f9$"s`t`Erkt
förståndigare	1	word	f9$"s`t`On$dI$ga$re
förståndsvisshets	1	word	
förstås	1	word	
förstörare	1	word	f9$"s`t`2:$ra$re
förstördes	1	word	f9$"s`t`2:$d`es
förstören	1	word	
försumlighet	1	word	f9$""s`u0m$lIg$%he:t
försummade	1	word	f9$"s`u0$ma$de
försvagades	1	word	f9$"s`vA:$ga$des
försvagar	1	word	f9$"s`vA:$gar
försvagas	1	word	f9$"s`vA:$gas
försvarsmedel	1	word	f9$""s`vA:s`$%me:$del
försvarstal	1	word	f9$""s`vA:s`$%t`A:l
försvarsverk	1	word	f9$""s`vA:s`$%vErk
försynen	1	word	f9$"s`y:$nen
försäkra	1	word	f9$"s`E:$kra
försäkrade	1	word	f9$"s`E:$kra$de
försälja	1	word	f9$"s`El$ja
försäljare	1	word	f9$"s`El$ja$re
försäljningen	1	word	f9$"s`Elj$nIN$en
försämring	1	word	f9$"s`Em$rIN
försänkas	1	word	f9$"s`EN$kas
försänker	1	word	f9$"s`EN$ker
försågos	1	word	
försågs	1	word	f9$"s`o:gs
försålde	1	word	
försåten	1	word	f9$"s`o:$ten
försåtet	1	word	f9$"s`o:$tet
försåtligt	1	word	f9$"s`o:t$lIkt
försöker	1	word	f9$"s`2:$ker
försörjare	1	word	f9$"s`9r$ja$re
försörjer	1	word	f9$"s`9r$jer
förtages	1	word	
förtalande	1	word	f9$"t`A:$land$de
förtalare	1	word	""f2:r$%tA:$la$re
förtalat	1	word	f9$"t`A:$lat
förtalet	1	word	f9$"t`A:$let
förtalets	1	word	f9$"t`A:$lets
förteckning	1	word	f9$"t`E$knIN
förtego	1	word	
förtiger	1	word	f9$"t`i:$ger
förtorkats	1	word	f9$"t`Or$kats
förtrampandet	1	word	f9$"t`ram$pan$det
förtrampas	1	word	f9$"t`ram$pas
förtrampen	1	word	
förtroendeman	1	word	f9$""t`ru:$en$de$%man
förtroendemän	1	word	f9$""t`ru:$en$de$%mEn
förtroendeposter	1	word	f9$""t`ru:$en$de$%pO$ster
förtrognas	1	word	f9$"t`ru:$gnas
förtrolighet	1	word	f9$"t`ru:$lIg$he:t
förtrupp	1	word	""f2:$%t`ru0p
förtrycken	1	word	f9$"t`rY$ken
förtryckes	1	word	f9$"t`rY$kes
förtryckets	1	word	f9$"t`rY$kets
förtrycktas	1	word	f9$"t`rYk$tas
förtryta	1	word	f9$"t`ry:$ta
förträffliga	1	word	f9$"t`rE$flI$ga
förträfflighet	1	word	f9$"t`rE$flIg$he:t
förtröstat	1	word	
förtröste	1	word	
förtröttats	1	word	f9r$"tr9$tats
förtröttens	1	word	
förtvinande	1	word	f9$"t`vi:$nan$de
förtyna	1	word	
förtyngas	1	word	
förtälj	1	word	
förtäljas	1	word	
förtäljes	1	word	
förtörnelsen	1	word	
förundransvärda	1	word	f9r$"u0n$dran$svE:$d`a
förundransvärt	1	word	f9r$"u0n$dran$svE:t`
förunnade	1	word	f9r$"u0$na$de
förunnar	1	word	f9r$"u0$nar
förunnat	1	word	f9r$"u0$nat
förunnats	1	word	f9r$"u0$nats
förunne	1	word	
förutbestämde	1	word	""f2:r$}:t$be$%stEm$de
förutbestämt	1	word	""f2:r$}:t$be$%stEmt
förutfattad	1	word	""f2:r$}:t$%fa$tad
förutsade	1	word	""f2:r$}:t$%sA:$de
förutsett	1	word	
förutsäga	1	word	""f2:r$}:t$%sE$ja
förutsägelser	1	word	""f2:r$}:t$%sE$jel$ser
förvaltade	1	word	f9r$"val$ta$de
förvaltar	1	word	f9r$"val$tar
förvaltares	1	word	f9r$"val$ta$res
förvanda	1	word	
förvarade	1	word	f9r$"vA:$ra$de
förvaring	1	word	f9r$"vA:$rIN
förvaringsrummen	1	word	f9r$""vA:$rINs$%ru0$men
förverkade	1	word	f9r$"vEr$ka$de
förvetet	1	word	f9r$"ve:$tet
förvillad	1	word	f9r$"vI$lad
förvillaren	1	word	
förvillat	1	word	
förvillelsen	1	word	f9r$"vI$lel$sen
förvillelser	1	word	f9r$"vI$lel$ser
förvirra	1	word	f9r$"vI$ra
förvirrar	1	word	f9r$"vI$rar
förvirrat	1	word	f9r$"vI$rat
förvisad	1	word	
förvissa	1	word	f9r$"vI$sa
förvissat	1	word	f9r$"vI$sat
förvissning	1	word	f9r$"vI$snIN
förvittrar	1	word	f9r$"vI$trar
förvrängd	1	word	
förvägra	1	word	f9r$"vE:$gra
förvägrade	1	word	f9r$"vE:$gra$de
förvände	1	word	f9r$"vEn$de
förvänden	1	word	
förvänder	1	word	f9r$"vEn$der
förvärven	1	word	f9r$"vEr$ven
förvärvsbegäret	1	word	f9r$""vErvs$be$%jE:$ret
förvållande	1	word	f9r$"vO$land$de
förvånas	1	word	f9r$"vo:$nas
föryngras	1	word	f9r$"YN$ras
föräldralöst	1	word	f9r$""El$dra$%l2:st
förändrar	1	word	f9r$"En$drar
förändrats	1	word	f9r$"En$drats
förändringen	1	word	f9r$"En$drIN$en
förära	1	word	f9r$"E:$ra
föråldras	1	word	f9r$"Ol$dras
föråldrat	1	word	f9r$"Ol$drat
förödande	1	word	f9r$"2:$dan$de
förödes	1	word	f9r$"2:$des
förödmjuka	1	word	""f2:r$2:d$%mj}:$ka
förödmjukade	1	word	""f2:r$2:d$%mj}:$ka$de
förödmjukar	1	word	""f2:r$2:d$%mj}:$kar
förödmjukas	1	word	""f2:r$2:d$%mj}:$kas
förökats	1	word	
förövades	1	word	f9r$"2:$va$des
förövats	1	word	f9r$"2:$vats
fötternas	1	word	"f9$te$n`as
gadarenernas	1	word	
gaddar	1	word	""ga$dar
gaddat	1	word	""ga$dat
gaderiten	1	word	
gaditen	1	word	
gaffel	1	word	"ga$fel
gaffeln	1	word	"ga$feln
gafflar	1	word	""ga$flar
gagnat	1	word	
gagnelig	1	word	""gaN$ne$lIg
gagneligare	1	word	""gaN$ne$lI$ga$re
gagneligast	1	word	""gaN$ne$lI$gast
gagnlöst	1	word	""gaNn$%l2:st
gal	1	word	"gA:l
galater	1	word	ga$"lA:$ter
galileiske	1	word	ga$lI$"le:$I$ske
galiléerna	1	word	ga$lI$"le:$e$n`a
gamadéer	1	word	
gamarna	1	word	""gA:$ma$n`a
gamens	1	word	"gA:$mens
gamman	1	word	""ga$man
gapa	1	word	""gA:$pa
gapande	1	word	""gA:$pan$de
gapar	1	word	""gA:$par
gaps	1	word	"gA:ps
gapskratt	1	word	""gA:p$%skrat
garmiten	1	word	
garvaren	1	word	""gar$va$ren
gasellen	1	word	ga$"sE$len
gasiterna	1	word	
gathörnen	1	word	""gA:t$%h2:$n`en
gatiterna	1	word	
gebaléernas	1	word	
gecko	1	word	"gE$kO
gederatiten	1	word	
gediget	1	word	je$"di:$get
gemaket	1	word	je$"mA:$ket
gemenskapen	1	word	je$"me:n$skA:$pen
genaste	1	word	""je:$na$ste
gendriva	1	word	""je:n$%dri:$va
genljöd	1	word	""je:n$%j2:d
genomborrad	1	word	
genomborras	1	word	""je:$nOm$%bO$ras
genomdränkas	1	word	""je:$nOm$%drEN$kas
genomfor	1	word	""je:$nOm$%fu:r
genomföras	1	word	""je:$nOm$%f2:$ras
genomilar	1	word	""je:$nOm$%i:$lar
genomkluvna	1	word	
genomleta	1	word	""je:$nOm$%le:$ta
genomresan	1	word	""je:$nOm$%re:$san
genomskinligt	1	word	""je:$nOm$%x\i:n$lIkt
genomskåda	1	word	""je:$nOm$%sko:$da
genomsusat	1	word	
genomsökte	1	word	""je:$nOm$%s2:k$te
genomträngande	1	word	""je:$nOm$%trEN$an$de
genomtågade	1	word	""je:$nOm$%to:$ga$de
gensagor	1	word	""je:n$%sA:$gUr
genstridig	1	word	""je:n$%stri:$dIg
gensträvige	1	word	""je:n$%strE:$vI$ge
gensvariga	1	word	
gensägelser	1	word	""je:n$%sEj$el$ser
ger	1	word	"je:r
gergeséerna	1	word	
gestalten	1	word	je$"stal$ten
gestalter	1	word	je$"stal$ter
gesuréer	1	word	
gethjordar	1	word	
gethudar	1	word	
gibeatiten	1	word	
giftet	1	word	""jIf$tet
giftig	1	word	""jIf$tIg
giftplanta	1	word	
giftsprutande	1	word	
gileadit	1	word	
gileaditer	1	word	
gileaditerna	1	word	
gileaditernas	1	word	
gillade	1	word	""jI$la$de
gillande	1	word	""jI$land$de
gillret	1	word	"jIl$ret
giltig	1	word	""jIl$tIg
giltigt	1	word	""jIl$tIkt
ginstkol	1	word	
ginströtter	1	word	
giriges	1	word	""ji:$rI$ges
girigheten	1	word	""ji:$rIg$%he:$ten
girighetssynd	1	word	
girsiternas	1	word	
gisoniten	1	word	
gissat	1	word	""jI$sat
gisselslagen	1	word	""jI$sel$%slA:$gen
gissen	1	word	"gI$sen
gisslad	1	word	""jI$slad
gisslas	1	word	""jI$slas
gissling	1	word	""jI$slIN
givare	1	word	""ji:$va$re
givaren	1	word	""ji:$va$ren
givmild	1	word	""ji:v$%mIld
givmilda	1	word	""ji:v$%mIl$da
givmilde	1	word	""ji:v$%mIl$de
gjutas	1	word	""j}:$tas
gjutes	1	word	""j}:$tes
gjutningen	1	word	""j}:t$nIN$en
gladas	1	word	
glades	1	word	""glA:$des
glaseringen	1	word	gla$"se:$rIN$en
glashavet	1	word	
glider	1	word	"gli:$der
glimmade	1	word	""glI$ma$de
glupskhet	1	word	""glu0psk$he:t
glupskt	1	word	"glu0pskt
glädjehögtid	1	word	""glE:d$je$h2:g$%ti:d
glädjeolja	1	word	
glädjesången	1	word	
glädjesånger	1	word	
gläds	1	word	"glE:ds
glänsa	1	word	""glEn$sa
glättig	1	word	""glE$tIg
glöder	1	word	"gl2:$der
glödgad	1	word	
glödgas	1	word	""gl9d$gas
glödvind	1	word	
glömd	1	word	
glömskan	1	word	""gl9m$skan
gnagande	1	word	""gnA:$gan$de
gnages	1	word	""gnA:$ges
gnagt	1	word	"gnA:kt
gned	1	word	"gne:d
gnida	1	word	""gni:$da
gnidaren	1	word	""gni:$da$ren
gnider	1	word	"gni:$der
gnidighet	1	word	""gni:$dIg$%he:t
gnissel	1	word	"gnI$sel
gnisslar	1	word	""gnI$slar
gnisslet	1	word	"gnI$slet
gnistra	1	word	""gnI$stra
gnuggade	1	word	""gnu0$ga$de
gnäggande	1	word	
gnäggar	1	word	""gnE$gar
goferträ	1	word	
gossebarnet	1	word	""gO$se$%bA:$n`et
gottgöra	1	word	""gOt$%j2:$ra
grad	1	word	"grA:d
grannkvinna	1	word	""gran$%kvI$na
grannkvinnor	1	word	""gran$%kvI$nUr
grannkvinnorna	1	word	""gran$%kvI$nU$n`a
grannskapet	1	word	""gran$%skA:$pet
granskningsmän	1	word	""grans$knINs$%mEn
gravens	1	word	"grA:$vens
gravera	1	word	gra$"ve:$ra
gravhög	1	word	""grA:v$%h2:g
gravkammaren	1	word	""grA:v$%ka$ma$ren
gravkista	1	word	
grekens	1	word	"gre:$kens
grekiskt	1	word	"gre:$kIskt
grenars	1	word	""gre:$nas`
grenen	1	word	"gre:$nen
grenskott	1	word	""gre:n$%skOt
grifter	1	word	""grIf$ter
gripet	1	word	""gri:$pet
gripits	1	word	""gri:$pIts
gro	1	word	"gru:
gropens	1	word	"gru:$pens
grotthålor	1	word	
grottliknande	1	word	
grova	1	word	""gru:$va
grovt	1	word	
grubbel	1	word	"gr}:$bel
grumlade	1	word	""gru0m$la$de
grumlat	1	word	""gru0m$lat
grumlen	1	word	
grunder	1	word	""gru0n$der
grundfäste	1	word	
grundfästen	1	word	
grundstenen	1	word	""gru0nd$%ste:$nen
grundämnena	1	word	""gru0nd$%Em$ne$na
grushögarna	1	word	""gr}:s$%h2:$ga$n`a
gruvade	1	word	""gr}:$va$de
gruvan	1	word	""gr}:$van
gruvar	1	word	""gr}:$var
grydde	1	word	""grY$de
grymmas	1	word	""grY$mas
grymmast	1	word	""grY$mast
gryn	1	word	"gry:n
grynen	1	word	"gry:$nen
gryningens	1	word	""gry:$nIN$ens
grynings	1	word	""gry:$nINs
grytorna	1	word	""gry:$tU$n`a
gräddade	1	word	""grE$da$de
grämen	1	word	
gränsar	1	word	""grEn$sar
gräsbevuxen	1	word	""grE:s$be$%vu0k$sen
gräsfrätarna	1	word	
gräshoppa	1	word	""grE:s$%hO$pa
gräshoppan	1	word	""grE:s$%hO$pan
gräshoppans	1	word	""grE:s$%hO$pans
gräshoppssvärmar	1	word	""grE:s$hOps$%svEr$mar
gräsmaskarna	1	word	
gräsätarna	1	word	""grE:s$%E:$ta$n`a
gräte	1	word	
gräten	1	word	
grävd	1	word	
gråhårsman	1	word	
grånad	1	word	
grånade	1	word	""gro:$na$de
gråtarna	1	word	""gro:$ta$n`a
gråterskor	1	word	""gro:$te$s`kUr
gråtodag	1	word	
grått	1	word	"grOt
grödor	1	word	""gr2:$dUr
grönaktiga	1	word	""gr2:n$%ak$tI$ga
grönaktigt	1	word	""gr2:n$%ak$tIkt
grönskade	1	word	""gr9n$ska$de
grönskat	1	word	
gudaförsamlingen	1	word	
gudaförsamlingens	1	word	
gudaktighetens	1	word	""g}:d$ak$tIg$%he:$tens
gudaktigt	1	word	""g}:d$%ak$tIkt
gudason	1	word	""g}:$da$%so:n
gudastod	1	word	
gudasäte	1	word	
gudaväsens	1	word	
gudhängivet	1	word	
gudlösas	1	word	""g}:d$%l2:$sas
gudomen	1	word	""g}:$dU$men
gudomens	1	word	""g}:$dU$mens
gudomligheter	1	word	g}:$"dUm$lIg$he:$ter
gudomshärlighet	1	word	
gudsdyrkare	1	word	
gudsfruktans	1	word	
gudsmans	1	word	""gu0ts$%mans
gudsordet	1	word	""gu0ts$%u:$d`et
gudstjänstredskap	1	word	
gudstjänststadgar	1	word	
gudstjänstväsende	1	word	
guldbetslade	1	word	
guldets	1	word	""gu0l$dets
guldglans	1	word	""gu0ld$%glans
guldgruvorna	1	word	""gu0ld$%gr}:$vU$n`a
guldkalvar	1	word	""gu0ld$%kal$var
guldkalvarna	1	word	""gu0ld$%kal$va$n`a
guldklimpen	1	word	""gu0ld$%klIm$pen
guldmalm	1	word	""gu0ld$%malm
guldplatta	1	word	""gu0ld$%pla$ta
guldplattan	1	word	
guldprydnad	1	word	
guldskålar	1	word	
guldskålarna	1	word	
guldstickade	1	word	""gu0ld$%stI$ka$de
guldvirkat	1	word	
gungar	1	word	""gu0N$ar
guniternas	1	word	
gunst	1	word	"gu0nst
gurkfrukter	1	word	
gurkor	1	word	""gu0r$kUr
gurkorna	1	word	""gu0r$kU$n`a
gyckelverk	1	word	""jY$kel$%vErk
gycklare	1	word	""jY$kla$re
gycklares	1	word	""jY$kla$res
gynnade	1	word	""jY$na$de
gynnsam	1	word	""jYn$%sam
gäcka	1	word	""jE$ka
gäckad	1	word	""jE$kad
gäckade	1	word	""jE$ka$de
gäckades	1	word	""jE$ka$des
gäckande	1	word	""jE$kan$de
gäckar	1	word	""jE$kar
gäckeri	1	word	jE$ke$"ri:
gäldas	1	word	""jEl$das
gäldbunden	1	word	""jEld$%bu0n$den
gäldenären	1	word	jEl$de$"nE:$ren
gälle	1	word	""jE$le
gärder	1	word	""jE:$d`er
gärningen	1	word	""jE:$n`IN$en
gärnings	1	word	""jE:$n`INs
gästabudsdagar	1	word	
gästabudsdagarna	1	word	
gästade	1	word	""jE$sta$de
gästfritt	1	word	""jEst$%frIt
gästvänliga	1	word	""jEst$%vE:n$lI$ga
gästvänskap	1	word	""jEst$vEn$%skA:p
gästvänskapens	1	word	""jEst$vEn$%skA:$pens
gångar	1	word	""gON$ar
gångbara	1	word	""gON$%bA:$ra
gångbart	1	word	""gON$%bA:t`
gångjärn	1	word	""gON$%jE:n`
gångjärnen	1	word	""gON$%jE:$n`en
gårdsmuren	1	word	
gårdsporten	1	word	""go:d`s`$%pU$t`en
gåvotjänst	1	word	
göda	1	word	""j2:$da
göden	1	word	
gödkalv	1	word	""j2:d$%kalv
gödkalvars	1	word	""j2:d$%kal$vas`
gödning	1	word	""j2:d$nIN
gödselhögen	1	word	""j9t$sel$%h2:$gen
gödselklump	1	word	
gödselpölen	1	word	
gödstallet	1	word	
gölar	1	word	""j2:$lar
gömmas	1	word	""j9$mas
gömmes	1	word	
gömsle	1	word	""j9m$sle
gömställen	1	word	""j9m$%stE$len
görande	1	word	""j2:$ran$de
göromålen	1	word	""j2:$rU$%mo:$len
gött	1	word	"j2:t
hacka	1	word	""ha$ka
hackade	1	word	""ha$ka$de
hackan	1	word	""ha$kan
hackar	1	word	""ha$kar
hagab	1	word	
hagariten	1	word	
hagelskur	1	word	""hA:$gel$%sk}:r
hagelskurarna	1	word	""hA:$gel$%sk}:$ra$n`a
hagelstenarna	1	word	
haggiternas	1	word	
hagla	1	word	""hA:$gla
haglen	1	word	"hA:$glen
haglets	1	word	"hA:$glets
hakan	1	word	""hA:$kan
hake	1	word	""hA:$ke
hakmonit	1	word	
hakspetälska	1	word	
halare	1	word	""hA:$la$re
halhet	1	word	""hA:l$he:t
halmkärvar	1	word	""halm$%s'Er$var
halshuggna	1	word	""hals$%hu0$gna
halshögg	1	word	""hals$%h9g
halsprydnad	1	word	
haltar	1	word	""hal$tar
halte	1	word	""hal$te
haltlöst	1	word	
halvdöd	1	word	""halv$%d2:d
halvdöda	1	word	""halv$%d2:$da
halvt	1	word	"halft
hamiter	1	word	ha$"mi:$ter
hamna	1	word	""ham$na
hamnar	1	word	""ham$nar
hamnarna	1	word	""ham$na$n`a
hamnstad	1	word	""hamn$%stA:d
hamra	1	word	""ham$ra
hamrar	1	word	""ham$rar
hamuliternas	1	word	
handbojor	1	word	""hand$%bO$jUr
handels	1	word	"han$dels
handelskvarter	1	word	
handelsvänner	1	word	
handfallna	1	word	""hand$%fal$na
handfasta	1	word	""hand$%fa$sta
handfyllningsdagar	1	word	
handfyllningskorgen	1	word	
handfyllningsköttet	1	word	
handfyllningsoffer	1	word	
handfyllningsoffret	1	word	
handfyllningsoffrets	1	word	
handfyllningsvädur	1	word	
handgemänget	1	word	""hand$je$%mEN$et
handjur	1	word	""han$%j}:r
handkläden	1	word	
handkvarn	1	word	
handkyss	1	word	""hand$%s'Ys
handladen	1	word	
handleder	1	word	""hand$%le:$der
handling	1	word	""hand$lIN
handlingar	1	word	""hand$lIN$ar
handlingen	1	word	""hand$lIN$en
handlingssätt	1	word	""hand$lINs$%sEt
handpåkar	1	word	
handskrift	1	word	""hand$%skrIft
handtag	1	word	""hand$%tA:g
hanegället	1	word	""hA:$ne$%jE$let
hannar	1	word	""ha$nar
hannarna	1	word	""ha$na$n`a
hanokiternas	1	word	
hanterade	1	word	han$"te:$ra$de
hantering	1	word	han$"te:$rIN
hantverk	1	word	""hant$%vErk
hantverkarna	1	word	""hant$%vEr$ka$n`a
hantverksfolk	1	word	
hararit	1	word	
hargol	1	word	
harmades	1	word	""har$ma$des
haroriten	1	word	
harpors	1	word	""har$pUs`
harpospelaren	1	word	""har$pU$%spe:$la$ren
harpospelerska	1	word	
harts	1	word	"hat`s`
harufiten	1	word	
harva	1	word	""har$va
harvar	1	word	
harven	1	word	"har$ven
hastat	1	word	
hatfulles	1	word	""hA:t$%fu0$les
havandes	1	word	""hA:$van$des
havs	1	word	"hA:vs
havsbottnen	1	word	""hafs$%bOt$nen
havsdjur	1	word	""hafs$%j}:r
havsdjuren	1	word	""hafs$%j}:$ren
havsfolkens	1	word	
havsgrunden	1	word	
havssidan	1	word	
havsvattnet	1	word	""hafs$%vat$net
havsvidundrens	1	word	""hafs$vi:$%du0n$drens
havsvik	1	word	""hafs$%vi:k
havsvågor	1	word	""hafs$%vo:$gUr
heberiternas	1	word	
hebreiske	1	word	he$"bre:$I$ske
heden	1	word	""he:$den
hedendomen	1	word	""he:$den$%dU$men
hedersamma	1	word	""he:$de$%s`a$ma
hedersbevisning	1	word	""he:$des`$be$%vi:$snIN
hedmarkskananéernas	1	word	
hednaförsamlingar	1	word	
hednarikenas	1	word	
hednastaden	1	word	
hedning	1	word	""he:d$nIN
hedrande	1	word	""he:$dran$de
hedrat	1	word	""he:$drat
heferiternas	1	word	
hejd	1	word	"hEjd
hejdade	1	word	""hEj$da$de
hejdlöst	1	word	""hEjd$%l2:st
heladen	1	word	
helande	1	word	
helat	1	word	
helekiternas	1	word	
helgades	1	word	""hEl$ga$des
helgande	1	word	""hEl$gan$de
helgd	1	word	"hEljd
helge	1	word	
helgedomshus	1	word	
helgedomssiklar	1	word	
helgedomsskänk	1	word	
helgerån	1	word	""hEl$ge$%ro:n
helgerånare	1	word	""hEl$ge$%ro:$na$re
helgerånaren	1	word	""hEl$ge$%ro:$na$ren
heliges	1	word	""he:$lI$ges
helighets	1	word	""he:$lIg$%he:ts
heloffergåva	1	word	
hembar	1	word	""hEm$%bA:r
hembjöd	1	word	
hembygd	1	word	""hEm$%bYgd
hembäre	1	word	
hemfallet	1	word	""hEm$%fa$let
hemfallit	1	word	
hemfödd	1	word	
hemföll	1	word	""hEm$%f9l
hemförd	1	word	""hEm$%f2:d`
hemfört	1	word	
hemkomst	1	word	""hEm$%kOmst
hemlighetsfulla	1	word	""hEm$lIg$he:ts$%fu0$la
hemlighetsväsen	1	word	
hemlös	1	word	""hEm$%l2:s
hemmavarande	1	word	""hE$ma$%vA:$ran$de
hemorter	1	word	""hEm$%U$t`er
hemställa	1	word	""hEm$%stE$la
hemställde	1	word	""hEm$%stEl$de
hemsökelserna	1	word	""hEm$%s2:$kel$se$n`a
hemsökes	1	word	""hEm$%s2:$kes
hemtam	1	word	""hEm$%tA:m
hemvägen	1	word	""hEm$%vE:$gen
herdefolkets	1	word	""he:$d`e$%fOl$kets
herdekallet	1	word	
herdes	1	word	""he:$d`es
herdestaven	1	word	""he:$d`e$%stA:$ven
herdetjänst	1	word	
herdeväska	1	word	
herodianer	1	word	
herradömen	1	word	""hE$ra$%d9$men
herravälde	1	word	""hE$ra$%vEl$de
herraväldet	1	word	""hE$ra$%vEl$det
hetiter	1	word	
hetitiskor	1	word	
hetsighet	1	word	""hEt$sIg$%he:t
hettar	1	word	""hE$tar
himlafäste	1	word	""hIm$la$%fE$ste
himlahöjdens	1	word	
himlahöjderna	1	word	
himlakroppar	1	word	""hIm$la$%krO$par
himlakropparna	1	word	""hIm$la$%krO$pa$n`a
himlaljus	1	word	
himlaljusens	1	word	
himlaljuset	1	word	
himlarymderna	1	word	""hIm$la$%rYm$de$n`a
himlavalvet	1	word	""hIm$la$%val$vet
himmelsk	1	word	"hI$melsk
himmelskas	1	word	"hI$mel$skas
himmelstecknen	1	word	""hI$mels$%tE$knen
hinders	1	word	"hIn$des`
hindrad	1	word	
hingst	1	word	"hINst
hingstar	1	word	""hIN$star
hirs	1	word	"hIs`
hissade	1	word	""hI$sa$de
historieskrivaren	1	word	hI$""stu:$rI$e$%skri:$va$ren
hitflyttade	1	word	""hi:t$%flY$ta$de
hithörande	1	word	""hi:t$%h2:$ran$de
hjordens	1	word	"ju:$d`ens
hjorten	1	word	"jU$t`en
hjulens	1	word	"j}:$lens
hjulnavet	1	word	""j}:l$%nA:$vet
hjälmarna	1	word	""jEl$ma$n`a
hjälparen	1	word	""jEl$pa$ren
hjälphär	1	word	
hjälphären	1	word	
hjälplös	1	word	""jElp$%l2:s
hjälpmedel	1	word	""jElp$%me:$del
hjärtefröjds	1	word	""jE$t`e$%fr9jds
hjärteglada	1	word	""jE$t`e$%glA:$da
hjärtegrunden	1	word	
hjärtekval	1	word	
hjärtelag	1	word	""jE$t`e$%lA:g
hjärtevän	1	word	""jE$t`e$%vEn
hjässor	1	word	""jE$sUr
hoarna	1	word	""hu:$a$n`a
homern	1	word	
homers	1	word	
hometdjuret	1	word	
hondjur	1	word	""hu:n$%j}:r
honungskakan	1	word	""ho:$nu0Ns$%kA:$kan
honungskakor	1	word	""ho:$nu0Ns$%kA:$kUr
hopat	1	word	""hu:$pat
hopbundna	1	word	""hu:p$%bu0nd$na
hopflickade	1	word	
hopfogad	1	word	""hu:p$%fu:$gad
hopföra	1	word	
hopförde	1	word	
hopgöra	1	word	
hopknådade	1	word	
hopkrumpen	1	word	
hopnysta	1	word	
hoppar	1	word	""hO$par
hoprulla	1	word	""hu:p$%ru0$la
hoprullas	1	word	""hu:p$%ru0$las
hopsamlar	1	word	""hu:p$%sam$lar
hopsamlas	1	word	""hu:p$%sam$las
hopslingrade	1	word	""hu:p$%slIN$ra$de
hopslutna	1	word	
hopsmider	1	word	""hu:p$%smi:$der
hopsnört	1	word	""hu:p$%sn2:t`
hopsparad	1	word	
hopspinna	1	word	
hopspinner	1	word	
hopsätta	1	word	
hopsätten	1	word	
hopvecklad	1	word	
hopvis	1	word	""hu:p$%vi:s
horéen	1	word	
hotas	1	word	""hu:$tas
hotelser	1	word	""hu:$tel$ser
hovmäns	1	word	""ho:v$%mEns
hovsamhet	1	word	
hovslag	1	word	""hu:v$%slA:g
hovtärnor	1	word	
hudflängning	1	word	
hudstryka	1	word	""h}:d$%stry:$ka
hufamiternas	1	word	
hugges	1	word	""hu0$ges
huggits	1	word	""hu0$gIts
huggorms	1	word	""hu0g$%Urms
huggormsetter	1	word	
hugnas	1	word	""hu0N$nas
hugne	1	word	
hugnesamma	1	word	""hu0N$ne$%sa$ma
hugsvala	1	word	""h}:g$%svA:$la
hugsvalelses	1	word	""h}:g$%svA:$lel$ses
hukade	1	word	""h}:$ka$de
huldhet	1	word	""hu0ld$%he:t
hullet	1	word	"hu0$let
hult	1	word	"hu0lt
hundarnas	1	word	""hu0n$da$n`as
hundars	1	word	""hu0n$das`
hundhuvud	1	word	""hu0nd$%h}:$vu0d
hundpenningar	1	word	
hundrafaldig	1	word	""hu0n$dra$%fal$dIg
hundratal	1	word	""hu0n$dra$%tA:l
hungers	1	word	"hu0N$es`
hungersnödens	1	word	""hu0N$es`$%n`2:$dens
hungersnöds	1	word	""hu0N$es`$%n`2:ds
hungerstid	1	word	
hungeråren	1	word	""hu0N$er$%o:$ren
hungren	1	word	
hungrigt	1	word	""hu0N$rIkt
husbondens	1	word	""h}:s$%bUn$dens
husbondfolk	1	word	""h}:s$bUnd$%fOlk
husens	1	word	"h}:$sens
husfader	1	word	""h}:s$%fA:$der
husfadern	1	word	""h}:s$%fA:$den`
husfrun	1	word	""h}:s$%fr}:n
husgudarnas	1	word	""h}:s$%g}:$da$n`as
husgudsdyrkan	1	word	
hushållet	1	word	""h}:s$%hO$let
hushållning	1	word	""h}:s$%hOl$nIN
husmodern	1	word	""h}:s$%mu:$den`
husmödrar	1	word	""h}:s$%m2:$drar
hustjänare	1	word	
hustrurna	1	word	""hu0$str}:$n`a
husvillhet	1	word	""h}:s$vIl$%he:t
husvillhets	1	word	""h}:s$vIl$%he:ts
husväggen	1	word	""h}:s$%vE$gen
huvudbindlar	1	word	
huvudbindlarna	1	word	
huvudbonad	1	word	""h}:$vu0d$%bu:$nad
huvuddelen	1	word	""h}:$vu0d$%de:$len
huvudets	1	word	""h}:$vu0$dets
huvudhåret	1	word	""h}:$vu0d$%ho:$ret
huvudprydnader	1	word	""h}:$vu0d$%pry:d$na$der
huvudpunkt	1	word	""h}:$vu0d$%pu0Nkt
huvudskalleplats	1	word	
huvudskalleplatsen	1	word	
huvudskålen	1	word	""h}:$vu0d$%sko:$len
huvudstupa	1	word	""h}:$vu0d$%st}:$pa
huvudstycke	1	word	""h}:$vu0d$%stY$ke
huvudstäder	1	word	""h}:$vu0d$%stE:$der
hvad	1	word	
hyckla	1	word	""hY$kla
hycklade	1	word	""hY$kla$de
hycklare	1	word	""hY$kla$re
hyckleri	1	word	hY$kle$"ri:
hyddan	1	word	""hY$dan
hyddas	1	word	""hY$das
hyenan	1	word	hY$""e:$nan
hyllad	1	word	
hyllade	1	word	""hY$la$de
hyllar	1	word	""hY$lar
hyllningen	1	word	""hYl$nIN$en
hyllningsgåvor	1	word	
hyllningssången	1	word	
hyllningståget	1	word	
hyrt	1	word	"hy:t`
hys	1	word	"hy:s
hyst	1	word	"hy:st
häck	1	word	"hEk
häcklat	1	word	
hädelserna	1	word	""hE:$del$se$n`a
hägerns	1	word	"hE:$gen`s`
hägn	1	word	"hENn
hägnader	1	word	""hEN$na$der
hägnet	1	word	"hEN$net
hälar	1	word	""hE:$lar
hälarna	1	word	""hE:$la$n`a
hällde	1	word	""hEl$de
häller	1	word	"hE$ler
hälsades	1	word	""hEl$sa$des
hälsningar	1	word	""hEl$snIN$ar
hälsningskyss	1	word	
hälsningsskänker	1	word	
hälsningsskänkerna	1	word	
hälsomedel	1	word	
hälsosam	1	word	""hEl$sU$%sam
hämmade	1	word	""hE$ma$de
hämnat	1	word	
hämnats	1	word	""hEm$nats
hämndedagar	1	word	
hämndekriget	1	word	
hämndesvärd	1	word	
hämndgirighet	1	word	""hEmnd$ji:$rIg$%he:t
hämndvapen	1	word	
hämnens	1	word	
hämtades	1	word	""hEm$ta$des
händelserna	1	word	""hEn$del$se$n`a
händighet	1	word	""hEn$dIg$%he:t
hängande	1	word	
hängen	1	word	""hEN$en
hängivenhet	1	word	""hE:n$ji:$ven$%he:t
hängivna	1	word	""hE$%nji:v$na
hängprydnader	1	word	
hängt	1	word	"hENt
hängåven	1	word	
hänskjutas	1	word	""hE:n$%x\}:$tas
hänvisade	1	word	""hE:n$%vi:$sa$de
häpnat	1	word	""hE:p$nat
häpnen	1	word	
härars	1	word	""hE:$ras`
häravdelningarna	1	word	""hE:r$A:v$%de:l$nIN$a$n`a
häravdelningarnas	1	word	""hE:r$A:v$%de:l$nIN$a$n`as
häravdelningen	1	word	""hE:r$A:v$%de:l$nIN$en
härförinnan	1	word	hEr$f9$""rI$nan
härförut	1	word	
härin	1	word	
härintill	1	word	hE:r$In$"tIl
härjar	1	word	""hEr$jar
härligaste	1	word	""hE:$l`I$ga$ste
härlighetshopp	1	word	
härlighetskeruber	1	word	
härlighetskropp	1	word	
härnad	1	word	""hE:$n`ad
härnedan	1	word	hE$""n`e:$dan
härnedifrån	1	word	
härold	1	word	
härolden	1	word	""hE:$%rOl$den
häromdagen	1	word	hE:r$Om$"dA:$gen
härordning	1	word	
härskarlott	1	word	
härskarnas	1	word	""hE$s`ka$n`as
härskarspiror	1	word	
härskarstaven	1	word	
härskarställning	1	word	""hE$s`ka$%s`t`El$nIN
härskarviljans	1	word	
härskrin	1	word	
härstammar	1	word	""hE:$%s`t`a$mar
härstamning	1	word	""hE:$%s`t`am$nIN
härunder	1	word	"hE:r$u0n$der
hästens	1	word	"hE$stens
hävde	1	word	""hE:v$de
häver	1	word	"hE:$ver
hävt	1	word	"hE:ft
häxeri	1	word	hEk$se$"ri:
hågkomster	1	word	""ho:g$%kOm$ster
håglöse	1	word	""ho:g$%l2:$se
håla	1	word	""ho:$la
hållarnas	1	word	""hO$la$n`as
hållna	1	word	""hOl$na
hålögda	1	word	""ho:l$%9g$da
hånade	1	word	""ho:$na$de
hånar	1	word	""ho:$nar
hånfullt	1	word	""ho:n$%fu0lt
hårdeligen	1	word	
hö	1	word	"h2:
höfters	1	word	""h9f$tes`
högfärdiga	1	word	
höghetstid	1	word	
högkvarter	1	word	""h2:g$kva$%t`e:r
högmodades	1	word	""h2:g$%mu:$da$des
högmodas	1	word	""h2:g$%mu:$das
högmodet	1	word	""h2:g$%mu:$det
högmodige	1	word	""h2:g$%mu:$dI$ge
högmodiges	1	word	""h2:g$%mu:$dI$ges
högmodsfrukt	1	word	
högrest	1	word	""h2:g$%re:st
högröda	1	word	""h2:g$%r2:$da
högröst	1	word	
högtbenådade	1	word	
högtidens	1	word	""h9k$%ti:$dens
högtiders	1	word	""h9k$%ti:$des`
högtidliga	1	word	
högtidligen	1	word	""h2:g$%ti:d$lI$gen
högtidsbindeln	1	word	
högtidsdagar	1	word	
högtidsdagen	1	word	
högtidsdräkt	1	word	
högtidsdräkterna	1	word	""h9k$ti:ds$%drEk$te$n`a
högtidshuvorna	1	word	
högtidsled	1	word	
högtidsmantel	1	word	
högtidsmat	1	word	
högtidsoffren	1	word	
högtidsplats	1	word	
högtidsskara	1	word	
högtidsskaror	1	word	
högtidsskrud	1	word	""h9k$ti:ds$%skr}:d
högtidsskålen	1	word	
högtidsvaka	1	word	
högtlovat	1	word	""h9kt$%lo:$vat
högtoppigt	1	word	
högtprisade	1	word	
högtuppsatta	1	word	
höjdens	1	word	"h9j$dens
höjdsträcka	1	word	
höje	1	word	
höljdes	1	word	
hörandes	1	word	""h2:$ran$des
hörngårdar	1	word	
hörnstenar	1	word	""h2:n`$%s`t`e:$nar
hörnstenen	1	word	""h2:n`$%s`t`e:$nen
hörnstoder	1	word	
hörntofs	1	word	
hörntofsarna	1	word	
hörsammades	1	word	""h2:$%s`a$ma$des
hörsammen	1	word	
hörseln	1	word	"h9$s`eln
hösten	1	word	"h9$sten
höstregnet	1	word	""h9st$%rEN$net
hövan	1	word	""h2:$van
hövdingdottern	1	word	
hövdings	1	word	""h9v$dINs
hövitsmannens	1	word	""h2:$vIts$%ma$nens
hövligt	1	word	""h2:v$lIkt
iakttaget	1	word	
iakttagit	1	word	""i:$akt$%tA:$gIt
iakttog	1	word	""I$akt$%tu:g
ideliga	1	word	""i:$de$li:$ga
idka	1	word	""Id$ka
idoga	1	word	""i:$%du:$ga
idoges	1	word	""i:$%du:$ges
idoghet	1	word	""i:$du:g$%he:t
iduméerna	1	word	
iduméernas	1	word	
ieseriternas	1	word	
iförd	1	word	
ifört	1	word	
igentäppas	1	word	I$""jEn$%tE$pas
igentäppta	1	word	
iges	1	word	
ihjälrivna	1	word	
ihjälslagen	1	word	I$""jE:l$%slA:$gen
ihjälslagna	1	word	I$""jE:l$%slA:$gna
ihärdighet	1	word	""i:$hE:$d`Ig$%he:t
ihågkomma	1	word	I$""ho:g$%kO$ma
ihålig	1	word	""i:$%ho:$lIg
ihållande	1	word	""i:$%hO$land$de
iirån	1	word	
iklädde	1	word	""i:$%klE$de
ikläden	1	word	
ikläder	1	word	""i:$%klE:$der
illasinnad	1	word	""I$la$%sI$nad
illasinnat	1	word	""I$la$%sI$nat
illdåd	1	word	""Il$%do:d
illgärning	1	word	""Il$%jE:$n`IN
illgärningen	1	word	""Il$%jE:$n`IN$en
illgärningsmän	1	word	""Il$jE:$n`INs$%mEn
illvilligt	1	word	""Il$%vI$lIkt
ilskna	1	word	""Ils$kna
inberäknad	1	word	""In$be$%rE:$knad
inberättade	1	word	""In$be$%rE$ta$de
inbillat	1	word	""In$%bI$lat
inbillningar	1	word	""In$%bIl$nIN$ar
inbjud	1	word	""In$%bj}:d
inbjuden	1	word	
inbjudning	1	word	""In$%bj}:d$nIN
inbjudningen	1	word	""In$%bj}:d$nIN$en
inblåst	1	word	""In$%blo:st
inblåste	1	word	
inbringande	1	word	""In$%brIN$an$de
inbrottet	1	word	""In$%brO$tet
inbränt	1	word	
inbyggarnas	1	word	""In$%bY$ga$n`as
inbyggerska	1	word	
inbärgade	1	word	
inbärgat	1	word	
inbärgning	1	word	
indelat	1	word	""In$%de:$lat
indragas	1	word	
indragen	1	word	""In$%drA:$gen
indrevs	1	word	""In$%dre:fs
indrivna	1	word	
indrivning	1	word	""In$%dri:v$nIN
infall	1	word	""In$%fal
infartsort	1	word	
infattade	1	word	""In$%fa$ta$de
infattningar	1	word	""In$%fat$nIN$ar
infinner	1	word	""In$%fI$ner
inflyta	1	word	""In$%fly:$ta
inflytande	1	word	""In$%fly:$tan$de
infogat	1	word	
infrien	1	word	
infunnit	1	word	""In$%fu0$nIt
infästa	1	word	""In$%fE$sta
infånga	1	word	""In$%fON$a
infört	1	word	""In$%f2:t`
införts	1	word	""In$%f2:t`s`
inginge	1	word	
ingiv	1	word	
ingiva	1	word	""I$%nji:$va
ingivna	1	word	
ingjuta	1	word	""In$%j}:$ta
ingniden	1	word	""IN$%gni:$den
ingraverad	1	word	""IN$gra$%ve:$rad
ingrepo	1	word	
ingångar	1	word	""IN$%gON$ar
ingångens	1	word	
ingånget	1	word	
ingångsportens	1	word	
ingångsväg	1	word	
ingåtts	1	word	""IN$%gOts
ingåvo	1	word	
inhyses	1	word	
inhysesmannen	1	word	
inhysesmännen	1	word	
inhägna	1	word	""In$%hEN$na
inhägnad	1	word	""In$%hEN$nad
inhämtade	1	word	""In$%hEm$ta$de
inhämtar	1	word	""In$%hEm$tar
injagade	1	word	""In$%jA:$ga$de
inknutet	1	word	""In$%kn}:$tet
inkomsterna	1	word	""IN$%kOm$ste$n`a
inkomstkälla	1	word	""IN$kOmst$%s'E$la
inkräktar	1	word	""IN$%krEk$tar
inlade	1	word	
inledde	1	word	""In$%lE$de
inlindade	1	word	""In$%lIn$da$de
inläggas	1	word	
inläggningar	1	word	""In$%lE$gnIN$ar
inläras	1	word	""In$%lE:$ras
inlärda	1	word	
inläto	1	word	
inlåt	1	word	""In$%lo:t
inlåte	1	word	
inlöser	1	word	""In$%l2:$ser
inmönstras	1	word	""In$%m9n$stras
innanmäte	1	word	""I$nan$%mE:$te
innebar	1	word	
innebrända	1	word	""I$ne$%brEn$da
innebrändes	1	word	
innebär	1	word	""I$ne$%bE:r
innehades	1	word	""I$ne$%ha$des
innehaft	1	word	""I$ne$%haft
innehar	1	word	""I$ne$%hA:r
innehava	1	word	""I$ne$%hA:$va
innehöllo	1	word	
innerligaste	1	word	""I$ne$l`I$ga$ste
inneslutas	1	word	""I$ne$%sl}:$tas
inneslutet	1	word	""I$ne$%sl}:$tet
inneslutit	1	word	""I$ne$%sl}:$tIt
inneslöto	1	word	
innevarande	1	word	""I$ne$%vA:$ran$de
innästla	1	word	""In$%nEst$la
innästlat	1	word	""In$%nEst$lat
inprägla	1	word	""In$%prE:$gla
inpräglade	1	word	""In$%prE:$gla$de
inred	1	word	""In$%re:d
inredning	1	word	""In$%re:d$nIN
inristas	1	word	""In$%rI$stas
inrotad	1	word	""In$%ru:$tad
inrättades	1	word	""In$%rE$ta$de
inrättning	1	word	""In$%rEt$nIN
insamlad	1	word	
insamling	1	word	""In$%sam$lIN
inseglen	1	word	""In$%se:$glen
insen	1	word	
insett	1	word	
insikten	1	word	""In$%sIk$ten
insiktsfulles	1	word	""In$sIkts$%fu0$les
insiktsfylld	1	word	
inskrivet	1	word	""In$%skri:$vet
inskränkt	1	word	""In$%skrENkt
inskärpa	1	word	""In$%x\Er$pa
inslagen	1	word	""In$%slA:$gen
insmorde	1	word	
insnärjda	1	word	""In$%snErj$da
insomnade	1	word	""In$%sOm$na$de
insomnat	1	word	
instiftade	1	word	""In$%stIf$ta$de
instrument	1	word	In$str}:$"mEnt
inställ	1	word	""In$%stEl
inställsamt	1	word	""In$stEl$%samt
instämd	1	word	""In$%stEmd
instängd	1	word	""In$%stENd
instängt	1	word	""In$%stENt
insättas	1	word	
insåge	1	word	
intagits	1	word	""In$%tA:$gIts
intagna	1	word	""In$%tA:$gna
intalar	1	word	""In$%tA:$lar
intryck	1	word	""In$%trYk
inträdandes	1	word	""In$%trE:$dan$des
inträde	1	word	""In$%trE:$de
inträdet	1	word	""In$%trE:$det
inträffat	1	word	""In$%trE$fat
inträtt	1	word	""In$%trEt
intrång	1	word	""In$%trON
invecklar	1	word	""In$%vE$klar
invecklats	1	word	""In$%vE$klats
inveva	1	word	""In$%ve:$va
invig	1	word	""In$%vi:g
invigas	1	word	""In$%vi:$gas
invignings	1	word	""In$%vi:$gnINs
invändning	1	word	""In$%vEnd$nIN
invändningar	1	word	""In$%vEnd$nIN$ar
invänta	1	word	""In$%vEn$ta
inväntade	1	word	""In$%vEn$ta$de
inympa	1	word	""In$%Ym$pa
inympade	1	word	""In$%Ym$pa$de
inympas	1	word	""In$%Ym$pas
inympats	1	word	
irrande	1	word	""I$ran$de
isartade	1	word	
isen	1	word	"i:$sen
iskänker	1	word	""i:$%x\EN$ker
isopsstängel	1	word	
israeliten	1	word	Is$ra$e$"li:$ten
istadig	1	word	""i:$%stA:$dIg
ister	1	word	"I$ster
isär	1	word	I$"sE:r
ivrare	1	word	""i:$vra$re
jafletiternas	1	word	
jagat	1	word	""jA:$gat
jags	1	word	"jA:gs
jairiten	1	word	
jakiniternas	1	word	
jaktbyte	1	word	""jakt$%by:$te
jakten	1	word	"jak$ten
jaktredskap	1	word	""jakt$re:d$%skA:p
jaleeliternas	1	word	
jaminiternas	1	word	
jaseeliternas	1	word	
jaspissten	1	word	
jasubiternas	1	word	
jebuséer	1	word	
jebuséstad	1	word	
jehieliterna	1	word	
jehieliternas	1	word	
jerameeliterna	1	word	
jerameeliternas	1	word	
jeseriternas	1	word	
jeteriterna	1	word	
jishariternas	1	word	
jisraiten	1	word	
jisviternas	1	word	
jorda	1	word	""ju:$d`a
jordagodset	1	word	""ju:$d`a$%gUt$set
jordbecksgropar	1	word	
jordbruket	1	word	""ju:d`$%br}:$ket
jordegendom	1	word	""ju:d`$e:$gen$%dUm
jordelivs	1	word	""ju:$d`e$%li:vs
jordhålor	1	word	""ju:d`$%ho:$lUr
jordisk	1	word	"ju:$d`Isk
jordiskas	1	word	"ju:$d`I$skas
jordkokorna	1	word	""ju:d`$%ku:$kU$n`a
jordkrets	1	word	
jordkulor	1	word	""ju:d`$%k}:$lUr
jordlott	1	word	""ju:d`$%l`Ot
jordråttan	1	word	
jordråttor	1	word	
jubelbasuner	1	word	
jubelklang	1	word	
jublets	1	word	"j}:$blets
judafolkets	1	word	""j}:$da$%fOl$kets
judakonungen	1	word	""j}:$da$%ko:$nu0N$en
judendom	1	word	""j}:$den$%dUm
judens	1	word	""j}:$dens
judinna	1	word	j}:$""dI$na
judiske	1	word	"j}:$dI$ske
jungrus	1	word	
jägaren	1	word	""jE:$ga$ren
jämföras	1	word	""jEm$%f2:$ras
jämförliga	1	word	""jEm$%f2:$l`I$ga
jämförligt	1	word	""jEm$%f2:$l`Ikt
jämlik	1	word	""jEm$%li:k
jämlika	1	word	""jEm$%li:$ka
jämlikheten	1	word	""jEm$li:k$%he:$ten
jämmerrop	1	word	""jE$mer$%ru:p
jämmers	1	word	"jE$mes`
jämmerstaden	1	word	
jämnades	1	word	""jEm$na$des
jämnar	1	word	""jEm$nar
jämnas	1	word	""jEm$nas
jämnat	1	word	""jEm$nat
jämnåriga	1	word	""jEmn$%o:$rI$ga
jämrande	1	word	""jEm$ran$de
jämrar	1	word	""jEm$rar
jämrat	1	word	
jämvikt	1	word	""jEm$%vIkt
järnek	1	word	""jE:n`$%e:k
järnets	1	word	"jE:$n`ets
järnlågorna	1	word	
järnok	1	word	
järnpansar	1	word	
järnpelare	1	word	
järnplåt	1	word	""jE:n`$%plo:t
järnporten	1	word	
järnstift	1	word	
järnverktyg	1	word	
järnvägg	1	word	
järtecken	1	word	""jE:$%t`E$ken
järtecknen	1	word	""jE:$%t`E$knen
jäsning	1	word	""jE:$snIN
jätten	1	word	""jE$ten
jättestammen	1	word	
kab	1	word	
kadmonéernas	1	word	
kainéer	1	word	
kaldé	1	word	kal$"de:
kaldéen	1	word	
kalkstycken	1	word	
kallna	1	word	""kal$na
kallt	1	word	"kalt
kalvars	1	word	""kal$vas`
kameleonten	1	word	ka$me$le$"On$ten
kamelfålar	1	word	
kamelsadeln	1	word	ka$""me:l$%sA:$deln
kamelsto	1	word	
kamelston	1	word	
kammarherre	1	word	""ka$mar$%hE$re
kammartärnan	1	word	""ka$ma$%t`E:$n`an
kammartärnor	1	word	""ka$ma$%t`E:$n`Ur
kamrater	1	word	kam$"rA:$ter
kamrerare	1	word	kam$""re:$ra$re
kanal	1	word	ka$"nA:l
kanalen	1	word	ka$"nA:$len
kanalerna	1	word	ka$"nA:$le$n`a
kananeiskan	1	word	
kananeiske	1	word	
kanané	1	word	
kannan	1	word	""ka$nan
kansliet	1	word	kan$"sli:$et
kantklippta	1	word	
kantänka	1	word	kan$""tEN$ka
kapade	1	word	""kA:$pa$de
kapp	1	word	"kap
kaprisknoppen	1	word	
karavaner	1	word	ka$ra$"vA:$ner
karavanvägen	1	word	ka$ra$""vA:n$%vE:$gen
karbunkelstenar	1	word	
karmiternas	1	word	
kart	1	word	"kA:t`
kartar	1	word	""kA:$t`ar
karéerna	1	word	
karéernas	1	word	
kassan	1	word	""ka$san
kassiadoftande	1	word	
kastskivan	1	word	""kast$%x\i:$van
kastskovlar	1	word	""kast$%skOv$lar
kattor	1	word	""ka$tUr
kedjehängen	1	word	
kedjepansar	1	word	
kedjeverk	1	word	
kehatiterna	1	word	
kehatitiska	1	word	
kejserlig	1	word	""s'Ej$se$l`Ig
kejserliga	1	word	""s'Ej$se$l`I$ga
keléernas	1	word	
kenaséernas	1	word	
keretéernas	1	word	
kerubs	1	word	s'e$"r}:bs
kesita	1	word	
killingarna	1	word	""s'I$lIN$a$n`a
kittel	1	word	""s'I$tel
kivat	1	word	
kivet	1	word	"s'i:$vet
klagande	1	word	""klA:$gan$de
klagodagar	1	word	""klA:$gU$%dA:$gar
klagoropen	1	word	""klA:$gU$%ru:$pen
klagoropet	1	word	""klA:$gU$%ru:$pet
klagoskri	1	word	
klander	1	word	"kland$der
klanders	1	word	"kland$des`
klappe	1	word	
klaraste	1	word	""klA:$ra$ste
klarat	1	word	""klA:$rat
klase	1	word	""klA:$se
klasser	1	word	""kla$ser
klemar	1	word	""kle:$mar
klenoden	1	word	kle$"nu:$den
klenoderna	1	word	kle$"nu:$de$n`a
klentrogen	1	word	""kle:n$%tru:$gen
kli	1	word	"kli:
kliar	1	word	""kli:$ar
klibbas	1	word	""klI$bas
klippans	1	word	""klI$pans
klippbrant	1	word	""klIp$%brant
klippdassarna	1	word	""klIp$%da$sa$n`a
klippdassarnas	1	word	""klIp$%da$sa$n`as
klipper	1	word	"klI$per
klippfästen	1	word	""klIp$%fE$sten
klippgrottor	1	word	
klipphålorna	1	word	""klIp$%ho:$lU$n`a
klipprämnor	1	word	
klippspetsen	1	word	
klippväggens	1	word	""klIp$%vE$gens
klokas	1	word	""klu:$kas
klokaste	1	word	""klu:$ka$ste
klokes	1	word	""klu:$kes
kloten	1	word	"klu:$ten
klyfta	1	word	""klYf$ta
klyftans	1	word	""klYf$tans
klyftiga	1	word	""klYf$tI$ga
klyftorna	1	word	""klYf$tU$n`a
klyftornas	1	word	""klYf$tU$n`as
klyv	1	word	"kly:v
klyva	1	word	""kly:$va
kläcka	1	word	""klE$ka
kläcker	1	word	"klE$ker
klädedräkt	1	word	""klE:$de$%drEkt
klädesfållar	1	word	
klädet	1	word	""klE:$det
klädkammaren	1	word	""klE:d$%ka$ma$ren
klädnader	1	word	""klE:d$na$der
klämde	1	word	""klEm$de
klämning	1	word	""klEm$nIN
klättrade	1	word	""klE$tra$de
klövarna	1	word	""kl2:$va$n`a
klövs	1	word	"kl2:fs
knappa	1	word	""kna$pa
knappast	1	word	""kna$past
knippa	1	word	""knI$pa
knippe	1	word	""knI$pe
knippor	1	word	""knI$pUr
knipporna	1	word	""knI$pU$n`a
knopparna	1	word	""knO$pa$n`a
knorraden	1	word	
knorrandes	1	word	""knO$ran$des
knorrat	1	word	""knO$rat
knot	1	word	"knu:t
knotor	1	word	""knu:$tUr
knuten	1	word	""kn}:$ten
knutit	1	word	""kn}:$tIt
knyte	1	word	""kny:$te
knytnävarna	1	word	""kny:t$%nE:$va$n`a
knytnäven	1	word	""kny:t$%nE:$ven
knäböjde	1	word	""knE:$%b9j$de
knäet	1	word	"knE:$et
knäfall	1	word	
knäna	1	word	"knE:$na
knådar	1	word	""kno:$dar
knådat	1	word	
knöto	1	word	
knötos	1	word	
koadjuret	1	word	
kogret	1	word	"ku:$gret
kokat	1	word	
koken	1	word	"ku:$ken
kokerskor	1	word	""ku:$ke$s`kUr
kokning	1	word	""ku:$knIN
kokte	1	word	
koktes	1	word	""kUk$tes
kolelden	1	word	
kolen	1	word	"ko:$len
koloni	1	word	kO$lU$"ni:
kommet	1	word	
konstarbetare	1	word	
konsters	1	word	""kOn$stes`
konstmässig	1	word	""kOnst$%mE$sIg
konstmässiga	1	word	""kOnst$%mE$sI$ga
konstnären	1	word	""kOnst$%nE:$ren
konstnärer	1	word	""kOnst$%nE:$rer
konstnärliga	1	word	""kOnst$%nE:$l`I$ga
konstnärs	1	word	""kOnst$%nE:s`
konstskickliga	1	word	""kOnst$%x\I$klI$ga
konstskicklighet	1	word	""kOnst$x\I$klIg$%he:t
konstsmitt	1	word	
konstverkets	1	word	""kOnst$%vEr$kets
konstvävnadsarbeten	1	word	
konsul	1	word	""kOn$su0l
konungabrev	1	word	
konungabröst	1	word	
konungadotter	1	word	
konungagravens	1	word	
konungahuset	1	word	""ko:$nu0N$a$%h}:$set
konungakronan	1	word	
konungamoderns	1	word	
konungapalats	1	word	""ko:$nu0N$a$pa$%lats
konungapalatser	1	word	
konungapalatset	1	word	""ko:$nu0N$a$pa$%lat$set
konungarike	1	word	""ko:$nu0N$a$%ri:$ke
konungarikenas	1	word	""ko:$nu0N$a$%ri:$ke$nas
konungason	1	word	
konungastaden	1	word	
konungasäte	1	word	
konungatroner	1	word	
konungaväldet	1	word	
konungavärdigheten	1	word	
konungsvikt	1	word	
kopparbommar	1	word	
kopparbågens	1	word	
kopparcymbaler	1	word	
kopparfyrfaten	1	word	
koppargallret	1	word	
koppargjutare	1	word	
kopparhjälmar	1	word	
kopparkärlen	1	word	""kO$par$%s'E:$l`en
kopparorm	1	word	""kO$par$%Urm
kopparormen	1	word	""kO$par$%Ur$men
kopparskålar	1	word	
kopparsmed	1	word	
kopparsmeder	1	word	
koraiten	1	word	
koraller	1	word	kU$"ra$ler
korban	1	word	
korgarna	1	word	""kOr$ja$n`a
kornboden	1	word	""ku:n`$%bu:$den
kornbröden	1	word	""ku:n`$%br2:$den
kornbrödskaka	1	word	
kornkakor	1	word	
kornmjöl	1	word	""ku:n`$%mj2:l
korp	1	word	"kOrp
korpens	1	word	"kOr$pens
korsar	1	word	kO$"s`A:r
korsfästen	1	word	
korsfästes	1	word	""kOs`$%fE$stes
korsvis	1	word	""kO$%s`vi:s
kortvarigt	1	word	""kO$%t`vA:$rIkt
kospillning	1	word	""ku:$%spIl$nIN
kostar	1	word	""kO$star
kostbar	1	word	""kOst$%bA:r
kostnad	1	word	""kOst$nad
kostnaden	1	word	""kOst$na$den
koéer	1	word	
krafterna	1	word	""kraf$te$n`a
kraftfulla	1	word	""kraft$%fu0$la
krafts	1	word	"krafts
kramade	1	word	""krA:$ma$de
kramades	1	word	""krA:$ma$des
krampor	1	word	""kram$pUr
krankt	1	word	"kraNkt
kransarna	1	word	""kran$sa$n`a
kransen	1	word	"kran$sen
kransskatt	1	word	
kransstycket	1	word	
kretenser	1	word	
krigaren	1	word	""kri:$ga$ren
krigares	1	word	""kri:$ga$res
krigarnas	1	word	""kri:$ga$n`as
krigarskara	1	word	
krigarskrudens	1	word	
krigföring	1	word	""kri:g$%f2:$rIN
krigiskt	1	word	"kri:$gIskt
krigsbefälet	1	word	
krigsbehov	1	word	
krigsduglig	1	word	""krIks$%d}:$glIg
krigsherre	1	word	""krIks$%hE$re
krigshändelserna	1	word	
krigslek	1	word	
krigsrop	1	word	
krigsrustade	1	word	
krigsskaran	1	word	
krigsskepp	1	word	""krIks$%x\Ep
krigsverktyg	1	word	
krigsöverstar	1	word	
kringbrusade	1	word	
kringbyggnad	1	word	
kringdoftad	1	word	
kringgående	1	word	
kringhugget	1	word	
kringkastade	1	word	""krIN$%ka$sta$de
kringmurat	1	word	""krIN$%m}:$rat
kringrända	1	word	
kringränt	1	word	
kringskansat	1	word	
kringstråla	1	word	""krIN$%stro:$la
kringströ	1	word	
kringstängd	1	word	
kringstängda	1	word	
kringstående	1	word	""krIN$%sto:$en$de
kringsände	1	word	
kringsändes	1	word	
kringvandrande	1	word	""krIN$%van$dran$de
kristallklar	1	word	krI$""stal$%klA:r
krokig	1	word	""kru:$kIg
kronorna	1	word	""kru:$nU$n`a
kroppsarbete	1	word	""krOps$ar$%be:$te
kroppshyddan	1	word	""krOps$%hY$dan
kroppshölje	1	word	
kroppsliga	1	word	""krOp$slI$ga
kroppsstyrka	1	word	""krOps$%stYr$ka
krossades	1	word	""krO$sa$des
krosse	1	word	
krossen	1	word	"krO$sen
krukmakarhänders	1	word	
krukmakarkärl	1	word	
krukmakarlera	1	word	
krukmakarna	1	word	""kr}:k$%mA:$ka$n`a
krukmakarskivan	1	word	
krusat	1	word	
krycka	1	word	""krY$ka
kryddade	1	word	""krY$da$de
kryp	1	word	"kry:p
krypa	1	word	""kry:$pa
krypet	1	word	"kry:$pet
krysoliter	1	word	krY$sU$"li:$ter
krysolitsten	1	word	
krysopras	1	word	krY$sU$"prA:s
kräftsår	1	word	""krEft$%so:r
kräla	1	word	""krE:$la
krälade	1	word	""krE:$la$de
krämaren	1	word	""krE:$ma$ren
krämares	1	word	""krE:$ma$res
krämarskaran	1	word	
kränk	1	word	"krENk
kränkta	1	word	"krENk$ta
kräslig	1	word	""krE:$slIg
kräv	1	word	"krE:v
krävdes	1	word	""krE:v$des
kråkorna	1	word	""kro:$kU$n`a
kröka	1	word	""kr2:$ka
krökning	1	word	""kr2:$knIN
krön	1	word	"kr2:n
krönikeboken	1	word	
krönta	1	word	
kröpo	1	word	
kubéer	1	word	
kulan	1	word	""k}:$lan
kullfallna	1	word	""ku0l$%fal$na
kullstörta	1	word	
kullstöta	1	word	
kum	1	word	
kummin	1	word	""ku0$mIn
kungjorda	1	word	""ku0$%nju:$d`a
kungsslåttern	1	word	
kunnige	1	word	""ku0$nI$ge
kunskapssökarna	1	word	
kunungens	1	word	
kupor	1	word	""k}:$pUr
kust	1	word	"ku0st
kustfarare	1	word	""ku0st$%fA:$ra$re
kustländerna	1	word	
kuststräckan	1	word	""ku0st$%strE$kan
kuststäder	1	word	""ku0st$%stE:$der
kuststäderna	1	word	""ku0st$%stE:$de$n`a
kvald	1	word	
kvalda	1	word	
kvalfull	1	word	""kvA:l$%fu0l
kvalfyllt	1	word	
kvarhåller	1	word	""kvA:r$%hO$ler
kvarlämna	1	word	""kvA:$%l`Em$na
kvarlämnats	1	word	
kvarlåtenskap	1	word	""kvA:$l`o:$ten$%skA:p
kvarnens	1	word	"kvA:$n`ens
kvarnstenar	1	word	""kvA:n`$%s`t`e:$nar
kvast	1	word	"kvast
kved	1	word	"kve:d
kvigor	1	word	""kvi:$gUr
kvigorna	1	word	""kvi:$gU$n`a
kvinnoarbeten	1	word	""kvI$nU$ar$%be:$ten
kvinnokläder	1	word	""kvI$nU$%klE:$der
kvinnokärlek	1	word	
kvinnoskönhet	1	word	
kvistigt	1	word	""kvI$stIkt
kvittra	1	word	""kvI$tra
kväde	1	word	""kvE:$de
kväljer	1	word	"kvEl$jer
kväljes	1	word	
kvävas	1	word	""kvE:$vas
kvävd	1	word	
kyskhet	1	word	""s'Ysk$%he:t
kyssas	1	word	""s'Y$sas
kysst	1	word	"s'Yst
käcka	1	word	""s'E$ka
käft	1	word	"s'Eft
käkar	1	word	""s'E:$kar
käkars	1	word	""s'E:$kas`
käken	1	word	"s'E:$ken
käkstyckena	1	word	
kämpens	1	word	""s'Em$pens
kändes	1	word	""s'En$des
kännedomen	1	word	""s'E$ne$%dU$men
kännemärken	1	word	""s'E$ne$%mEr$ken
kännetecken	1	word	""s'E$ne$%tE$ken
käppen	1	word	"s'E$pen
käringfablerna	1	word	
kärleksbevis	1	word	""s'E:$l`e:ks$be$%vi:s
kärleksfulla	1	word	""s'E:$l`e:ks$%fu0$la
kärleksglödande	1	word	
kärlekslösa	1	word	""s'E:$l`e:ks$%l2:$sa
kärleksmåltider	1	word	""s'E:$l`e:ks$mo:l$%ti:$der
kärleksvisa	1	word	
kärligt	1	word	
kärnan	1	word	""s'E:$n`an
kärvbindare	1	word	
kål	1	word	"ko:l
kåpans	1	word	""ko:$pans
kök	1	word	"s'2:k
köl	1	word	"s'2:l
köldens	1	word	"s'9l$dens
köpe	1	word	""s'2:$pe
köpmannakryddor	1	word	
köpmans	1	word	""s'2:p$%mans
köpmansstad	1	word	
köpmanståg	1	word	
köpmännens	1	word	""s'2:p$%mE$nens
kören	1	word	"k2:$ren
köttboden	1	word	
köttgrytorna	1	word	""s'9t$%gry:$tU$n`a
köttstyckena	1	word	""s'9t$%stY$ke$na
köttstycket	1	word	""s'9t$%stY$ket
l	1	word	"El
lacedemonierna	1	word	
ladan	1	word	""lA:$dan
ladorna	1	word	""lA:$dU$n`a
lagade	1	word	""lA:$ga$de
lagbokens	1	word	""lA:g$%bu:$kens
lagböcker	1	word	""lA:g$%b9$ker
laglydnad	1	word	""lA:g$%ly:d$nad
laglösheten	1	word	""lA:g$l2:s$%he:$ten
lagom	1	word	
lagordningen	1	word	
lagstiftaren	1	word	""lA:g$%stIf$ta$ren
lagstiftning	1	word	""lA:g$%stIft$nIN
lagstiftningen	1	word	""lA:g$%stIft$nIN$en
lagtolkare	1	word	""lA:g$%tOl$ka$re
lagtolkarna	1	word	""lA:g$%tOl$ka$n`a
lagtolkningar	1	word	""lA:g$%tOl$knIN$ar
lagts	1	word	
lagutläggning	1	word	
lagvrängning	1	word	""lA:g$%vrEN$nIN
lagöverträdarna	1	word	""lA:g$2:$ve$%t`rE:$da$n`a
lagöverträdelse	1	word	""lA:g$2:$ve$%t`rE:$del$se
lames	1	word	""lA:$mes
lamslog	1	word	""lA:m$%slu:g
landområden	1	word	""land$Om$%ro:$den
landsbefolkningens	1	word	
landsbygd	1	word	""lands$%bYgd
landsbygdens	1	word	""lands$%bYg$dens
landsfurstarna	1	word	
landsförvisning	1	word	""lands$f9r$%vi:$snIN
landsherrarna	1	word	
landsmaninnor	1	word	land$sma$""nI$nUr
landsplåga	1	word	""lands$%plo:$ga
landstiga	1	word	""land$%sti:$ga
landsändarna	1	word	""lands$%En$da$n`a
lantdjur	1	word	
lantgård	1	word	""lant$%go:d`
laodicéernas	1	word	
lappade	1	word	""la$pa$de
lappen	1	word	"la$pen
larmade	1	word	""lar$ma$de
larmare	1	word	
larmbasun	1	word	
larmets	1	word	"lar$mets
larmuppfyllda	1	word	
lassade	1	word	""la$sa$de
lasta	1	word	""la$sta
lastad	1	word	""la$stad
lastarens	1	word	""la$sta$rens
lastas	1	word	""la$stas
lasteligt	1	word	
lastkorgen	1	word	
latin	1	word	la$"ti:n
leannót	1	word	
ledande	1	word	""le:$dan$de
ledes	1	word	
ledet	1	word	"le:$det
ledgångar	1	word	
ledigt	1	word	""le:$dIkt
ledsagades	1	word	""le:d$%sA:$ga$des
ledsage	1	word	
lega	1	word	""le:$ga
legan	1	word	""le:$gan
legionen	1	word	le$gI$"u:$nen
legioner	1	word	le$gI$"u:$ner
legodrängarna	1	word	""le:$gU$%drEN$a$n`a
legoknektar	1	word	""le:$gU$%knEk$tar
lejda	1	word	
lejonansikte	1	word	
lejonansikten	1	word	
lejoninnans	1	word	le$jO$""nI$nans
lejoninnas	1	word	le$jO$""nI$nas
lejoninnors	1	word	le$jO$""nI$nUs`
lejonssgropen	1	word	
lejontänder	1	word	
lejonungar	1	word	
lejonungen	1	word	
lekamligen	1	word	le$"kA:m$lI$gen
lekamligt	1	word	le$"kA:m$lIkt
leksak	1	word	""le:k$%sA:k
lekverk	1	word	""le:k$%vErk
lemlästa	1	word	""lEm$%lE$sta
lemlästade	1	word	""lEm$%lE$sta$de
lena	1	word	""le:$na
lenade	1	word	""le:$na$de
lenare	1	word	""le:$na$re
lerklump	1	word	""le:r$%klu0mp
lerkrukan	1	word	""le:r$%kr}:$kan
lerämne	1	word	
letaan	1	word	
letande	1	word	""le:$tan$de
letas	1	word	""le:$tas
letek	1	word	
letuséerna	1	word	
leumméerna	1	word	
levandegörande	1	word	""le:$van$de$%j2:$ran$de
levas	1	word	""le:$vas
leverfett	1	word	
leviters	1	word	le$"vi:$tes`
levitiske	1	word	le$"vi:$tI$ske
levnadens	1	word	""le:v$na$dens
levnads	1	word	""le:v$nads
levnadsförhållanden	1	word	""le:v$nats$f9r$%hO$land$den
levnadsmätt	1	word	
levnadstid	1	word	
levnadsvanor	1	word	""le:v$nats$%vA:$nUr
libyerna	1	word	"li:$bY$e$n`a
lid	1	word	"li:d
lidandes	1	word	""li:$dan$des
lidelser	1	word	""li:$del$ser
liderliga	1	word	""li:$de$l`I$ga
liderlighetens	1	word	""li:$de$l`Ig$%he:$tens
lievagnar	1	word	
ligg	1	word	"lIg
likartat	1	word	""li:k$%A:$t`at
liket	1	word	"li:$ket
likgiltigt	1	word	""li:k$%jIl$tIkt
liknelsens	1	word	""li:$knel$sens
liknelsevis	1	word	
liksinnade	1	word	
likställd	1	word	""li:k$%stEld
likställes	1	word	""li:k$%stE$les
liljan	1	word	""lIl$jan
limma	1	word	""lI$ma
lindad	1	word	
lindra	1	word	""lIn$dra
lindras	1	word	""lIn$dras
lindrig	1	word	""lIn$drIg
linje	1	word	"li:$nje
linnearbetarnas	1	word	
linnebenkläderna	1	word	
linnebindlar	1	word	
linnegördel	1	word	
linnekläde	1	word	
linneklädet	1	word	
linnesnöre	1	word	
linnet	1	word	""lI$net
linningen	1	word	""lI$nIN$en
linor	1	word	""li:$nUr
linssoppa	1	word	""lIns$%sO$pa
linstjälkar	1	word	
lintrådar	1	word	
listeligen	1	word	""lI$ste$%li:$gen
listigare	1	word	""lI$stI$ga$re
listiges	1	word	""lI$stI$ges
livdömda	1	word	""li:v$%d9m$da
livegen	1	word	""li:v$%e:$gen
livegna	1	word	""li:v$%e:$gna
livegne	1	word	""li:v$%e:$gne
livgivande	1	word	""li:v$%ji:$van$de
livklädnaderna	1	word	""li:v$%klE:d$na$de$n`a
livlös	1	word	""li:v$%l2:s
livnärde	1	word	""li:v$%nE:$d`e
livrockar	1	word	
livrocken	1	word	
livsdagars	1	word	""lIfs$%dA:$gas`
livsförnödenheter	1	word	""lIfs$f9$%n`2:$den$he:$ter
livsmedlen	1	word	""lIfs$%me:d$len
livsträd	1	word	""lIfs$%trE:d
livsuppehället	1	word	""lIfs$u0$pe$%hE$let
ljudelig	1	word	
ljudeligen	1	word	
ljudit	1	word	
ljugen	1	word	""j}:$gen
ljum	1	word	"ju0m
ljungar	1	word	
ljungeldarnas	1	word	""ju0N$%El$da$n`as
ljungeldslågor	1	word	
ljungeldsmoln	1	word	
ljungeldssnaror	1	word	
ljusning	1	word	""j}:$snIN
ljusstrålar	1	word	""j}:s$%stro:$lar
ljuva	1	word	""j}:$va
ljuvaste	1	word	""j}:$va$ste
ljuvhet	1	word	""j}:v$he:t
ljuvligaste	1	word	""j}:v$lI$ga$ste
ljuvlige	1	word	""j}:v$lI$ge
ljuvlighets	1	word	""j}:v$lIg$%he:ts
lock	1	word	"lOk
lockarna	1	word	""lO$ka$n`a
lockas	1	word	""lO$kas
lockelser	1	word	""lO$kel$ser
locket	1	word	"lO$ket
lockfågel	1	word	""lOk$%fo:$gel
lossar	1	word	""lO$sar
lossen	1	word	
lossnar	1	word	""lO$snar
lossnat	1	word	""lO$snat
lotsade	1	word	""lUt$sa$de
lottens	1	word	"lO$tens
lottningen	1	word	""lOt$nIN$en
lotusträd	1	word	
lovas	1	word	""lo:$vas
lovoffret	1	word	
lovprisa	1	word	""lo:v$%pri:$sa
lovprisar	1	word	""lo:v$%pri:$sar
lovsjung	1	word	""lo:v$%x\u0N
lovsjunge	1	word	
lovsångerna	1	word	""lo:v$%sON$e$n`a
lovsångskören	1	word	
lovsångskörer	1	word	
lovsångskörerna	1	word	
luckan	1	word	""lu0$kan
luden	1	word	""l}:$den
ludna	1	word	""l}:d$na
ludéernas	1	word	
luftens	1	word	"lu0f$tens
lugg	1	word	"lu0g
lugnande	1	word	""lu0N$nan$de
lugnat	1	word	""lu0N$nat
lugnet	1	word	"lu0N$net
luktar	1	word	""lu0k$tar
luktflaskor	1	word	""lu0kt$%fla$skUr
lundar	1	word	""lu0n$dar
lustgårdarna	1	word	""lu0st$%go:$d`a$n`a
lustgårdarnas	1	word	""lu0st$%go:$d`a$n`as
lustiga	1	word	""lu0$stI$ga
lustigt	1	word	""lu0$stIkt
lutat	1	word	""l}:$tat
luttrande	1	word	""lu0$tran$de
luttrar	1	word	""lu0$trar
luttras	1	word	""lu0$tras
luttring	1	word	""lu0$trIN
luttringseld	1	word	
lyckosten	1	word	
lyckönskat	1	word	
lydaktiga	1	word	
lydaktighet	1	word	
lydaktigt	1	word	
lydfurstar	1	word	
lydkonungar	1	word	
lyften	1	word	"lYf$ten
lykaoniskt	1	word	
lyst	1	word	"lYst
lystna	1	word	""lYst$na
läcker	1	word	"lE$ker
läckerheterna	1	word	""lE$ker$%he:$te$n`a
läckor	1	word	""lE$kUr
läckors	1	word	""lE$kUs`
läge	1	word	""lE:$ge
lägeln	1	word	""lE:$geln
lägerhyddor	1	word	
lägerplatserna	1	word	""lE:$ger$%plat$se$n`a
lägerstad	1	word	
lägerstället	1	word	
lägertåget	1	word	
lägge	1	word	
lägsta	1	word	""lE:g$sta
lägste	1	word	""lE:g$ste
läkarehänder	1	word	
läkarens	1	word	""lE:$ka$rens
läkares	1	word	""lE:$ka$res
läkarnas	1	word	""lE:$ka$n`as
läkedomen	1	word	""lE:$ke$%dU$men
läkta	1	word	
lämnadens	1	word	
lämpligast	1	word	""lEm$plI$gast
längtansfullt	1	word	""lEN$tans$%fu0lt
längtat	1	word	""lEN$tat
länk	1	word	"lENk
läppja	1	word	""lE$pja
läraktiga	1	word	
lärande	1	word	
lärans	1	word	""lE:$rans
lärares	1	word	""lE:$ra$res
lärarkall	1	word	
läras	1	word	""lE:$ras
lärda	1	word	""lE:$d`a
lärden	1	word	
lärdomen	1	word	""lE:$%d`U$men
lärjungesätt	1	word	
lärjunginna	1	word	
lärkträd	1	word	""lErk$%trE:d
lärohus	1	word	
lärosal	1	word	""lE:$rU$%sA:l
läs	1	word	"lE:s
läses	1	word	""lE:$ses
lättfärdig	1	word	""lEt$%fE:$d`Ig
lättfärdiga	1	word	""lEt$%fE:$d`I$ga
lättfärdige	1	word	""lEt$%fE:$d`I$ge
lätthanterligt	1	word	""lEt$han$%te:$l`Ikt
lättrustade	1	word	
lättsinnigas	1	word	""lEt$%sI$nI$gas
lättsinnigt	1	word	""lEt$%sI$nIkt
lättsmälta	1	word	""lEt$%smEl$ta
lådde	1	word	
låde	1	word	""lo:$de
lågar	1	word	""lo:$gar
låglandet	1	word	""lo:g$%land$det
lågornas	1	word	""lo:$gU$n`as
lågslätt	1	word	
lågslätten	1	word	
lånad	1	word	
lånen	1	word	"lo:$nen
långhuset	1	word	""lON$%h}:$set
långivare	1	word	""lo:n$%ji:$va$re
långivaren	1	word	""lo:n$%ji:$va$ren
långivarens	1	word	""lo:n$%ji:$va$rens
långmodighets	1	word	""lON$mu:$dIg$%he:ts
långsamt	1	word	""lON$%samt
långsidor	1	word	""lON$%si:$dUr
långvarig	1	word	""lON$%vA:$rIg
långvarigt	1	word	""lON$%vA:$rIkt
långväga	1	word	""lON$%vE:$ga
lår	1	word	"lo:r
låren	1	word	"lo:$ren
låsa	1	word	""lo:$sa
låtande	1	word	""lo:$tan$de
låtsade	1	word	""lOt$sa$de
låtsar	1	word	""lOt$sar
lödningen	1	word	""l2:d$nIN$en
löftens	1	word	""l9f$tens
löftes	1	word	""l9f$tes
löftesman	1	word	
löftestiden	1	word	
lögnaktigas	1	word	
lögnaktighets	1	word	""l9Nn$ak$tIg$%he:ts
lögndrömmar	1	word	
lögngudar	1	word	
lögnläror	1	word	
lögnpenna	1	word	
lögnpredikanters	1	word	
lögnprofeterna	1	word	
lögnprofeternas	1	word	
lögntillflykt	1	word	
lömskt	1	word	"l9mskt
lönad	1	word	""l2:$nad
lönade	1	word	""l2:$na$de
lönat	1	word	""l2:$nat
lönlöst	1	word	""l2:n$%l2:st
lönndörr	1	word	""l9n$%d9r
lönnliga	1	word	
lönnligen	1	word	
lönnluckan	1	word	
löns	1	word	"l2:ns
löp	1	word	"l2:p
löpandet	1	word	
lösepenningen	1	word	
löses	1	word	""l2:$ses
lösgav	1	word	""l2:s$%gA:v
lösgiven	1	word	""l2:s$%ji:$ven
lösgivna	1	word	
lösgjorde	1	word	""l2:s$%ju:$d`e
lösköpa	1	word	
lössläppt	1	word	""l2:s$%slEpt
lötar	1	word	""l2:$tar
lötarna	1	word	""l2:$ta$n`a
lövhyddofesten	1	word	
lövprydda	1	word	""l2:v$%prY$da
lövverket	1	word	""l2:v$%vEr$ket
maakatiten	1	word	
maakatéer	1	word	
macedoniern	1	word	ma$ke$"du:$nI$en`
macedonisk	1	word	ma$ke$"du:$nIsk
macedoniske	1	word	ma$ke$"du:$nI$ske
magen	1	word	""mA:$gen
magens	1	word	""mA:$gens
magert	1	word	"mA:$get`
mages	1	word	""mA:$ges
magrare	1	word	""mA:$gra$re
magsjukdom	1	word	
majestäts	1	word	ma$je$"stE:ts
mak	1	word	"mA:k
makes	1	word	"mEjks
makiriternas	1	word	
maktbud	1	word	
maktens	1	word	"mak$tens
makterna	1	word	""mak$te$n`a
maktinnehavares	1	word	
maktlösas	1	word	""makt$%l2:$sas
maktlöshet	1	word	""makt$l2:s$%he:t
maktspråk	1	word	""makt$%spro:k
maktägandes	1	word	
malde	1	word	""mA:l$de
malen	1	word	""mA:$len
malerskorna	1	word	
malkieliternas	1	word	
malörten	1	word	""mA:l$%9$t`en
manad	1	word	
manahatiterna	1	word	
manas	1	word	""mA:$nas
manassiternas	1	word	
manat	1	word	""mA:$nat
mandelträdet	1	word	""man$del$%trE:$det
mandom	1	word	""man$%dUm
mandomskraft	1	word	
manfall	1	word	""man$%fal
manhaftighet	1	word	""man$haf$tIg$%he:t
maning	1	word	""mA:$nIN
maninna	1	word	
manligen	1	word	""man$lI$gen
mannaminne	1	word	""ma$na$%mI$ne
mansbild	1	word	
mansstyrka	1	word	
mansåldrar	1	word	""mans$%Ol$drar
mantelflik	1	word	""man$tel$%fli:k
mantelflikar	1	word	""man$tel$%fli:$kar
mantelfliken	1	word	""man$tel$%fli:$ken
mantelveck	1	word	""man$tel$%vEk
mantlarna	1	word	""mant$la$n`a
marknadshus	1	word	
marterade	1	word	ma$"t`e:$ra$de
maskarna	1	word	""ma$ska$n`a
maskars	1	word	""ma$skas`
masken	1	word	"ma$sken
masten	1	word	"ma$sten
matens	1	word	""mA:$tens
matförråd	1	word	""mA:t$f9$%ro:d
matlusten	1	word	""mA:t$%lu0$sten
matränseln	1	word	
maträtt	1	word	""mA:t$%rEt
maträtter	1	word	""mA:t$%rE$ter
mats	1	word	"mA:ts
mattades	1	word	""ma$ta$des
matten	1	word	""ma$ten
matvaror	1	word	""mA:t$%vA:$rUr
medaniterna	1	word	
medborgaren	1	word	""me:d$%bOr$ja$ren
medborgarrätten	1	word	""me:d$bOr$jar$%rE$ten
meddelad	1	word	""me:$%de:$lad
meddelar	1	word	""me:$%de:$lar
meddelen	1	word	
medelmåttigt	1	word	""me:$del$%mO$tIkt
medern	1	word	"me:$den`
medernas	1	word	"me:$de$n`as
medfarna	1	word	""me:d$%fA:$n`a
medfödd	1	word	""me:d$%f9d
medgivande	1	word	""me:d$%ji:$van$de
medgång	1	word	""me:d$%gON
medgången	1	word	""me:d$%gON$en
medisk	1	word	"me:$dIsk
medkonungar	1	word	
medla	1	word	""me:d$la
medlares	1	word	""me:d$la$res
medlidsamma	1	word	""me:d$li:d$%sa$ma
medräknades	1	word	""me:d$%rE:$kna$des
medräknas	1	word	""me:d$%rE:$knas
medtagen	1	word	""me:d$%tA:$gen
medveten	1	word	""me:$%dve:$ten
meiniter	1	word	
mejas	1	word	""mE$jas
mekeratiten	1	word	
mellanrummet	1	word	""mE$lan$%ru0$met
mellanting	1	word	""mE$lan$%tIN
mellanvåning	1	word	""mE$lan$%vo:$nIN
melonerna	1	word	me$"lu:$ne$n`a
mene	1	word	
mened	1	word	""me:n$%e:d
menighets	1	word	""me:$nIg$%he:ts
menlöst	1	word	""me:n$%l2:st
mera	1	word	"me:$ra
mesta	1	word	
metallen	1	word	me$"ta$len
metallspegel	1	word	
metkrokar	1	word	""me:t$%kru:$kar
metrev	1	word	""me:t$%re:v
middagsglans	1	word	
middagshöjd	1	word	""mI$dA:gs$%h9jd
middagsljuset	1	word	
middagssömn	1	word	
midjaniten	1	word	
midjanitisk	1	word	
midnattstid	1	word	
mil	1	word	"mi:l
mildrades	1	word	""mIl$dra$des
mildrar	1	word	""mIl$drar
mils	1	word	"mi:ls
minan	1	word	""mi:$nan
mindes	1	word	""mIn$des
minnesbok	1	word	""mI$nes$%bu:k
minneshögtider	1	word	""mI$nes$h9k$%ti:$der
minnesvärda	1	word	""mI$nes$%vE:$d`a
minnesvärt	1	word	""mI$nes$%vE:t`
minnesvård	1	word	""mI$nes$%vo:d`
minska	1	word	""mIn$ska
minskade	1	word	""mIn$ska$de
minskas	1	word	""mIn$skas
minskning	1	word	""mIns$knIN
misraiterna	1	word	
missaktar	1	word	""mI$%sak$tar
missaktning	1	word	""mI$%sakt$nIN
missgärningsstraff	1	word	
missgärningsverk	1	word	
missgärningsår	1	word	
misshag	1	word	""mIs$%hA:g
misshaga	1	word	""mIs$%hA:$ga
misshagliga	1	word	""mIs$%hA:$glI$ga
misshandlad	1	word	
misshandlar	1	word	""mIs$%hand$lar
misshandlat	1	word	""mIs$%hand$lat
misshandlingen	1	word	
misskundsamhet	1	word	
misslyckades	1	word	""mI$%slY$ka$des
misslyckas	1	word	""mI$%slY$kas
misslyckats	1	word	""mI$%slY$kats
missnöjda	1	word	""mI$%sn9j$da
misstag	1	word	""mI$%stA:g
misstankar	1	word	""mI$%staN$kar
misstankelagen	1	word	
misstankeoffer	1	word	
misstyck	1	word	""mI$%stYk
misstyda	1	word	""mI$%sty:$da
misstänker	1	word	""mI$%stEN$ker
misstänksam	1	word	
misstänkte	1	word	""mI$%stENk$te
missunnar	1	word	""mI$%su0$nar
missunnsam	1	word	""mI$%su0n$sam
mitniten	1	word	
mittelhöjd	1	word	
mittelpelare	1	word	
mjuk	1	word	"mj}:k
mjölken	1	word	""mj9l$ken
moabiten	1	word	
moabitisk	1	word	
moabitiskor	1	word	
moderfåren	1	word	
moderlösa	1	word	""mu:$de$%l`2:$sa
modermördare	1	word	
modersbröstet	1	word	""mu:$des`$%br9$stet
modersmjölken	1	word	""mu:$des`$%mj9l$ken
modersmål	1	word	""mu:$des`$%mo:l
moderssköte	1	word	""mu:$des`$%x\2:$te
moderssköten	1	word	""mu:$des`$%x\2:$ten
modersömhet	1	word	
modfällda	1	word	
modigast	1	word	""mu:$dI$gast
modigaste	1	word	""mu:$dI$ga$ste
modlös	1	word	""mu:d$%l2:s
modlöst	1	word	""mu:d$%l2:st
modstulna	1	word	""mu:d$%st}:l$na
mognads	1	word	""mu:$gnads
mognande	1	word	""mu:$gnan$de
mognat	1	word	""mu:$gnat
molnhimmelen	1	word	
molnhöljd	1	word	
molnpelare	1	word	
molnspanare	1	word	
morastiten	1	word	
mordet	1	word	"mu:$d`et
mordgärningar	1	word	
mordiska	1	word	"mu:$d`I$ska
mordvapen	1	word	""mu:d`$%vA:$pen
morgnar	1	word	""mo:$n`ar
morgnarna	1	word	""mo:$n`a$n`a
morgongryningen	1	word	""mOr$gON$%gry:$nIN$en
morgonstjärna	1	word	""mOr$gOn$%x\E:$n`a
morgonstjärnorna	1	word	""mOr$gOn$%x\E:$n`U$n`a
mormoder	1	word	""mUr$%mu:$der
morse	1	word	""mO$s`e
motbjudande	1	word	""mu:t$%bj}:$dan$de
motgångar	1	word	""mu:t$%gON$ar
motgången	1	word	""mu:t$%gON$en
motgångs	1	word	""mu:t$%gONs
motsade	1	word	""mu:t$%sA:$de
motsagt	1	word	
motsatsen	1	word	""mu:t$%sat$sen
motskrift	1	word	
motspänstiga	1	word	""mu:t$%spEn$stI$ga
motspänstighet	1	word	""mu:t$spEn$stIg$%he:t
motsträvig	1	word	""mu:t$%strE:$vIg
motsträviga	1	word	""mu:t$%strE:$vI$ga
motståndaren	1	word	""mu:t$%stOn$da$ren
motståndarnas	1	word	""mu:t$%stOn$da$n`as
motsvarade	1	word	""mu:t$%svA:$ra$de
motsvaras	1	word	""mu:t$%svA:$ras
motsätta	1	word	""mu:t$%sE$ta
mottagande	1	word	""mu:t$%tA:$gan$de
mottager	1	word	""mu:t$tA:$ger
mottages	1	word	
mottagits	1	word	""mu:t$%tA:$gIts
mottagna	1	word	""mu:t$%tA:$gna
mottagningspant	1	word	
mottogos	1	word	
mottogs	1	word	""mu:t$%tu:gs
motvilligt	1	word	""mu:t$%vI$lIkt
mulen	1	word	""m}:$len
mull	1	word	"mu0l
mullbär	1	word	""mu0l$%bE:r
mullbärsfikon	1	word	
mullbärsfikonträden	1	word	
mullvadar	1	word	""mu0l$%vA:$dar
mulna	1	word	""m}:l$na
multnande	1	word	""mu0lt$nan$de
mumla	1	word	""mu0m$la
mundering	1	word	mu0n$"de:$rIN
munkavle	1	word	
munskänkens	1	word	""mu0n$%x\EN$kens
muntligt	1	word	""mu0nt$lIkt
murare	1	word	""m}:$ra$re
murars	1	word	""m}:$ras`
murat	1	word	""m}:$rat
murbräckas	1	word	""m}:r$%brE$kas
murbyggnadens	1	word	
murgrönskrans	1	word	
murkrönet	1	word	""m}:r$%kr2:$net
murlod	1	word	
murlodet	1	word	
musiken	1	word	m}:$"si:$ken
musikinstrument	1	word	m}:$""si:k$In$str}:$%mEnt
muskler	1	word	"mu0s$kler
mutade	1	word	""m}:$ta$de
mutors	1	word	""m}:$tUs`
myckenheten	1	word	""mY$ken$%he:$ten
myckenhetens	1	word	""mY$ken$%he:$tens
myggan	1	word	""mY$gan
myggen	1	word	"mY$gen
myndige	1	word	""mYn$dI$ge
myndigheter	1	word	""mYn$dIg$%he:$ter
myran	1	word	""my:$ran
myrorna	1	word	""my:$rU$n`a
myrraberget	1	word	
myrradropp	1	word	
myrragömme	1	word	
myrraolja	1	word	
mysierna	1	word	
mäkta	1	word	""mEk$ta
mäktar	1	word	""mEk$tar
mäktat	1	word	""mEk$tat
mängdens	1	word	"mEN$dens
människoansikte	1	word	""mE$nI$x\U$an$%sIk$te
människoansikten	1	word	""mE$nI$x\U$an$%sIk$ten
människobarnen	1	word	""mE$nI$x\U$%bA:$n`en
människobarnens	1	word	""mE$nI$x\U$%bA:$n`ens
människobarnet	1	word	""mE$nI$x\U$%bA:$n`et
människobild	1	word	
människoblod	1	word	""mE$nI$x\U$%blu:d
människodom	1	word	
människohjärtat	1	word	""mE$nI$x\U$%jE$t`at
människokärlek	1	word	""mE$nI$x\U$%s'E:$l`e:k
människokött	1	word	""mE$nI$x\U$%s'9t
människolära	1	word	
människoläror	1	word	
människomeningar	1	word	
människoord	1	word	
människoröst	1	word	""mE$nI$x\U$%r9st
människoskaror	1	word	""mE$nI$x\U$%skA:$rUr
människoskarorna	1	word	""mE$nI$x\U$%skA:$rU$n`a
människosläktet	1	word	""mE$nI$x\U$%slEk$tet
människosläktets	1	word	""mE$nI$x\U$%slEk$tets
människosäd	1	word	
människosäljare	1	word	
människoverk	1	word	
människovänligt	1	word	""mE$nI$x\U$%vE:n$lIkt
människoäterska	1	word	
människoögon	1	word	
mänskliga	1	word	""mEns$klI$ga
märgbenen	1	word	""mErj$%be:$nen
märgfulla	1	word	""mErj$%fu0$la
märkas	1	word	""mEr$kas
märkes	1	word	""mEr$kes
märkligare	1	word	""mEr$klI$ga$re
mätes	1	word	""mE:$tes
mättare	1	word	""mE$ta$re
mätten	1	word	
mättnad	1	word	""mEt$nad
målad	1	word	
målar	1	word	""mo:$lar
målares	1	word	""mo:$la$res
målat	1	word	""mo:$lat
målföre	1	word	""mo:l$%f2:$re
mållösa	1	word	""mo:l$%l2:$sa
målningar	1	word	""mo:l$nIN$ar
måls	1	word	"mo:ls
målsman	1	word	"mo:ls$man
måltidsstunden	1	word	
måltidstimmen	1	word	
månadens	1	word	""mo:$na$dens
månaderna	1	word	""mo:$na$de$n`a
månadernas	1	word	""mo:$na$de$n`as
månadsflöde	1	word	
månadsreningstid	1	word	
mångbesökta	1	word	
mångdubbelt	1	word	""mON$%du0$belt
mångfaldig	1	word	""mON$%fal$dIg
mångfärgade	1	word	""mON$%fEr$ja$de
mångkunnighet	1	word	""mON$ku0$nIg$%he:t
mångordigt	1	word	""mON$%u:$d`Ikt
mångtusenden	1	word	
mångtusental	1	word	
mångtänkande	1	word	
månvarvens	1	word	""mo:n$%var$vens
måttlighet	1	word	""mOt$lIg$%he:t
måttligt	1	word	""mOt$lIkt
mödosam	1	word	""m2:$dU$%sam
mödrarnas	1	word	""m2:$dra$n`as
mönja	1	word	""m9$nja
mördade	1	word	""m2:$d`a$de
mördande	1	word	""m2:$d`an$de
mördares	1	word	""m2:$d`a$res
mördarnas	1	word	""m2:$d`a$n`as
mördarson	1	word	
mörden	1	word	
mörkare	1	word	""m9r$ka$re
mörkers	1	word	"m9r$kes`
mörknad	1	word	""m9r$knad
möss	1	word	"m9s
mössor	1	word	""m9$sUr
möten	1	word	""m2:$ten
naamiternas	1	word	
nacksena	1	word	""nak$%se:$na
nagelfaren	1	word	""nA:$gel$%fA:$ren
nagla	1	word	""nA:$gla
nakenheten	1	word	""nA:$ken$%he:$ten
nakenhets	1	word	""nA:$ken$%he:ts
naket	1	word	""nA:$ket
namnets	1	word	"nam$nets
namngåvo	1	word	
namnkunnig	1	word	""namn$%ku0$nIg
namnkunnigt	1	word	""namn$%ku0$nIkt
nar	1	word	"nA:r
nardusplantor	1	word	
narr	1	word	"nar
nasaré	1	word	na$sa$"re:
nasaréen	1	word	
nasaréernas	1	word	na$sa$"re:$e$n`as
nasirens	1	word	na$"si:$rens
nasirerna	1	word	na$"si:$re$n`a
nasirlöftet	1	word	
nasirtecken	1	word	
nattkvarter	1	word	""nat$kva$%t`e:r
nattvak	1	word	""nat$%vA:k
navar	1	word	""nA:$var
navelsträng	1	word	""nA:$vel$%strEN
nedanstående	1	word	""ne:$dan$%sto:$en$de
nedbrytes	1	word	""ne:d$%bry:$tes
nederlaget	1	word	""ne:$de$%l`A:$get
nedfalla	1	word	""ne:d$%fa$la
nedfläckad	1	word	""ne:d$%flE$kad
nedgjor	1	word	
nedgrävt	1	word	""ne:d$%grE:ft
nedgången	1	word	""ne:d$%gON$en
nedgören	1	word	
nedhuggen	1	word	""ne:d$%hu0$gen
nedhugges	1	word	
nedhängande	1	word	""ne:d$%hEN$an$de
nedrighet	1	word	""ne:$drIg$%he:t
nedriven	1	word	""ne:d$%ri:$ven
nedrivet	1	word	""ne:d$%ri:$vet
nedrivna	1	word	""ne:d$%ri:v$na
nedsatt	1	word	""ne:d$%sat
nedsjunkna	1	word	
nedskrivit	1	word	""ne:d$%skri:$vIt
nedslås	1	word	""ne:d$%slo:s
nedsmutsad	1	word	""ne:d$%smu0t$sad
nedstjälpt	1	word	
nedstuckna	1	word	""ne:d$%stu0$kna
nedstörtad	1	word	""ne:d$%st9$t`ad
nedstörtande	1	word	""ne:d$%st9$t`an$de
nedstött	1	word	
nedstötta	1	word	
nedsvärta	1	word	""ne:d$%svE$t`a
nedsvärtade	1	word	""ne:d$%svE$t`a$de
nedsvävande	1	word	
nedsänd	1	word	
nedsänkt	1	word	""ne:d$%sENkt
nedsölat	1	word	
nedtaga	1	word	
nedtaget	1	word	""ne:d$%tA:$get
nedtrampa	1	word	""ne:d$%tram$pa
nedtrampat	1	word	
nedtrampning	1	word	
nedtryckta	1	word	
nedtyngd	1	word	""ne:d$%tYNd
nedtyngt	1	word	""ne:d$%tYNt
neftai	1	word	
neftar	1	word	
nejd	1	word	"nEjd
nejden	1	word	"nEj$den
nemueliternas	1	word	
netofatiterna	1	word	
ni	1	word	"ni:
nian	1	word	""ni:$an
niding	1	word	""ni:$dIN
nidingen	1	word	""ni:$dIN$en
nineviterna	1	word	
nitiske	1	word	"ni:$tI$ske
nittioårige	1	word	""nI$tI$U$%o:$rI$ge
njugg	1	word	"nju0g
njuggt	1	word	"nju0kt
njutandet	1	word	
njutit	1	word	""nj}:$tIt
njutningsfylld	1	word	""nj}:t$nINs$%fYld
njöte	1	word	
nogare	1	word	
noggrann	1	word	
nordanhimmelens	1	word	
nordanrymden	1	word	
nordanstormen	1	word	
nordanvind	1	word	""nu:$d`an$%vInd
nordanvinden	1	word	""nu:$d`an$%vIn$den
nordens	1	word	"nu:$d`ens
nordgränsen	1	word	""nu:d`$%grEn$sen
nordlandsfolkets	1	word	
nordlandsskaran	1	word	
nordlig	1	word	""nu:d`$l`Ig
nordostorkanen	1	word	
nordväst	1	word	nu:d`$"vEst
not	1	word	"nu:t
nuu	1	word	
nycklar	1	word	""nY$klar
nycklarna	1	word	""nY$kla$n`a
nye	1	word	""ny:$e
nyfödde	1	word	""ny:$%f9$de
nyfött	1	word	""ny:$%f9t
nyklippta	1	word	""ny:$%klIp$ta
nykterhet	1	word	""nYk$ter$%he:t
nymånadsdagar	1	word	
nymånadsdagarna	1	word	
nyodling	1	word	""ny:$%u:d$lIN
nyomvänd	1	word	
nypa	1	word	""ny:$pa
nyplantat	1	word	
nyskapade	1	word	""ny:$%skA:$pa$de
nystan	1	word	""nY$stan
näbb	1	word	"nEb
näbben	1	word	"nE$ben
nämndas	1	word	""nEmn$das
nämndes	1	word	""nEmn$des
nämnen	1	word	
nämnes	1	word	""nEm$nes
nändes	1	word	""nEn$des
näpse	1	word	
näpsten	1	word	
närande	1	word	""nE:$ran$de
näringsomsorger	1	word	
näsborrar	1	word	""nE:s$%bO$rar
näsringen	1	word	
nästans	1	word	""nE$stans
nätgrop	1	word	
nätten	1	word	
nådastolens	1	word	""no:$da$%stu:$lens
nådefull	1	word	
nådefulla	1	word	
nåderik	1	word	""no:$de$%ri:k
nåderikt	1	word	""no:$de$%ri:kt
nådesbevis	1	word	
nådeshärlighet	1	word	
nådesuppdrag	1	word	
nådiga	1	word	""no:$dI$ga
nådige	1	word	""no:$dI$ge
någondera	1	word	""no:$gOn$de:$ra
nödd	1	word	"n9d
nödgad	1	word	""n9d$gad
nödgat	1	word	
nödhjälpsmedel	1	word	
nödig	1	word	""n2:$dIg
nödiga	1	word	""n2:$dI$ga
nödlidande	1	word	""n2:d$%li:$dan$de
nödrop	1	word	""n2:d$%ru:p
nödställde	1	word	""n2:d$%stEl$de
nödtorft	1	word	""n2:d$%tOrft
nödtorftigt	1	word	""n2:d$%tOrf$tIkt
nödtvånget	1	word	""n2:d$%tvON$et
nödvändighet	1	word	""n2:d$vEn$dIg$%he:t
nöjd	1	word	"n9jd
nöjde	1	word	""n9j$de
nöjer	1	word	"n9$jer
nös	1	word	"n2:s
nöta	1	word	""n2:$ta
nötostar	1	word	
oandligt	1	word	""u:$%and$lIkt
oansenligaste	1	word	""u:$an$%se:n$lI$ga$ste
oavbrutet	1	word	""u:$A:v$%br}:$tet
oavlåtlig	1	word	""u:$A:v$%lo:t$lIg
oavvänt	1	word	""u:$A:v$%vEnt
obanade	1	word	""u:$%bA:$na$de
obarmhärtig	1	word	""u:$barm$%hE$t`Ig
obarmhärtiga	1	word	""u:$barm$%hE$t`I$ga
obarmhärtige	1	word	
obeaktad	1	word	""u:$be$%ak$tad
obebodda	1	word	""u:$be$%bU$da
obefäst	1	word	""u:$be$%fEst
obegraven	1	word	
obegripliga	1	word	""u:$be$%gri:$plI$ga
obegråten	1	word	
obekant	1	word	""u:$be$%kant
obekanta	1	word	""u:$be$%kan$ta
obekymrad	1	word	""u:$be$%s'Ym$rad
obemängt	1	word	
oberedda	1	word	""u:$be$%rE$da
oberoende	1	word	""u:$be$%ru:$en$de
oberäknat	1	word	""u:$be$%rE:$knat
obeskrivligt	1	word	""u:$be$%skri:v$lIkt
obesmittadl	1	word	
obesmittlig	1	word	
obetald	1	word	""u:$be$%tA:ld
obetvinglig	1	word	""u:$be$%tvIN$lIg
obetydlig	1	word	""u:$be$%ty:d$lIg
obetydliga	1	word	""u:$be$%ty:d$lI$ga
obetydligt	1	word	""u:$be$%ty:d$lIkt
obetäckt	1	word	""u:$be$%tEkt
obetänksamma	1	word	""u:$be$tENk$%sa$ma
obilliga	1	word	""u:$%bI$lI$ga
oblyga	1	word	""u:$%bly:$ga
oborttaget	1	word	
obotfärdighet	1	word	
obändig	1	word	""u:$%bEn$dIg
ochhuru	1	word	
ockrare	1	word	""O$kra$re
ockraren	1	word	""O$kra$ren
ocn	1	word	
octi	1	word	
odjuret	1	word	""u:$%j}:$ret
odla	1	word	""u:d$la
odlade	1	word	""u:d$la$de
oduglig	1	word	""u:$%d}:$glIg
oduglige	1	word	""u:$%d}:$glI$ge
odåga	1	word	""u:$%do:$ga
odödlig	1	word	""u:$%d2:d$lIg
odödliga	1	word	""u:$%d2:d$lI$ga
oemotståndlig	1	word	""u:$e$mu:t$%stOnd$lIg
ofarligt	1	word	""u:$%fA:$l`Ikt
offentliga	1	word	U$"fEnt$lI$ga
offerdjuret	1	word	""O$fer$%j}:$ret
offereldsaltarna	1	word	
offerfester	1	word	""O$fer$%fE$ster
offergillen	1	word	
offergärdsdel	1	word	
offergärdslår	1	word	
offergärdsskördar	1	word	
offergåvorna	1	word	""O$fer$%go:$vU$n`a
offerhöjdshusen	1	word	
offerhöjdspräst	1	word	
offerkistan	1	word	
offerkärl	1	word	
offermåltiden	1	word	
offerplats	1	word	""O$fer$%plats
offers	1	word	"O$fes`
offerskålar	1	word	
offerstyckena	1	word	
offertjur	1	word	
offertjänst	1	word	""O$fer$%s'Enst
offertjänsten	1	word	""O$fer$%s'En$sten
offerved	1	word	
offervin	1	word	
offerånga	1	word	
offrades	1	word	""O$fra$des
offrande	1	word	
ofredade	1	word	""u:$%fre:$da$de
ofrivilligt	1	word	""u:$fri:$%vI$lIkt
ofruktbara	1	word	""u:$fru0kt$%bA:$ra
ofruktsammas	1	word	""u:$fru0kt$%sa$mas
ofruktsamt	1	word	""u:$fru0kt$%samt
oftare	1	word	""Of$ta$re
ofärden	1	word	""u:$%fE:$d`en
ofärdiga	1	word	""u:$%fE:$d`I$ga
ofärdsdag	1	word	
oförenligt	1	word	
oförfalskad	1	word	""u:$f9r$%fal$skad
oförfalskade	1	word	""u:$f9r$%fal$ska$de
oförfaren	1	word	
oförfärat	1	word	""u:$f9r$%fE:$rat
oförgängligheten	1	word	
oförmodade	1	word	""u:$f9r$%mu:$da$de
oförmögen	1	word	""u:$f9r$%m2:$gen
oförnuftet	1	word	""u:$f9$%n`u0f$tet
oförnuftigas	1	word	
oförnuftighet	1	word	
oförnuftighets	1	word	
oförrätten	1	word	""u:$f9r$%rE$ten
oförrätts	1	word	""u:$f9r$%rEts
oförsiktigt	1	word	""u:$f9$%s`Ik$tIkt
oförskylt	1	word	
oförstånd	1	word	""u:$f9$%s`t`Ond
oförståndigas	1	word	
oförsynthet	1	word	
oförtäckta	1	word	""u:$f9$%t`Ek$ta
oförutsett	1	word	""u:$f9r$}:t$%sEt
oförvarandes	1	word	""u:$f9r$%vA:$ran$des
oförvissneliga	1	word	
oförvägen	1	word	""u:$f9r$%vE:$gen
oförvägna	1	word	""u:$f9r$%vE:$gna
oförväntat	1	word	
oföränderlig	1	word	""u:$f9$%rEn$de$l`Ig
oförändrat	1	word	""u:$f9r$%En$drat
ogenomtränglig	1	word	""u:$je:$nOm$%trEN$lIg
ogenomträngliga	1	word	""u:$je:$nOm$%trEN$lI$ga
ogift	1	word	""u:$%jIft
ogill	1	word	""u:$%jIl
ogillande	1	word	""u:$%jI$land$de
ogiltigt	1	word	""u:$%jIl$tIkt
ogjorda	1	word	""u:$%ju:$d`a
ogjort	1	word	""u:$%jUt`
ogrumlat	1	word	""u:$%gru0m$lat
ogudaktigare	1	word	
ogudaktigaste	1	word	
ogudaktighets	1	word	""u:$g}:d$ak$tIg$%he:ts
ogunsten	1	word	
ogärningsnäste	1	word	
ohelbara	1	word	
ohelbart	1	word	
ohelgas	1	word	
oheliga	1	word	""u:$%he:$lI$ga
ohjälpliga	1	word	""u:$%jEl$plI$ga
ohulpen	1	word	""u:$%hu0l$pen
ohyfsad	1	word	""u:$%hYf$sad
ohälsa	1	word	""u:$%hEl$sa
ohämbar	1	word	
ohöljd	1	word	""u:$%h9ljd
ohöljt	1	word	""u:$%h9ljt
ohörsamhets	1	word	
ohörsamt	1	word	""u:$h2:$%s`amt
oinskränkt	1	word	""u:$In$%skrENkt
oka	1	word	""u:$ka
okets	1	word	"u:$kets
oklanderligt	1	word	
oklädd	1	word	""u:$%klEd
okränkbar	1	word	""u:$krENk$%bA:r
okränkbarhet	1	word	""u:$krENk$bA:r$%he:t
okränkt	1	word	""u:$%krENkt
okunnigheten	1	word	""u:$ku0$nIg$%he:$ten
okunnighetens	1	word	""u:$ku0$nIg$%he:$tens
okunnighets	1	word	""u:$ku0$nIg$%he:ts
okändes	1	word	
okänsliga	1	word	""u:$%s'En$slI$ga
olag	1	word	""u:$%lA:g
olidlig	1	word	""u:$%li:d$lIg
olidliga	1	word	""u:$%li:d$lI$ga
oliverna	1	word	U$"li:$ve$n`a
olivlöv	1	word	
olivolja	1	word	U$""li:v$%Ol$ja
olivplantering	1	word	
olivplanteringarna	1	word	
olivtelningar	1	word	
oljeflaskan	1	word	
oljeförråden	1	word	
oljehorn	1	word	
oljehornet	1	word	
oljekärl	1	word	
oljeskål	1	word	
oljesmorda	1	word	
oljeströmmar	1	word	
olust	1	word	""u:$%lu0st
olyckliga	1	word	""u:$%lY$klI$ga
olyckliges	1	word	
olycksdag	1	word	""u:$lYks$%dA:g
olycksdagen	1	word	""u:$lYks$%dA:$gen
olycksnätet	1	word	
olyckstid	1	word	
olycksvatten	1	word	
olycksväg	1	word	
olycksänglar	1	word	
olympiske	1	word	U$"lYm$pI$ske
olärd	1	word	""u:$%lE:d`
olärdas	1	word	
olärde	1	word	
omaka	1	word	""u:$%mA:$ka
ombesörjde	1	word	""Om$be$%s9rj$de
ombundet	1	word	
omdana	1	word	""Om$%dA:$na
omedelbart	1	word	""u:$me:$del$%bA:t`
omfamnade	1	word	""Om$%fam$na$de
omfamning	1	word	""Om$%fam$nIN
omfattar	1	word	""Om$%fa$tar
omfattning	1	word	""Om$%fat$nIN
omflöto	1	word	
omfånget	1	word	""Om$%fON$et
omgavs	1	word	""Om$%gA:vs
omgestaltades	1	word	""Om$je$%stal$ta$des
omgivas	1	word	
omgivna	1	word	""Om$%ji:v$na
omgivning	1	word	""O$%mji:v$nIN
omgjordaden	1	word	
omgjordat	1	word	
omgång	1	word	""Om$%gON
omhägnad	1	word	
omhägnaden	1	word	
omhägnas	1	word	
omhöljer	1	word	""Om$%h9l$jer
omigen	1	word	O$mI$"jEn
omkommer	1	word	""Om$%kO$mer
omlindade	1	word	""Om$%lIn$da$de
omlopp	1	word	""Om$%lOp
omogna	1	word	""u:$%mu:$gna
omringad	1	word	
omringas	1	word	""Om$%rIN$as
omskifta	1	word	""Om$%x\If$ta
omskuret	1	word	""Om$%sk}:$ret
omskuros	1	word	
omskär	1	word	""Om$%x\E:r
omskären	1	word	
omsluta	1	word	""Om$%sl}:$ta
omsluten	1	word	""Om$%sl}:$ten
omslöts	1	word	""Om$%sl2:ts
omsnärjde	1	word	
omsnärjer	1	word	
omsnärjt	1	word	
omsorgsfullt	1	word	""Om$sOrjs$%fu0lt
omstämma	1	word	
omständighet	1	word	""Om$stEn$dIg$%he:t
omständigheter	1	word	""Om$stEn$dIg$%he:$ter
omstörtningen	1	word	""Om$%st9t`$n`IN$en
omtöcknas	1	word	""Om$%t9$knas
omutlig	1	word	""u:$%m}:t$lIg
omvälvas	1	word	""Om$%vEl$vas
omvälvdes	1	word	
omvälver	1	word	""Om$%vEl$ver
omvälves	1	word	""Om$%vEl$ves
omvänd	1	word	""Om$%vEnd
omvändelse	1	word	""Om$%vEn$del$se
omvärvda	1	word	""Om$%vErv$da
omväxlande	1	word	""Om$%vEk$sland$de
omänskligt	1	word	""u:$%mEns$klIkt
omätligt	1	word	""u:$%mE:t$lIkt
omättad	1	word	""u:$%mE$tad
omättat	1	word	""u:$%mE$tat
omåttlighets	1	word	""u:$mOt$lIg$%he:ts
omöjligen	1	word	""u:$%m9j$lI$gen
onaturlig	1	word	""u:$na$%t}:r$l`Ig
ondskefull	1	word	""Und$ske$%fu0l
ondskefullaste	1	word	""Und$ske$%fu0$la$ste
oni	1	word	
onjutbar	1	word	""U$nj}:t$%bA:r
onyttiga	1	word	""u:$%nY$tI$ga
onyttigt	1	word	""u:$%nY$tIkt
onyxsten	1	word	
onyxstenarna	1	word	
onödan	1	word	""u:$%n2:$dan
oomskurenhet	1	word	
oomskurens	1	word	""u:$Om$%sk}:$rens
oordentliga	1	word	""u:$U$%d`Ent$lI$ga
oordentligt	1	word	""u:$U$%d`Ent$lIkt
oordningens	1	word	""u:$%o:d`$n`IN$ens
opålitliga	1	word	""u:$po:$%li:t$lI$ga
opålitlighet	1	word	""u:$po:$li:t$lIg$%he:t
opålitligheten	1	word	""u:$po:$li:t$lIg$%he:$ten
ordade	1	word	""u:$d`a$de
ordnar	1	word	""o:d`$n`ar
ordnas	1	word	""o:d`$n`as
ordningar	1	word	""o:d`$n`IN$ar
ordningarna	1	word	""o:d`$n`IN$a$n`a
ordnåde	1	word	
ordspråkens	1	word	""u:d`$%s`pro:$kens
oredliga	1	word	""u:$%re:d$lI$ga
orenheten	1	word	""u:$re:n$%he:$ten
orimligt	1	word	""u:$%rIm$lIkt
orka	1	word	""Or$ka
orkade	1	word	""Or$ka$de
orkeslös	1	word	""Or$kes$%l2:s
ormarna	1	word	""Ur$ma$n`a
ormstungen	1	word	
ormtjusare	1	word	""Urm$%s'}:$sa$re
oroade	1	word	""u:$%ru:$a$de
oroligheterna	1	word	""u:$ru:$lIg$%he:$te$n`a
oroligt	1	word	""u:$%ru:$lIkt
oron	1	word	""u:$ru:n
orsaks	1	word	""u:$s`A:ks
orsdpråk	1	word	
orterna	1	word	""U$t`e$n`a
orubbliga	1	word	""u:$%r}:$blI$ga
orubbligt	1	word	""u:$%r}:$blIkt
oryggligheten	1	word	
orättfärdighetsvapen	1	word	
orättfångna	1	word	
orätts	1	word	
orättvis	1	word	""u:$rEt$%vi:s
orörd	1	word	""u:$%r2:d`
orörliga	1	word	""u:$%r2:$l`I$ga
orörligt	1	word	""u:$%r2:$l`Ikt
osant	1	word	""u:$%sant
osedvanlig	1	word	""u:$se:d$%vA:n$lIg
osedvanliga	1	word	
oset	1	word	"u:$set
oskadat	1	word	""u:$%skA:$dat
oskattbar	1	word	""u:$skat$%bA:r
oskicklig	1	word	""u:$%x\I$klIg
oskrymtade	1	word	
oskärande	1	word	
oskärar	1	word	
osniternas	1	word	
ossieliterna	1	word	
ost	1	word	"Ust
ostar	1	word	""U$star
ostrafflighets	1	word	
osträffad	1	word	
ostämne	1	word	""Ust$%Em$ne
ostörda	1	word	""u:$%st2:$d`a
osviklig	1	word	""u:$%svi:$klIg
osvikliga	1	word	""u:$%svi:$klI$ga
osvikligen	1	word	
osynlig	1	word	""u:$%sy:n$lIg
osynlighet	1	word	""u:$sy:n$lIg$%he:t
osynligt	1	word	""u:$%sy:n$lIkt
osäker	1	word	""u:$%sE:$ker
osäkerhet	1	word	""u:$sE:$ker$%he:t
osämjan	1	word	""u:$%sE$mjan
osårad	1	word	
otack	1	word	""u:$%tak
otacksam	1	word	""u:$tak$%sam
otacksammes	1	word	""u:$tak$%sa$mes
otadliga	1	word	""u:$%tA:d$lI$ga
otaliga	1	word	""u:$%tA:$lI$ga
otaligt	1	word	""u:$%tA:$lIkt
otidigheter	1	word	""u:$ti:$dIg$%he:$ter
otillgänglig	1	word	""u:$tIl$%jEN$lIg
otillgängliga	1	word	""u:$tIl$%jEN$lI$ga
otillåtna	1	word	""u:$tIl$%lo:t$na
otrognas	1	word	""u:$%tru:$gnas
otroligt	1	word	
otroshjärta	1	word	
otukten	1	word	""u:$%tu0k$ten
otuktigt	1	word	""u:$%tu0k$tIkt
otuktssynder	1	word	
otuktsväsen	1	word	
otuktsväsendet	1	word	
otydlig	1	word	""u:$%ty:d$lIg
otämd	1	word	""u:$%tEmd
otålighet	1	word	""u:$to:$lIg$%he:t
otåligt	1	word	
otörstiga	1	word	
oundviklig	1	word	""u:$u0nd$%vi:$klIg
oundvikliga	1	word	""u:$u0nd$%vi:$klI$ga
ouppfostrad	1	word	""u:$u0p$%fU$strad
oupphörligt	1	word	""u:$u0p$%h2:$lIkt
oupptuktat	1	word	
outgrundlig	1	word	""u:$}:t$%gru0nd$lIg
outrannsaklig	1	word	
outrannsakligt	1	word	
outsäglig	1	word	""u:$}:t$%sEj$lIg
outsägligt	1	word	""u:$}:t$%sEj$lIkt
outtalad	1	word	""u:$}:t$%tA:$lad
ovanefter	1	word	
ovanom	1	word	
ovansklig	1	word	""u:$%vans$klIg
ovanskligt	1	word	
ovanstående	1	word	""o:$van$%sto:$en$de
oviktigt	1	word	""u:$%vIk$tIkt
ovilliga	1	word	""u:$%vI$lI$ga
ovise	1	word	""u:$%vi:$se
ovisshet	1	word	""u:$vIs$%he:t
ovisst	1	word	""u:$%vIst
ovädrets	1	word	""u:$%vE:$drets
ovägda	1	word	
ovänd	1	word	
ovännerna	1	word	""u:$%vE$ne$n`a
oväntade	1	word	""u:$%vEn$ta$de
ovärdige	1	word	
oväsen	1	word	""u:$%vE:$sen
ovånnen	1	word	
oxarnas	1	word	""Uk$sa$n`as
oxars	1	word	""Uk$sas`
oxens	1	word	""Uk$sens
oxpar	1	word	""Uks$%pA:r
oxpik	1	word	
oxpikarnas	1	word	
oxpiken	1	word	
oädla	1	word	""u:$%E:d$la
oärlig	1	word	""u:$%E:$l`Ig
oärlighet	1	word	""u:$E:$l`Ig$%he:t
oåtkomliga	1	word	""u:$o:t$%kOm$lI$ga
oövervinnlig	1	word	
oövervinnliga	1	word	
packade	1	word	""pa$ka$de
packat	1	word	""pa$kat
packe	1	word	""pa$ke
packsäckar	1	word	
palatslika	1	word	
palatstält	1	word	
pall	1	word	"pal
palluiternas	1	word	
palmstammar	1	word	
palmträdet	1	word	
palmträds	1	word	
palmträdsvippor	1	word	
pannband	1	word	""pan$%band
pansaren	1	word	""pan$sa$ren
pantade	1	word	""pan$ta$de
pantern	1	word	"pan$ten`
pantrarnas	1	word	""pan$tra$n`as
pantsätta	1	word	""pant$%sE$ta
papper	1	word	""pa$per
paradis	1	word	""pA:$ra$%di:s
parar	1	word	""pA:$rar
paret	1	word	"pA:$ret
park	1	word	"park
parker	1	word	""par$ker
parkers	1	word	""par$kes`
parningstid	1	word	
parningstiden	1	word	
parten	1	word	"pA:$t`en
parter	1	word	""pA:$t`er
parterna	1	word	""pA:$t`e$n`a
parternas	1	word	""pA:$t`e$n`as
partier	1	word	pa$"t`i:$er
partimening	1	word	
partimeningar	1	word	
partiskhet	1	word	""pA:$t`Isk$%he:t
partiskt	1	word	"pA:$t`Iskt
passaren	1	word	""pa$sa$ren
pekar	1	word	""pe:$kar
pekodéer	1	word	
pelarförhuset	1	word	
pelargångar	1	word	""pe:$lar$%gON$ar
peletiten	1	word	
pelikan	1	word	pe$lI$"kA:n
pelikaner	1	word	pe$lI$"kA:$ner
penningavgifterna	1	word	
penningbegäret	1	word	""pE$nIN$be$%jE:$ret
penningbelopp	1	word	""pE$nIN$be$%lOp
penningböter	1	word	
penningen	1	word	""pE$nIN$en
penningens	1	word	""pE$nIN$ens
penninglastade	1	word	
penningpungar	1	word	""pE$nIN$%pu0N$ar
penningpungarna	1	word	""pE$nIN$%pu0N$a$n`a
penningvärdet	1	word	""pE$nIN$%vE:$d`et
penningväsen	1	word	
pennkniven	1	word	""pEn$%kni:$ven
pennor	1	word	""pE$nUr
pennorna	1	word	""pE$nU$n`a
peresiternas	1	word	
pergamentskrifterna	1	word	
perisséer	1	word	
perser	1	word	"pE$s`er
perserkonungen	1	word	""pE$s`er$%ko:$nu0N$en
persernas	1	word	"pE$s`e$n`as
persiska	1	word	"pE$s`I$ska
personliga	1	word	pe$"s`u:n$lI$ga
persons	1	word	pe$"s`u:ns
pilormen	1	word	
piltar	1	word	""pIl$tar
pilträden	1	word	""pi:l$%trE:$den
pinade	1	word	""pi:$na$de
pinades	1	word	""pi:$na$des
pingla	1	word	""pIN$la
pingsten	1	word	"pIN$sten
pinne	1	word	""pI$ne
pinoorten	1	word	
pinorum	1	word	""pi:$nU$%ru0m
pirgatonit	1	word	
piskad	1	word	
piskor	1	word	""pI$skUr
pistacienötter	1	word	
planerna	1	word	""plA:$ne$n`a
plankverk	1	word	
planlagda	1	word	
plantat	1	word	
planterad	1	word	
planteringar	1	word	plan$"te:$rIN$ar
planteringsmännen	1	word	
pliktfälla	1	word	
plogbill	1	word	""plu:g$%bIl
plogbillarna	1	word	""plu:g$%bI$la$n`a
pluggarna	1	word	""plu0$ga$n`a
plundrad	1	word	
plundringen	1	word	""plu0n$drIN$en
plågaren	1	word	""plo:$ga$ren
plånas	1	word	""plo:$nas
plåstrar	1	word	""plO$strar
plåtarna	1	word	""plo:$ta$n`a
plöjare	1	word	""pl9$ja$re
plöjd	1	word	"pl9jd
plöjningstiden	1	word	
plötsliga	1	word	""pl9t$slI$ga
polerad	1	word	
polerar	1	word	pU$"le:$rar
polerat	1	word	pU$"le:$rat
poppel	1	word	"pO$pel
popplar	1	word	""pO$plar
portdörren	1	word	
porttaket	1	word	
porttröskeln	1	word	
portvakterskan	1	word	
portöppningen	1	word	""pUt`$%9p$nIN$en
portöppningens	1	word	""pUt`$%9p$nIN$ens
praktbyggnaderna	1	word	
praktbår	1	word	
praktfulla	1	word	""prakt$%fu0$la
praktklädnad	1	word	
praktstycke	1	word	
prasslande	1	word	
prata	1	word	""prA:$ta
pratmakare	1	word	""prA:t$%mA:$ka$re
predikande	1	word	pre$"di:$kan$de
predikarens	1	word	pre$"di:$ka$rens
presskaren	1	word	
prisande	1	word	""pri:$san$de
proberare	1	word	prU$""be:$ra$re
profeteraden	1	word	
profeteren	1	word	
profetlärjungar	1	word	
profetlärljunge	1	word	
profets	1	word	prU$"fe:ts
profetsynen	1	word	
profetsynerna	1	word	
profetsynernas	1	word	
provinserna	1	word	prU$"vIn$se$n`a
prunkade	1	word	""pru0N$ka$de
pryden	1	word	
prydlig	1	word	""pry:d$lIg
prydliga	1	word	""pry:d$lI$ga
prydligt	1	word	""pry:d$lIkt
prydnaden	1	word	""pry:d$na$den
präktigare	1	word	""prEk$tI$ga$re
präktigaste	1	word	""prEk$tI$ga$ste
präststaden	1	word	
präststäderna	1	word	
prästsyssla	1	word	
prästtjänst	1	word	""prEst$%s'Enst
prästämbetet	1	word	""prEst$Em$%be:$tet
pråls	1	word	"pro:ls
prövats	1	word	""pr2:$vats
prövningens	1	word	""pr2:v$nIN$ens
psalmen	1	word	"sal$men
psalmerna	1	word	""sal$me$n`a
puckelryggig	1	word	""pu0$kel$%rY$gIg
pucklar	1	word	""pu0$klar
pukornas	1	word	""p}:$kU$n`as
pukors	1	word	""p}:$kUs`
pulver	1	word	"pu0l$ver
pungarna	1	word	""pu0N$a$n`a
puniternas	1	word	
punkt	1	word	"pu0Nkt
punkterna	1	word	""pu0Nk$te$n`a
purjolöken	1	word	""pu0r$jU$%l2:$ken
purpmr	1	word	
purpurglans	1	word	
purpurkrämerska	1	word	
purpurmanteln	1	word	""pu0r$pu0r$%man$teln
purpurtyg	1	word	""pu0r$pu0$%t`y:g
purpurtyger	1	word	""pu0r$pu0$%t`y:$ger
pust	1	word	"pu0st
pusta	1	word	""pu0$sta
pustar	1	word	""pu0$star
putiterna	1	word	
puts	1	word	"pu0ts
pärlerader	1	word	
pärlglänsande	1	word	""pE:l`$%glEn$san$de
påbjuda	1	word	""po:$%bj}:$da
påbjuden	1	word	
påbjudes	1	word	""po:$%bj}:$des
påbjudet	1	word	""po:$%bj}:$det
påbördat	1	word	
påföljande	1	word	""po:$%f9l$jan$de
påhängda	1	word	""po:$%hEN$da
påkalla	1	word	""po:$%ka$la
påkommande	1	word	
pålagda	1	word	
pålagor	1	word	""po:$%lA:$gUr
pålagt	1	word	
pålar	1	word	""po:$lar
pålägger	1	word	
pålägges	1	word	
påminnelsemärke	1	word	
påpekade	1	word	""po:$%pe:$ka$de
påse	1	word	""po:$se
påskalammen	1	word	""pO$ska$%la$men
påskhögtidens	1	word	""pOsk$h9k$%ti:$dens
påskynda	1	word	""po:$%x\Yn$da
påskyndade	1	word	""po:$%x\Yn$da$de
påskyndat	1	word	""po:$%x\Yn$dat
påskynden	1	word	
påstod	1	word	""po:$%stu:d
påstodo	1	word	
påstån	1	word	
påstås	1	word	""po:$%sto:s
påtagit	1	word	""po:$%tA:$gIt
påträffad	1	word	""po:$%trE$fad
påtänd	1	word	""po:$%tEnd
påvisa	1	word	""po:$%vi:$sa
påvisade	1	word	""po:$%vi:$sa$de
pöl	1	word	"p2:l
pölen	1	word	"p2:$len
raafågeln	1	word	
rade	1	word	
radens	1	word	"rA:$dens
raderna	1	word	""rA:$de$n`a
raglade	1	word	""rA:$gla$de
raglen	1	word	
rakar	1	word	""rA:$kar
raklång	1	word	""rA:k$%lON
ramatiten	1	word	
ramen	1	word	"rA:$men
ramhovar	1	word	
rankan	1	word	""raN$kan
rannsaken	1	word	
rannsakningen	1	word	""ran$%sA:$knIN$en
rappa	1	word	""ra$pa
rapphöna	1	word	""rap$%h2:$na
rapphöns	1	word	""rap$%h9ns
rasade	1	word	""rA:$sa$de
rask	1	word	"rask
raskt	1	word	"raskt
rassla	1	word	""ra$sla
rastade	1	word	""ra$sta$de
rastar	1	word	""ra$star
redbar	1	word	""re:d$%bA:r
redbart	1	word	""re:d$%bA:t`
redig	1	word	""re:$dIg
redigt	1	word	""re:$dIkt
redligaste	1	word	""re:d$lI$ga$ste
redogöra	1	word	""re:$dU$%j2:$ra
regeringar	1	word	re$"je:$rIN$ar
regler	1	word	"re:$gler
reglerna	1	word	"re:$gle$n`a
regnar	1	word	""rEN$nar
regnbäckar	1	word	
regnbåge	1	word	""rENn$%bo:$ge
regnflödes	1	word	
regnflödet	1	word	
regnig	1	word	""rEN$nIg
regnmoln	1	word	""rENn$%mo:ln
regnskuren	1	word	""rENn$%sk}:$ren
remmar	1	word	""rE$mar
renades	1	word	""re:$na$des
renhetens	1	word	""re:n$%he:$tens
renhjärtade	1	word	""re:$%njE$t`a$de
reningar	1	word	""re:$nIN$ar
reningarna	1	word	""re:$nIN$a$n`a
reningens	1	word	""re:$nIN$ens
reningsvatten	1	word	
rensade	1	word	""rEn$sa$de
rensen	1	word	"rEn$sen
rentvagen	1	word	
resars	1	word	""re:$sas`
resas	1	word	""re:$sas
reskamrat	1	word	""re:s$kam$%rA:t
resligare	1	word	""re:$slI$ga$re
ressällskapet	1	word	""re:s$sEl$%skA:$pet
resterna	1	word	""rE$ste$n`a
restes	1	word	""re:$stes
retades	1	word	""re:$ta$des
retas	1	word	""re:$tas
rett	1	word	"rEt
revbenet	1	word	""re:v$%be:$net
ricinbuske	1	word	rI$""si:n$%bu0$ske
ricinbuskens	1	word	rI$""si:n$%bu0$skens
riden	1	word	""ri:$den
rider	1	word	"ri:$der
rigel	1	word	""ri:$gel
rigelns	1	word	""ri:$gelns
rigla	1	word	""ri:$gla
riglat	1	word	""ri:$glat
rikaste	1	word	""ri:$ka$ste
rikenas	1	word	""ri:$ke$nas
rikens	1	word	""ri:$kens
riksenheten	1	word	
riksförrädaren	1	word	
riksförvaltare	1	word	
riksstyrelsen	1	word	
riktar	1	word	""rIk$tar
rikten	1	word	
rildig	1	word	
ringakta	1	word	""rIN$%ak$ta
ringaktar	1	word	""rIN$%ak$tar
ringaktat	1	word	
ringaktning	1	word	""rIN$%akt$nIN
ringas	1	word	""rIN$as
ringes	1	word	""rIN$es
ringmur	1	word	""rIN$%m}:r
ringmuren	1	word	""rIN$%m}:$ren
ristade	1	word	""rI$sta$de
ristar	1	word	""rI$star
rister	1	word	""rI$ster
ritade	1	word	""ri:$ta$de
ritstift	1	word	""ri:t$%stIft
rivet	1	word	""ri:$vet
rned	1	word	
rnen	1	word	
rnot	1	word	
rnå	1	word	
rodanéerna	1	word	
rodde	1	word	""rU$de
roddflotta	1	word	
roder	1	word	"ru:$der
rodren	1	word	"ru:$dren
romarnas	1	word	""rU$ma$n`as
ron	1	word	"ru:n
ropaden	1	word	
ropades	1	word	""ru:$pa$des
ropandes	1	word	
ropas	1	word	""ru:$pas
rosar	1	word	""ru:$sar
rosenbuske	1	word	""ru:$sen$%bu0$ske
rosenbusken	1	word	""ru:$sen$%bu0$sken
rosenknoppar	1	word	""ru:$seN$%knO$par
rosor	1	word	""ru:$sUr
rosta	1	word	""rO$sta
rostat	1	word	""rO$stat
rostfläckarna	1	word	""rOst$%flE$ka$n`a
rostiga	1	word	""rO$stI$ga
rotar	1	word	""ru:$tar
rotfäst	1	word	""ru:t$%fEst
rotskotten	1	word	""ru:t$%skO$ten
rott	1	word	"rUt
rovfågel	1	word	""ru:v$%fo:$gel
rovgirige	1	word	""ru:v$%ji:$rI$ge
rrott	1	word	
rubba	1	word	""r}:$ba
rubbas	1	word	""r}:$bas
rubeniten	1	word	
rullande	1	word	""ru0$land$de
rullar	1	word	""ru0$lar
rullas	1	word	""ru0$las
rummen	1	word	"ru0$men
runda	1	word	""ru0n$da
rundad	1	word	
rundel	1	word	""ru0n$del
rundkaka	1	word	
rundklippa	1	word	
rundlar	1	word	""ru0nd$lar
rundning	1	word	""ru0nd$nIN
runno	1	word	
rus	1	word	"r}:s
rusande	1	word	""r}:$san$de
rusig	1	word	""r}:$sIg
rusiga	1	word	""r}:$sI$ga
rustad	1	word	""ru0$stad
rustas	1	word	""ru0$stas
rusten	1	word	
rustkammare	1	word	""ru0st$%ka$ma$re
ruta	1	word	""r}:$ta
ruttnande	1	word	
ruttnar	1	word	""ru0t$nar
rycke	1	word	
rycken	1	word	"rY$ken
ryggarna	1	word	""rY$ga$n`a
ryggraden	1	word	""rYg$%rA:$den
ryggstycke	1	word	""rYg$%stY$ke
ryggstödet	1	word	""rYg$%st2:$det
ryker	1	word	"ry:$ker
rymden	1	word	"rYm$den
rymder	1	word	""rYm$der
rymmas	1	word	""rY$mas
rysande	1	word	""ry:$san$de
ryser	1	word	"ry:$ser
ryste	1	word	""ry:$ste
rytandet	1	word	
rytarens	1	word	
ryttarens	1	word	""rY$ta$rens
ryttarhären	1	word	
ryttarskaror	1	word	""rY$ta$%s`kA:$rUr
räckas	1	word	
räcken	1	word	""rE$ken
räddades	1	word	""rE$da$des
räddats	1	word	""rE$dats
rädde	1	word	""rE$de
räddes	1	word	""rE$des
räddningstecken	1	word	
räfstetider	1	word	
räknaden	1	word	
räkne	1	word	
räkningen	1	word	""rE:$knIN$en
rämnor	1	word	""rEm$nUr
rämnorna	1	word	""rEm$nU$n`a
ränder	1	word	"rEn$der
ränkfulle	1	word	""rENk$%fu0$le
ränna	1	word	""rE$na
rännilar	1	word	""rE$%ni:$lar
rännor	1	word	""rE$nUr
ränseln	1	word	""rEn$seln
ränslar	1	word	""rEn$slar
räntor	1	word	""rEn$tUr
rätade	1	word	""rE:$ta$de
rätas	1	word	""rE:$tas
rätsidan	1	word	""rE:t$%si:$dan
rättan	1	word	""rE$tan
rättesnöre	1	word	""rE$te$%sn2:$re
rättfärd	1	word	
rättfärdigaste	1	word	""rEt$%fE:$d`I$ga$ste
rättfärdiggjort	1	word	
rättfärdiggörelse	1	word	""rEt$fE:$d`Ig$%j2:$rel$se
rättfärdiggörelsedom	1	word	
rättfärdiggörelsedomen	1	word	
rättfärdiggörelses	1	word	""rEt$fE:$d`Ig$%j2:$rel$ses
rättfärdighetsgärningar	1	word	
rättfärdighetsgåvan	1	word	
rättfärdighetslag	1	word	
rättfärdighetsvapen	1	word	
rättigheten	1	word	""rE$tIg$%he:$ten
rättrådiga	1	word	
rättrådigt	1	word	
rätts	1	word	"rEts
rättsbetjänterna	1	word	""rEts$be$%s'E:n$te$n`a
rättsfråga	1	word	""rEts$%fro:$ga
rättsförordningar	1	word	
rättsgrunder	1	word	""rEts$%gru0n$der
rättshandlingar	1	word	""rEts$%hand$lIN$ar
rättsinne	1	word	
rättsinnige	1	word	""rEt$%sI$nI$ge
rättssaker	1	word	""rEts$%sA:$ker
rättstjänare	1	word	
rättstvister	1	word	""rEts$%tvI$ster
rättsutslag	1	word	
räv	1	word	"rE:v
räven	1	word	"rE:$ven
råa	1	word	""ro:$a
rådande	1	word	""ro:$dan$de
råde	1	word	""ro:$de
rådets	1	word	"ro:$dets
rådfråga	1	word	""ro:d$%fro:$ga
rådfrågade	1	word	""ro:d$%fro:$ga$de
rådfrågar	1	word	""ro:d$%fro:$gar
rådfrågat	1	word	""ro:d$%fro:$gat
rådfört	1	word	
rådighet	1	word	""ro:$dIg$%he:t
rådlöst	1	word	""ro:d$%l2:st
rådplägade	1	word	
rådplägande	1	word	""ro:d$%plE:$gan$de
rådplägat	1	word	
rådplägningar	1	word	""ro:d$%plE:$gnIN$ar
rådplägningen	1	word	""ro:d$%plE:$gnIN$en
rådslagit	1	word	
rådslutet	1	word	
rådsluts	1	word	
rådslån	1	word	
rådssammanträde	1	word	
rådvilla	1	word	""ro:d$%vI$la
rådvillheten	1	word	""ro:d$vIl$%he:$ten
rådvis	1	word	
råhet	1	word	""ro:$%he:t
råmande	1	word	""ro:$man$de
råmar	1	word	""ro:$mar
råmärken	1	word	""ro:$%mEr$ken
råmärkflyttares	1	word	
rödaktiga	1	word	""r2:d$%ak$tI$ga
rödaktigt	1	word	""r2:d$%ak$tIkt
rödare	1	word	""r2:$da$re
rödlätt	1	word	""r2:d$%lEt
rödlöken	1	word	""r2:d$%l2:$ken
röjda	1	word	""r9j$da
röjes	1	word	""r9$jes
rökelsealtare	1	word	
rökelseaska	1	word	
rökelseaskan	1	word	
rökelseblandning	1	word	
rökelsedoftande	1	word	
rökelseharts	1	word	
rökelsekaret	1	word	""r2:$kel$se$%kA:$ret
rökelsens	1	word	""r2:$kel$sens
rökelseträd	1	word	
rökfång	1	word	""r2:k$%fON
rökpelaren	1	word	""r2:k$%pe:$la$ren
rökstoder	1	word	
rökte	1	word	""r2:k$te
rörlig	1	word	""r2:$l`Ig
rörligaste	1	word	""r2:$l`I$ga$ste
rörligt	1	word	""r2:$l`Ikt
rörskepp	1	word	
rörstav	1	word	
röset	1	word	
röstade	1	word	""r9$sta$de
rösts	1	word	"r9sts
rötternas	1	word	"r9$te$n`as
rövar	1	word	""r2:$var
rövarhänder	1	word	
rövarna	1	word	""r2:$va$n`a
rövats	1	word	""r2:$vats
sabadéer	1	word	
sabbatens	1	word	"sa$ba$tens
sabbatsbrännoffret	1	word	
sabbatsgången	1	word	
sabbatsvilans	1	word	
sabbatsår	1	word	""sa$bats$%o:r
sadeltäcken	1	word	""sA:$del$%tE$ken
sadlat	1	word	
saffran	1	word	""sa$fran
safiren	1	word	sa$"fi:$ren
safirens	1	word	sa$"fi:$rens
saftrika	1	word	
sagda	1	word	""sag$da
sakens	1	word	"sA:$kens
saktmodigt	1	word	""sakt$%mu:$dIkt
salens	1	word	"sA:$lens
salta	1	word	""sal$ta
saltas	1	word	""sal$tas
saltberedning	1	word	
saltdammarna	1	word	
saltgrop	1	word	
salthedar	1	word	
saltskatten	1	word	
saltstod	1	word	""salt$%stu:d
saltstoden	1	word	""salt$%stu:$den
saltöknen	1	word	""salt$%2:$knen
salvan	1	word	""sal$van
salvoberedaren	1	word	
salvoberedarna	1	word	
salvoberederskor	1	word	
salvokokares	1	word	
salvorna	1	word	""sal$vU$n`a
samarbete	1	word	""sa$mar$%be:$te
samariter	1	word	sa$ma$"ri:$ter
samfund	1	word	""sam$%fu0nd
samfärdseln	1	word	""sam$%fE:d`$s`eln
samhälle	1	word	""sam$%hE$le
samhällsordningen	1	word	""sam$hEls$%o:d`$n`IN$en
samliv	1	word	""sam$%li:v
samlivet	1	word	""sam$%li:$vet
sammaledes	1	word	""sa$ma$%le:$des
sammandrabbningar	1	word	""sa$man$%drab$nIN$ar
sammandrabbningen	1	word	""sa$man$%drab$nIN$en
sammandraget	1	word	""sa$man$%drA:$get
sammanfattas	1	word	""sa$man$%fa$tas
sammanfattning	1	word	""sa$man$%fat$nIN
sammanfogade	1	word	""sa$man$%fu:$ga$de
sammangaddade	1	word	""sa$maN$%ga$da$de
sammangaddning	1	word	
sammanhållande	1	word	""sa$man$%hO$land$de
sammanhåller	1	word	""sa$man$%hO$ler
sammanslutes	1	word	""sa$man$%sl}:$tes
sammanslutet	1	word	""sa$man$%sl}:$tet
sammanställa	1	word	""sa$man$%stE$la
sammanträffade	1	word	""sa$man$%trE$fa$de
sammanvuxna	1	word	""sa$man$%vu0k$sna
sammanvävde	1	word	
samråd	1	word	""sam$%ro:d
samsummiter	1	word	
samtaladen	1	word	
samtida	1	word	""sam$%ti:$da
samtliga	1	word	""samt$lI$ga
samtyckt	1	word	""sam$%tYkt
samvaron	1	word	""sam$%vA:$rUn
samverkade	1	word	""sam$%vEr$ka$de
samverkar	1	word	""sam$%vEr$kar
samvetet	1	word	""sam$%ve:$tet
samvetskval	1	word	""sam$ve:ts$%kvA:l
sandblandad	1	word	""sand$%bland$dad
sandig	1	word	""san$dIg
sandkorn	1	word	""sand$%ku:n`
sandkornen	1	word	""sand$%ku:$n`en
sank	1	word	"saNk
sannas	1	word	""sa$nas
sannings	1	word	""sa$nINs
sanningslöst	1	word	""sa$nINs$%l2:st
sansen	1	word	"san$sen
sardonyx	1	word	sa$"d`u:$nYks
sargad	1	word	
sargar	1	word	
sargat	1	word	""sar$jat
sargen	1	word	"sar$jen
saroniten	1	word	
sauliternas	1	word	
schakal	1	word	x\a$"kA:l
schakalers	1	word	x\a$"kA:$les`
schakt	1	word	"x\akt
scharlakansrött	1	word	
schibbolet	1	word	"x\I$bU$let
sebuloniternas	1	word	
sedefördärv	1	word	""se:$de$f9$%d`Erv
sedvanliga	1	word	""se:d$%vA:n$lI$ga
seendes	1	word	""se:$en$des
sefarviterna	1	word	
sefoniternas	1	word	
segel	1	word	"se:$gel
segerbytenas	1	word	""se:$ger$%by:$te$nas
segerfest	1	word	""se:$ger$%fEst
segerkransen	1	word	""se:$ger$%kran$sen
segerlön	1	word	
segerns	1	word	"se:$gen`s`
segerstolt	1	word	""se:$ge$%s`t`Olt
segersång	1	word	""se:$ge$%s`ON
segertåg	1	word	""se:$ge$%t`o:g
segervinnare	1	word	
seglet	1	word	"se:$glet
seglingen	1	word	""se:$glIN$en
segra	1	word	""se:$gra
segrar	1	word	""se:$grar
sekreterarens	1	word	se$kre$""te:$ra$rens
selaniternas	1	word	
semer	1	word	
semidaiternas	1	word	
semla	1	word	""sEm$la
senaste	1	word	""se:$na$ste
senfärdiga	1	word	""se:n$%fE:$d`I$ga
senhösten	1	word	""se:n$%h9$sten
senorna	1	word	""se:$nU$n`a
sensträngarna	1	word	""se:n$%strEN$a$n`a
sensäd	1	word	
seraferna	1	word	se$"rA:$fe$n`a
serediternas	1	word	
sexhundraförsta	1	word	
sextioen	1	word	sek$stI$U$"En
sextionio	1	word	sek$stI$U$""ni:$U
siares	1	word	""si:$a$res
sibbolet	1	word	
sidendamast	1	word	""si:$den$da$%mast
sidokammaren	1	word	
sidoniskor	1	word	
sidostöd	1	word	
sidoväggarna	1	word	
sidoväggen	1	word	
sifiter	1	word	
sifmiten	1	word	
sigillbevarare	1	word	sI$""jIl$be$%vA:$ra$re
signa	1	word	""sIN$na
signal	1	word	sIN$"nA:l
signaleld	1	word	sIN$""nA:l$%Eld
signare	1	word	
signetet	1	word	sIN$"ne:$tet
sikemiterna	1	word	
sikemiternas	1	word	
siklarna	1	word	""si:$kla$n`a
sikta	1	word	""sIk$ta
siktades	1	word	""sIk$ta$des
siktat	1	word	""sIk$tat
sikte	1	word	""sIk$te
sila	1	word	""si:$la
silen	1	word	"si:$len
silke	1	word	""sIl$ke
sillemiternas	1	word	
siloniten	1	word	
silonitens	1	word	
siloniterna	1	word	
silverarbetare	1	word	
silverborden	1	word	
silverbägare	1	word	""sIl$ver$%bE:$ga$re
silverbägaren	1	word	""sIl$ver$%bE:$ga$ren
silverbägarna	1	word	""sIl$ver$%bE:$ga$n`a
silverglasering	1	word	
silverhår	1	word	""sIl$ver$%ho:r
silverkedjor	1	word	""sIl$ver$%s'e:d$jUr
silverkulor	1	word	""sIl$ver$%k}:$lUr
silverkärlen	1	word	
silverlampor	1	word	
silverljusstakarna	1	word	""sIl$ver$j}:s$%stA:$ka$n`a
silverplåt	1	word	
silversnöret	1	word	
silverstycken	1	word	
silvertalenter	1	word	
simeatiterna	1	word	
simeiternas	1	word	
simkunniga	1	word	""sIm$%ku0$nI$ga
simmade	1	word	""sI$ma$de
simmande	1	word	""sI$man$de
simmar	1	word	""sI$mar
simmaren	1	word	""sI$ma$ren
simroniternas	1	word	
sinande	1	word	
sinar	1	word	""si:$nar
sinnat	1	word	""sI$nat
sinnebild	1	word	""sI$ne$%bIld
sinnesförvirring	1	word	""sI$nes$f9r$%vI$rIN
sinnesstämning	1	word	""sI$nes$%stEm$nIN
sinnets	1	word	""sI$nets
sinéernas	1	word	
sirater	1	word	sI$"rA:$ter
siraterna	1	word	sI$"rA:$te$n`a
sistkomna	1	word	""sIst$%kOm$na
sittplats	1	word	""sIt$%plats
sjufaldig	1	word	""x\}:$%fal$dIg
sjufaldigt	1	word	""x\}:$%fal$dIkt
sjukbädden	1	word	""x\}:k$%bE$den
sjukdomarna	1	word	""x\}:k$%dU$ma$n`a
sjukdomsande	1	word	
sjukläger	1	word	""x\}:k$%lE:$ger
sjuksängen	1	word	""x\}:k$%sEN$en
sjukvård	1	word	""x\}:k$%vo:d`
sjungande	1	word	""x\u0N$an$de
sjunge	1	word	
sjutal	1	word	
sjuttiofalt	1	word	
sjuåriga	1	word	""x\}:$%o:$rI$ga
själens	1	word	"x\E:$lens
själskrafter	1	word	""x\E:ls$%kraf$ter
självgod	1	word	""x\Elv$%gu:d
självgodhet	1	word	""x\Elv$gu:d$%he:t
självkloka	1	word	
självlysande	1	word	
självrunnen	1	word	
självspilling	1	word	""x\Elv$%spI$lIN
självsvåldig	1	word	""x\Elvs$%vOl$dIg
självvalt	1	word	""x\Elv$%vA:lt
sjöarna	1	word	""x\2:$a$n`a
sjöfarande	1	word	""x\2:$%fA:$ran$de
sjöfarten	1	word	""x\2:$%fA:$t`en
sjögräs	1	word	""x\2:$%grE:s
sjöledes	1	word	""x\2:$%le:$des
sjöngos	1	word	
sjöngs	1	word	"x\9Ns
sjöresan	1	word	""x\2:$%re:$san
sjösidan	1	word	""x\2:$%si:$dan
sjöstranden	1	word	""x\2:$%stran$den
skadad	1	word	""skA:$dad
skadedjurens	1	word	""skA:$de$%j}:$rens
skadedjurs	1	word	""skA:$de$%j}:s`
skadliga	1	word	""skA:d$lI$ga
skador	1	word	""skA:$dUr
skaffas	1	word	""ska$fas
skaffe	1	word	
skaftet	1	word	"skaf$tet
skakat	1	word	""skA:$kat
skakning	1	word	""skA:$knIN
skalade	1	word	""skA:$la$de
skalar	1	word	""skA:$lar
skalder	1	word	""skal$der
skalderna	1	word	""skal$de$n`a
skallade	1	word	""ska$la$de
skalligt	1	word	""ska$lIkt
skallror	1	word	""skal$rUr
skamfläck	1	word	""skam$%flEk
skamlöses	1	word	""skam$%l2:$ses
skamlöst	1	word	""skam$%l2:st
skams	1	word	"skams
skapas	1	word	""skA:$pas
skapelsens	1	word	""skA:$pel$sens
skapelser	1	word	""skA:$pel$ser
skaplynnen	1	word	""skA:p$%lY$nen
skapnad	1	word	""skA:p$nad
skarornas	1	word	""skA:$rU$n`as
skarpare	1	word	""skar$pa$re
skattad	1	word	
skattade	1	word	""ska$ta$de
skattar	1	word	""ska$tar
skattefrihet	1	word	""ska$te$fri:$%he:t
skattefritt	1	word	""ska$te$%frIt
skattelindring	1	word	""ska$te$%lIn$drIN
skattepenningen	1	word	""ska$te$%pE$nIN$en
skatteräknaren	1	word	
skattevägaren	1	word	
skattindrivare	1	word	
skattlägga	1	word	
skattmästaren	1	word	""skat$%mE$sta$ren
skattmästarna	1	word	""skat$%mE$sta$n`a
skattskrivas	1	word	""skat$%skri:$vas
skenfagert	1	word	
skengudar	1	word	
skeppares	1	word	""x\E$pa$res
skeppets	1	word	"x\E$pets
skeppsmanskap	1	word	
skeppsredskapen	1	word	
skickaden	1	word	
skickades	1	word	""x\I$ka$des
skickelse	1	word	""x\I$kel$se
skickelser	1	word	""x\I$kel$ser
skida	1	word	""x\i:$da
skiftat	1	word	""x\If$tat
skiftesman	1	word	""x\If$tes$%man
skiftningar	1	word	""x\Ift$nIN$ar
skildra	1	word	""x\Il$dra
skildringar	1	word	""x\Il$drIN$ar
skildringarna	1	word	""x\Il$drIN$a$n`a
skiljedomare	1	word	""x\Il$je$%dU$ma$re
skiljedomares	1	word	""x\Il$je$%dU$ma$res
skiljeman	1	word	""x\Il$je$%man
skiljemuren	1	word	
skiljevägg	1	word	""x\Il$je$%vEg
skimra	1	word	""x\Im$ra
skimrar	1	word	""x\Im$rar
sking	1	word	
skingrades	1	word	""x\IN$ra$des
skinnar	1	word	""x\I$nar
skinnen	1	word	"x\I$nen
skinneri	1	word	
skinnsak	1	word	
skipad	1	word	""x\i:$pad
skivan	1	word	""x\i:$van
skjulet	1	word	"x\}:$let
skjute	1	word	
skjuten	1	word	""x\}:$ten
skjutes	1	word	""x\}:$tes
skjutredskap	1	word	
skjutvapen	1	word	""x\}:t$%vA:$pen
skogarnas	1	word	""sku:$ga$n`as
skogars	1	word	""sku:$gas`
skogsbygd	1	word	""skUks$%bYgd
skogslandet	1	word	""skUks$%land$det
skogsmark	1	word	""skUks$%mark
skogsparken	1	word	
skogssnår	1	word	
skogssnåren	1	word	
skoningslöst	1	word	""sku:$nINs$%l2:st
skonsamhets	1	word	""sku:n$sam$%he:ts
skorpa	1	word	""skOr$pa
skorpionerna	1	word	skOr$pI$"u:$ne$n`a
skorviga	1	word	""skOr$vI$ga
skovlar	1	word	""skOv$lar
skrapade	1	word	""skrA:$pa$de
skratt	1	word	"skrat
skrattet	1	word	"skra$tet
skred	1	word	"skre:d
skreve	1	word	
skreves	1	word	
skrevor	1	word	""skre:$vUr
skrid	1	word	"skri:d
skrida	1	word	""skri:$da
skriden	1	word	""skri:$den
skrider	1	word	"skri:$der
skriftlärdom	1	word	
skrifttecken	1	word	""skrIft$%tE$ken
skrivare	1	word	""skri:$va$re
skrivares	1	word	""skri:$va$res
skrivas	1	word	""skri:$vas
skrivelserna	1	word	""skri:$vel$se$n`a
skrivtavlor	1	word	""skri:v$%tA:v$lUr
skrivtyg	1	word	
skrov	1	word	"skro:v
skruden	1	word	"skr}:$den
skrymper	1	word	
skrymtade	1	word	""skrYm$ta$de
skrymtar	1	word	""skrYm$tar
skrymtaren	1	word	""skrYm$ta$ren
skrynka	1	word	
skrytsamhet	1	word	""skry:t$sam$%he:t
skräckbild	1	word	""skrEk$%bIld
skräckgudar	1	word	
skräckinjagande	1	word	
skräcksyner	1	word	""skrEk$%sy:$ner
skrämda	1	word	
skrämde	1	word	""skrEm$de
skrämmas	1	word	""skrE$mas
skrämt	1	word	"skrEmt
skräna	1	word	""skrE:$na
skränat	1	word	
skrävlaren	1	word	""skrEv$la$ren
skrål	1	word	"skro:l
skrålen	1	word	"skro:$len
skråmor	1	word	""skro:$mUr
skröpliga	1	word	""skr9$plI$ga
skröpligaste	1	word	""skr9$plI$ga$ste
skröpligheter	1	word	""skr9$plIg$%he:$ter
skuddade	1	word	""sku0$da$de
skuggade	1	word	""sku0$ga$de
skuggbild	1	word	""sku0g$%bIld
skuggbilder	1	word	""sku0g$%bIl$der
skuggrik	1	word	""sku0g$%ri:k
skuldbelastade	1	word	""sku0ld$be$%la$sta$de
skuldfordran	1	word	
skuldlöse	1	word	""sku0ld$%l2:$se
skuldoffers	1	word	
skuldoffersdjuren	1	word	
skuldoffersdjuret	1	word	
skuldoffersvädur	1	word	
skuldrors	1	word	""sku0l$drUs`
skummar	1	word	""sku0$mar
skumt	1	word	"sku0mt
skur	1	word	"sk}:r
skuras	1	word	""sk}:$ras
skurit	1	word	""sk}:$rIt
skurkens	1	word	"sku0r$kens
skvalleraktiga	1	word	""skva$ler$%ak$tI$ga
skvallrar	1	word	""skval$rar
skyarnas	1	word	""x\y:$a$n`as
skyddande	1	word	""x\Y$dan$de
skydde	1	word	""x\Y$de
skydden	1	word	"x\Y$den
skyddsvapen	1	word	
skyfall	1	word	""x\y:$%fal
skygdet	1	word	
skyggas	1	word	""x\Y$gas
skyggt	1	word	"x\Ykt
skyl	1	word	"x\y:l
skylas	1	word	""x\y:$las
skyldighet	1	word	""x\Yl$dIg$%he:t
skyldigheter	1	word	""x\Yl$dIg$%he:$ter
skyller	1	word	"x\Y$ler
skymd	1	word	"x\Ymd
skymf	1	word	"x\Ymf
skymfad	1	word	""x\Ym$fad
skymfande	1	word	""x\Ym$fan$de
skymfas	1	word	""x\Ym$fas
skymfen	1	word	"x\Ym$fen
skymfliga	1	word	""x\Ym$flI$ga
skymford	1	word	""x\Ymf$%u:d`
skymmer	1	word	"x\Y$mer
skymning	1	word	""x\Ym$nIN
skyndat	1	word	""x\Yn$dat
skynke	1	word	""x\YN$ke
skyt	1	word	"sky:t
skyter	1	word	"sky:$ter
skyttarnas	1	word	""x\Y$ta$n`as
skälet	1	word	"x\E:$let
skälla	1	word	""x\E$la
skämt	1	word	"x\Emt
skämtade	1	word	""x\Em$ta$de
skändade	1	word	""x\En$da$de
skänden	1	word	
skändligheters	1	word	""x\End$lIg$%he:$tes`
skänkas	1	word	""x\EN$kas
skänke	1	word	
skänken	1	word	"x\EN$ken
skänks	1	word	"x\ENks
skänktes	1	word	""x\ENk$tes
skärande	1	word	""x\E:$ran$de
skäras	1	word	""x\E:$ras
skären	1	word	"x\E:$ren
skäres	1	word	""x\E:$res
skärorna	1	word	""x\E:$rU$n`a
skärpa	1	word	""x\Er$pa
skärper	1	word	"x\Er$per
skärskåda	1	word	""x\E:$%s`ko:$da
skärv	1	word	"x\Erv
skådad	1	word	
skådas	1	word	""sko:$das
skådebröd	1	word	""sko:$de$%br2:d
skådebrödsborden	1	word	
skåderskorna	1	word	
skådespelet	1	word	""sko:$de$%spe:$let
skökans	1	word	""x\2:$kans
skökolevnad	1	word	
skökoskänker	1	word	
skökoväsende	1	word	
sköldarnas	1	word	""x\9l$da$n`as
sköldars	1	word	""x\9l$das`
sköldbärare	1	word	
sköldtak	1	word	
sköljes	1	word	""x\9l$jes
skönare	1	word	""x\2:$na$re
skönast	1	word	""x\2:$nast
skönheten	1	word	""x\2:n$%he:$ten
skönjde	1	word	""x\9nj$de
skönjes	1	word	""x\9$njes
sköra	1	word	""x\2:$ra
skördaden	1	word	
skördedag	1	word	
skördedagarna	1	word	
skördehögtiden	1	word	
skördeman	1	word	
skördemännens	1	word	
skördetid	1	word	""x\2:$d`e$%ti:d
skördetidens	1	word	""x\2:$d`e$%ti:$dens
skördeveckorna	1	word	
sköten	1	word	""x\2:$ten
skötsel	1	word	"x\9t$sel
skötseln	1	word	"x\9t$seln
skött	1	word	"x\9t
skövlad	1	word	
skövlare	1	word	""x\9v$la$re
skövlares	1	word	""x\9v$la$res
skövlen	1	word	
slagsmål	1	word	"slaks$mo:l
slaktdjuren	1	word	""slakt$%j}:$ren
slaktdjuret	1	word	""slakt$%j}:$ret
slaktedag	1	word	
slaktningen	1	word	""slakt$nIN$en
slaktningens	1	word	""slakt$nIN$ens
slaktoffergåvor	1	word	
slaktoffersdjuren	1	word	
slaktoffret	1	word	""slakt$%O$fret
slamret	1	word	"slam$ret
slappes	1	word	""sla$pes
slav	1	word	"slA:v
slemörtens	1	word	
sleto	1	word	
slickat	1	word	""slI$kat
slicke	1	word	
slingerväxt	1	word	""slIN$er$%vEkst
slingra	1	word	""slIN$ra
slinta	1	word	""slIn$ta
slinter	1	word	"slIn$ter
slipar	1	word	""sli:$par
slogen	1	word	
slogs	1	word	"slu:gs
slott	1	word	"slOt
slottshövdingen	1	word	
slugt	1	word	
sluka	1	word	""sl}:$ka
slukade	1	word	""sl}:$ka$de
slukar	1	word	""sl}:$kar
slummern	1	word	"slu0$men`
slump	1	word	"slu0mp
slumpen	1	word	"slu0m$pen
slumrandes	1	word	""slu0m$ran$des
slungan	1	word	""slu0N$an
slungar	1	word	""slu0N$ar
slungas	1	word	""slu0N$as
slungkastarna	1	word	
slungor	1	word	""slu0N$Ur
sluppe	1	word	
slutas	1	word	""sl}:$tas
slutdom	1	word	
slutgiltig	1	word	""sl}:t$%jIl$tIg
slutstenen	1	word	""sl}:t$%ste:$nen
släcker	1	word	"slE$ker
släckes	1	word	""slE$kes
släckt	1	word	"slEkt
släckte	1	word	""slEk$te
släggans	1	word	""slE$gans
släktförteckningen	1	word	
släktgren	1	word	""slEkt$%gre:n
släktled	1	word	""slEkt$%le:d
släktlederna	1	word	
släktledning	1	word	
släktofferfest	1	word	
släktregistrens	1	word	""slEkt$re$%jI$strens
sländan	1	word	""slEn$dan
släp	1	word	"slE:p
släpad	1	word	""slE:$pad
släpades	1	word	""slE:$pa$des
släpen	1	word	"slE:$pen
slätter	1	word	""slE$ter
slätterna	1	word	""slE$te$n`a
slättmark	1	word	""slEt$%mark
slättmarkerna	1	word	""slEt$%mar$ke$n`a
slöjan	1	word	""sl9$jan
slöjda	1	word	""sl9j$da
slöjdkunnigt	1	word	
slösa	1	word	""sl2:$sa
slösade	1	word	""sl2:$sa$de
slösare	1	word	""sl2:$sa$re
slött	1	word	"sl9t
smaragder	1	word	sma$"rag$der
smekt	1	word	"sme:kt
smekta	1	word	""sme:k$ta
smickra	1	word	""smI$kra
smickrade	1	word	""smI$kra$de
smickrar	1	word	""smI$krar
smickrets	1	word	"smI$krets
smides	1	word	
sminkade	1	word	""smIN$ka$de
sminkat	1	word	""smIN$kat
smulorna	1	word	""sm}:$lU$n`a
smutsad	1	word	""smu0t$sad
smutsiga	1	word	""smu0t$sI$ga
smyckad	1	word	
smyg	1	word	"smy:g
smyger	1	word	"smy:$ger
smygvrår	1	word	
smygvägar	1	word	""smy:g$%vE:$gar
smädaren	1	word	""smE:$da$ren
smädas	1	word	""smE:$das
smädelsen	1	word	""smE:$del$sen
smädelystna	1	word	
smädesång	1	word	
smälla	1	word	
smält	1	word	"smElt
smärtor	1	word	""smE$t`Ur
smärtornas	1	word	""smE$t`U$n`as
småbarn	1	word	""smo:$%bA:n`
småkryp	1	word	""smo:$%kry:p
småkärl	1	word	
småler	1	word	""smo:$%le:r
småskog	1	word	""smo:$%sku:g
småstäder	1	word	""smo:$%stE:$der
småstäderna	1	word	""smo:$%stE:$de$n`a
smör	1	word	"sm2:r
smörjen	1	word	
smörjer	1	word	"sm9r$jer
snabbfotad	1	word	""snab$%fu:$tad
snabbfotade	1	word	""snab$%fu:$ta$de
snabbhet	1	word	""snab$%he:t
snabbt	1	word	"snapt
snaraste	1	word	""snA:$ra$ste
snarfärdigt	1	word	
snartrogen	1	word	
snavar	1	word	""snA:$var
snett	1	word	"snEt
snibben	1	word	"snI$ben
snidade	1	word	""sni:$da$de
snidare	1	word	""sni:$da$re
snideri	1	word	sni:$de$"ri:
snideriarbeten	1	word	
snidverken	1	word	
snigeln	1	word	""sni:$geln
sniken	1	word	""sni:$ken
snikna	1	word	""sni:$kna
snikne	1	word	
snodd	1	word	"snUd
snodda	1	word	""snU$da
snubbla	1	word	""snu0$bla
snärjande	1	word	
snärjde	1	word	""snErj$de
snärjes	1	word	
snäva	1	word	""snE:$va
snåle	1	word	""sno:$le
snåret	1	word	"sno:$ret
snöplig	1	word	""sn2:$plIg
snöpta	1	word	""sn2:p$ta
snören	1	word	""sn2:$ren
snöret	1	word	""sn2:$ret
snörlängd	1	word	
snörlängder	1	word	
snötiden	1	word	
snövatten	1	word	
snövit	1	word	""sn2:$%vi:t
snövita	1	word	""sn2:$%vi:$ta
soffa	1	word	""sO$fa
soffor	1	word	""sO$fUr
soffors	1	word	""sO$fUs`
soleam	1	word	
solglans	1	word	
solljuset	1	word	""su:l$%j}:$set
solstråle	1	word	""su:l$%stro:$le
solståndens	1	word	""su:l$%stOn$dens
soltält	1	word	""su:l$%tElt
soluppgången	1	word	""su:l$u0p$%gON$en
solvisaren	1	word	""su:l$%vi:$sa$ren
solvisarskuggan	1	word	
somlig	1	word	""sOm$lIg
sommarens	1	word	""sO$ma$rens
sommarhetta	1	word	""sO$mar$%hE$ta
sommarhus	1	word	""sO$mar$%h}:s
sommarkammare	1	word	
sommarsalen	1	word	
sommarskörden	1	word	
somnar	1	word	""sOm$nar
sondotters	1	word	""so:n$%dO$tes`
sondöttrar	1	word	""so:n$%d9$trar
sonens	1	word	"so:$nens
sopa	1	word	""su:$pa
sopat	1	word	""su:$pat
soppan	1	word	""sO$pan
soppgrytan	1	word	""sOp$%gry:$tan
sorgatiterna	1	word	
sorgatiternas	1	word	
sorgdräkten	1	word	""sOrj$%drEk$ten
sorgebröd	1	word	
sorgebudet	1	word	""sOr$je$%b}:$det
sorger	1	word	""sOr$jer
sorgetid	1	word	""sOr$je$%ti:d
sorgetiden	1	word	""sOr$je$%ti:$den
sorgetidens	1	word	""sOr$je$%ti:$dens
sorgiterna	1	word	
sorgklädd	1	word	""sOrj$%klEd
sorgkläder	1	word	""sOrj$%klE:$der
sorglöse	1	word	""sOrj$%l2:$se
sorgsenhet	1	word	""sOrj$sen$%he:t
sorlande	1	word	
sorlar	1	word	""so:$l`ar
sovrum	1	word	""so:v$%ru0m
soéer	1	word	
spalter	1	word	""spal$ter
spanare	1	word	""spA:$na$re
spaning	1	word	""spA:$nIN
sparade	1	word	""spA:$ra$de
sparda	1	word	""spA:$d`a
sparen	1	word	
sparsam	1	word	""spA:$%s`am
sparsammare	1	word	""spA:$%s`a$ma$re
spartanernas	1	word	spar$"tA:$ne$n`as
spartanska	1	word	spa$"t`A:n$ska
sparvarna	1	word	""spar$va$n`a
spegelbild	1	word	""spe:$gel$%bIld
spegelbilden	1	word	""spe:$gel$%bIl$den
spejade	1	word	""spE$ja$de
spejaren	1	word	""spE$ja$ren
spejarna	1	word	""spE$ja$n`a
spelande	1	word	""spe:$land$de
spelar	1	word	""spe:$lar
spelas	1	word	""spe:$las
spenabarnet	1	word	""spe:$na$%bA:$n`et
spenarna	1	word	""spe:$na$n`a
spetsglans	1	word	
spetälske	1	word	""spe:$%tEl$ske
spetälskeartat	1	word	
spetälskesjukdom	1	word	
spik	1	word	"spi:k
spiken	1	word	"spi:$ken
spilldes	1	word	
spilles	1	word	""spI$les
spillrorna	1	word	""spIl$rU$n`a
spindelns	1	word	""spIn$delns
spinnrocken	1	word	""spIn$%rO$ken
spirande	1	word	""spi:$ran$de
spisordningar	1	word	
spjutbärare	1	word	
spjutskaft	1	word	""spj}:t$%skaft
spjärna	1	word	""spjE:$n`a
spjärnar	1	word	""spjE:$n`ar
splittras	1	word	""splI$tras
splittror	1	word	""splI$trUr
spole	1	word	""spu:$le
sporde	1	word	""spu:$d`e
sport	1	word	"spOt`
sports	1	word	"spOt`s`
spottat	1	word	""spO$tat
sprack	1	word	"sprak
sprakandet	1	word	
sprattla	1	word	""sprat$la
sprattlande	1	word	
spred	1	word	"spre:d
spricker	1	word	"sprI$ker
spridas	1	word	""spri:$das
spriddes	1	word	
springare	1	word	""sprIN$a$re
springarna	1	word	""sprIN$a$n`a
springen	1	word	
springer	1	word	"sprIN$er
spritter	1	word	"sprI$ter
sprucket	1	word	
sprutade	1	word	""spr}:$ta$de
sprutar	1	word	""spr}:$tar
sprutat	1	word	""spr}:$tat
spräckligt	1	word	""sprE$klIkt
spräckte	1	word	""sprEk$te
spränger	1	word	"sprEN$er
spyn	1	word	
späde	1	word	""spE:$de
späker	1	word	"spE:$ker
späkning	1	word	""spE:$knIN
späkningsdag	1	word	
spälten	1	word	
spända	1	word	""spEn$da
spännas	1	word	""spE$nas
spänstiga	1	word	""spEn$stI$ga
spärrad	1	word	""spE$rad
spärraden	1	word	
spådomsande	1	word	
spådomslön	1	word	
spåmannen	1	word	""spo:$%ma$nen
spåmännens	1	word	""spo:$%mE$nens
spån	1	word	"spo:n
spåra	1	word	""spo:$ra
spörjen	1	word	
st	1	word	"stYk
stadfästa	1	word	""stA:d$%fE$sta
stadgad	1	word	
stadgan	1	word	""stad$gan
stadgas	1	word	""stad$gas
stadgelag	1	word	
stadgen	1	word	
stadsbornas	1	word	""stats$%bu:$n`as
stadshövitsmannen	1	word	
stadsmur	1	word	""stats$%m}:r
stadsportens	1	word	""stats$%pU$t`ens
stadsvägarna	1	word	
stadsåkrarna	1	word	
staka	1	word	""stA:$ka
stall	1	word	"stal
stallbröder	1	word	""stal$%br2:$der
stallen	1	word	"sta$len
stamfaders	1	word	""stam$%fA:$des`
stamfamiljerna	1	word	
stamfränderna	1	word	""stam$%frEn$de$n`a
stamfurstarna	1	word	
stamhalva	1	word	
stamhövding	1	word	""stam$%h9v$dIN
stamlotter	1	word	
stamlotterna	1	word	
stammandes	1	word	""sta$man$des
stammoder	1	word	""stam$%mu:$der
stampade	1	word	""stam$pa$de
stampar	1	word	""stam$par
stamsläkt	1	word	
stankens	1	word	"staN$kens
stannaden	1	word	
stannåde	1	word	
staplade	1	word	""stA:$pla$de
staplat	1	word	""stA:$plat
stapplat	1	word	
starkes	1	word	""star$kes
starkheten	1	word	""stark$%he:$ten
starkhetsmakt	1	word	
statshandlingarna	1	word	""stats$%hand$lIN$a$n`a
stegar	1	word	""ste:$gar
stegrar	1	word	""ste:$grar
stek	1	word	"ste:k
steker	1	word	"ste:$ker
stelna	1	word	""ste:l$na
stelnade	1	word	""ste:l$na$de
stelnat	1	word	""ste:l$nat
stenbeläte	1	word	
stenbock	1	word	""ste:n$%bOk
stenbrottet	1	word	""ste:n$%brO$tet
stenek	1	word	""ste:n$%e:k
stenens	1	word	"ste:$nens
stengetterna	1	word	""ste:n$%jE$te$n`a
stenhuggarna	1	word	""ste:n$%hu0$ga$n`a
steniga	1	word	""ste:$nI$ga
stenkast	1	word	""ste:n$%kast
stenklyfta	1	word	
stenklyftor	1	word	
stenklyftorna	1	word	
stenkrukor	1	word	""ste:n$%kr}:$kUr
stenkärl	1	word	
stenlagd	1	word	""ste:n$%lagd
stenlagda	1	word	""ste:n$%lag$da
stenrösen	1	word	""ste:n$%r2:$sen
stenröset	1	word	""ste:n$%r2:$set
stenslunga	1	word	
stick	1	word	"stIk
stift	1	word	"stIft
stifta	1	word	""stIf$ta
stiftade	1	word	""stIf$ta$de
stiftar	1	word	""stIf$tar
stiftat	1	word	""stIf$tat
stil	1	word	"sti:l
stillad	1	word	
stillsam	1	word	""stIl$%sam
stinka	1	word	""stIN$ka
stinn	1	word	"stIn
stirra	1	word	""stI$ra
stirrade	1	word	""stI$ra$de
stirrar	1	word	""stI$rar
stirren	1	word	"stI$ren
stjälas	1	word	""x\E:$las
stjäle	1	word	
stjälen	1	word	
stjälpa	1	word	""x\El$pa
stjärnans	1	word	""x\E:$n`ans
stjärnbilder	1	word	""x\E:n`$%bIl$der
stjärnbilderna	1	word	""x\E:n`$%bIl$de$n`a
stjärnguden	1	word	
stjärnhimmelen	1	word	
stjärnljus	1	word	""x\E:n`$%j}:s
stjärnringen	1	word	
stjärntydare	1	word	""x\E:n`$%t`y:$da$re
stjärt	1	word	"x\Et`
stjärten	1	word	"x\E$t`en
sto	1	word	"stu:
stockar	1	word	""stO$kar
stockhuset	1	word	""stOk$%h}:$set
stofthyddan	1	word	""stOft$%hY$dan
stoftkorn	1	word	""stOft$%ku:n`
stoftkrälande	1	word	
stoftvarelse	1	word	
stoikernas	1	word	"sto:$I$ke$n`as
stolen	1	word	"stu:$len
stoppade	1	word	""stO$pa$de
stoppat	1	word	""stO$pat
storhetstankar	1	word	
stormad	1	word	""stOr$mad
stormande	1	word	""stOr$man$de
stormil	1	word	""stOrm$%i:l
stormmaskin	1	word	
stormmaskinen	1	word	
stormodiga	1	word	
stormodige	1	word	
stormtaken	1	word	
stormverktygen	1	word	
stormvirveln	1	word	
storskrävlaren	1	word	""stu:$%s`krE:v$la$ren
stortalig	1	word	
storätaren	1	word	""stu:r$%E:$ta$ren
straffdomens	1	word	""straf$%dU$mens
straffets	1	word	"stra$fets
straffförkunnelsen	1	word	
strafflöshet	1	word	
stridande	1	word	""stri:$dan$de
striderna	1	word	""stri:$de$n`a
stridsbaneret	1	word	
stridsfältets	1	word	
stridsfärdig	1	word	
stridshäst	1	word	""strIts$%hEst
stridshästar	1	word	""strIts$%hE$star
stridsivern	1	word	""strIts$%i:$ven`
stridsklubbor	1	word	""strIts$%klu0$bUr
stridskrafterna	1	word	""strIts$%kraf$te$n`a
stridskunniga	1	word	
stridskunnigt	1	word	
stridslarmet	1	word	""strIts$%lar$met
stridslarmets	1	word	""strIts$%lar$mets
stridslysten	1	word	""strIts$%lY$sten
stridslystna	1	word	""strIts$%lYst$na
stridsmans	1	word	""strIts$%mans
stridsplatsen	1	word	
stridsredskap	1	word	
stridsropet	1	word	""strIts$%ru:$pet
stridssvärden	1	word	
stridssånger	1	word	
stridstid	1	word	
stridsvagnen	1	word	""strIts$%vaN$nen
strimmigt	1	word	""strI$mIkt
strupen	1	word	""str}:$pen
struts	1	word	"str}:ts
strutsarna	1	word	""stru0t$sa$n`a
stryk	1	word	"stry:k
strypt	1	word	
sträckbänk	1	word	""strEk$%bENk
strängen	1	word	"strEN$en
stränginstrument	1	word	""strEN$In$str}:$%mEnt
strävande	1	word	""strE:$van$de
strävanden	1	word	""strE:$van$den
strävare	1	word	""strE:$va$re
strävhet	1	word	""strE:v$%he:t
stråtrövaren	1	word	""stro:t$%r2:$va$ren
strödda	1	word	
ströken	1	word	
strömfåror	1	word	""str9m$%fo:$rUr
strömmande	1	word	
strön	1	word	
strött	1	word	"str9t
strövade	1	word	""str2:$va$de
studerande	1	word	st}:$"de:$ran$de
stulen	1	word	""st}:$len
stulne	1	word	
stulo	1	word	
stumhet	1	word	""stu0m$%he:t
stummas	1	word	""stu0$mas
stummes	1	word	""stu0$mes
stundande	1	word	""stu0n$dan$de
stunders	1	word	""stu0n$des`
stundom	1	word	""stu0n$dOm
stungna	1	word	
stungo	1	word	
stupat	1	word	
stuterierna	1	word	st}:$te$"ri:$e$n`a
styckat	1	word	""stY$kat
styggelsens	1	word	""stY$gel$sens
stympad	1	word	
stympade	1	word	""stYm$pa$de
stympat	1	word	""stYm$pat
stympning	1	word	""stYmp$nIN
styrande	1	word	
styras	1	word	""sty:$ras
styre	1	word	""sty:$re
styren	1	word	""sty:$ren
styresmannen	1	word	""sty:$res$%ma$nen
styresmans	1	word	""sty:$res$%mans
styrke	1	word	
styrktes	1	word	
styv	1	word	"sty:v
stäckas	1	word	""stE$kas
stäcker	1	word	"stE$ker
städ	1	word	"stE:d
städet	1	word	"stE:$det
ställd	1	word	"stEld
ställda	1	word	""stEl$da
ställden	1	word	
stämd	1	word	"stEmd
stämda	1	word	""stEm$da
stämmer	1	word	"stE$mer
stämplingar	1	word	""stEm$plIN$ar
ständige	1	word	""stEn$dI$ge
stänkelseblod	1	word	
stänker	1	word	"stEN$ker
stänkes	1	word	""stEN$kes
stärken	1	word	
stärkte	1	word	""stErk$te
stärkten	1	word	
stävja	1	word	""stE:v$ja
stävor	1	word	""stE:$vUr
stålet	1	word	"sto:$let
ståndaktighetens	1	word	""stOnd$ak$tIg$%he:$tens
stångad	1	word	""stON$ad
stångades	1	word	""stON$a$des
ståthållarens	1	word	""sto:t$%hO$la$rens
ståthållares	1	word	""sto:t$%hO$la$res
ståtliga	1	word	""sto:t$lI$ga
stödes	1	word	""st2:$des
stödjas	1	word	""st2:d$jas
stödjepelarna	1	word	
stönar	1	word	""st2:$nar
störd	1	word	"st2:d`
störes	1	word	""st2:$res
stört	1	word	"st9t`
störtades	1	word	""st9$t`a$des
störtfloden	1	word	""st9t`$%flu:$den
störtskuren	1	word	""st9t`$%s`k}:$ren
stötar	1	word	""st2:$tar
stötas	1	word	""st2:$tas
stötes	1	word	""st2:$tes
stötestenarna	1	word	""st2:$te$%ste:$na$n`a
stötestenen	1	word	""st2:$te$%ste:$nen
stött	1	word	"st9t
suckéer	1	word	
sufamiternas	1	word	
suhamiternas	1	word	
sukatiterna	1	word	
sumatiterna	1	word	
summorna	1	word	""su0$mU$n`a
sumpmark	1	word	""su0mp$%mark
sumpmarker	1	word	""su0mp$%mar$ker
sumpsjöar	1	word	
sund	1	word	"su0nd
suniternas	1	word	
sunnanstormar	1	word	
super	1	word	"s}:$per
surdegen	1	word	""s}:$%d`e:$gen
surra	1	word	""su0$ra
susa	1	word	""s}:$sa
susande	1	word	""s}:$san$de
susaniterna	1	word	
suséerna	1	word	
sutelaiternas	1	word	
svagast	1	word	""svA:$gast
svagaste	1	word	""svA:$ga$ste
svagheter	1	word	""svA:g$%he:$ter
svala	1	word	""svA:$la
svalkas	1	word	""sval$kas
svallade	1	word	""sva$la$de
svallet	1	word	"sva$let
svallning	1	word	""sval$nIN
svalor	1	word	""svA:$lUr
svalt	1	word	"svA:lt
svarande	1	word	""svA:$ran$de
svaras	1	word	""svA:$ras
svare	1	word	
svars	1	word	"svA:s`
svarslösa	1	word	""svA:s`$%l`2:$sa
svartglänsande	1	word	""svat`$%glEn$san$de
svartnat	1	word	""svat`$n`at
svartsjuka	1	word	""svat`$%x\}:$ka
svavelgula	1	word	""svA:$vel$%g}:$la
svavelström	1	word	
svavlet	1	word	"svA:v$let
sveda	1	word	""sve:$da
svedan	1	word	""sve:$dan
svedd	1	word	"svEd
svekets	1	word	"sve:$kets
svekfulla	1	word	""sve:k$%fu0$la
svepa	1	word	""sve:$pa
svept	1	word	"sve:pt
svikits	1	word	""svi:$kIts
svikligen	1	word	""svi:$klI$gen
svikta	1	word	""svIk$ta
svinblod	1	word	
svinens	1	word	"svi:$nens
svinets	1	word	"svi:$nets
svingade	1	word	""svIN$a$de
svingar	1	word	""svIN$ar
svingas	1	word	""svIN$as
svinhjorden	1	word	
svinköttet	1	word	
svulster	1	word	""svu0l$ster
svulsterna	1	word	""svu0l$ste$n`a
svägerskan	1	word	""svE:$ge$s`kan
svälja	1	word	""svEl$ja
sväljen	1	word	
sväller	1	word	"svE$ler
svämmar	1	word	""svE$mar
svämmas	1	word	""svE$mas
svängda	1	word	
svänger	1	word	"svEN$er
svärden	1	word	"svE:$d`en
svärdotter	1	word	""svE:$%d`O$ter
svärdotters	1	word	""svE:$%d`O$tes`
svärdsspetsar	1	word	
svärmar	1	word	""svEr$mar
svärmodern	1	word	""svE:r$%mu:$den`
svärtade	1	word	""svE$t`a$de
svävande	1	word	""svE:$van$de
svårast	1	word	""svo:$rast
svåraste	1	word	""svo:$ra$ste
svårbegripliga	1	word	""svo:r$be$%gri:$plI$ga
svårighet	1	word	""svo:$rIg$%he:t
svårligen	1	word	""svo:r$l`I$gen
sy	1	word	"sy:
sydgränsen	1	word	""sy:d$%grEn$sen
sydlandet	1	word	
sydliga	1	word	""sy:d$lI$ga
sydligaste	1	word	""sy:d$lI$ga$ste
sydsida	1	word	""sy:d$%si:$da
sydväst	1	word	sy:d$"vEst
syfta	1	word	""sYf$ta
syftade	1	word	""sYf$ta$de
syfte	1	word	""sYf$te
syften	1	word	""sYf$ten
synagogföreståndarna	1	word	
syndabekännelse	1	word	""sYn$da$be$%s'E$nel$se
syndabelätet	1	word	
syndaden	1	word	
syndafallet	1	word	""sYn$da$%fa$let
syndakroppen	1	word	
syndaskuld	1	word	""sYn$da$%sku0ld
syndastraff	1	word	""sYn$da$%straf
syndatjänare	1	word	
syndfull	1	word	""sYnd$%fu0l
syndfullhet	1	word	""sYnd$fu0l$%he:t
syndfullt	1	word	""sYnd$%fu0lt
syndoffers	1	word	
syndoffersbockar	1	word	
syndoffersbockarna	1	word	
syndofferskalv	1	word	
syndofferskött	1	word	
syndofferspenningarna	1	word	
syndoffren	1	word	
synens	1	word	"sy:$nens
synnerligt	1	word	""sY$ne$l`Ikt
syr	1	word	"sy:r
syrofenicisk	1	word	
sysselsatt	1	word	""sY$sel$%sat
sysselsätt	1	word	
sysselsätta	1	word	""sY$sel$%sE$ta
sysselsättning	1	word	""sY$sel$%sEt$nIN
systrarna	1	word	""sY$stra$n`a
systrars	1	word	""sY$stras`
säcken	1	word	"sE$ken
säcktygskläder	1	word	
säcktygsklädnaden	1	word	
sädesförråd	1	word	
sädesgröda	1	word	
sädeshögen	1	word	
sädeslogar	1	word	
sädesskyl	1	word	""sE:$des$%x\y:l
sädesskylen	1	word	""sE:$des$%x\y:$len
sädesskäppa	1	word	
säkras	1	word	""sE:$kras
säkrast	1	word	""sE:$krast
säkre	1	word	""sE:$kre
säljare	1	word	""sEl$ja$re
sälje	1	word	
säljen	1	word	
säljes	1	word	""sEl$jes
sällade	1	word	""sE$la$de
sällar	1	word	""sE$lar
sällsamt	1	word	""sEl$samt
sämjas	1	word	""sE$mjas
sändebudet	1	word	""sEn$de$%b}:$det
sängens	1	word	"sEN$ens
sängpallen	1	word	
sängstolparna	1	word	""sEN$%stOl$pa$n`a
sängstolpen	1	word	""sEN$%stOl$pen
sänklodet	1	word	""sENk$%lu:$det
sättning	1	word	""sEt$nIN
sävhank	1	word	
sådanas	1	word	
sådda	1	word	""sO$da
sågade	1	word	""so:$ga$de
sånganföraren	1	word	
sångaren	1	word	""sON$a$ren
sångarnas	1	word	""sON$a$n`as
sångens	1	word	"sON$ens
sångerna	1	word	""sON$e$n`a
såningstiden	1	word	
såret	1	word	"so:$ret
sårigt	1	word	""so:$rIkt
sårnader	1	word	""so:$n`a$der
sårnaders	1	word	""so:$n`a$des`
såvitt	1	word	so:$"vIt
söderns	1	word	
sökts	1	word	"s2:kts
sölad	1	word	""s2:$lad
sölades	1	word	""s2:$la$des
sömmar	1	word	""s9$mar
sömnaktighet	1	word	""s9mn$ak$tIg$%he:t
sömnaktighetens	1	word	""s9mn$ak$tIg$%he:$tens
sömniga	1	word	""s9m$nI$ga
sömns	1	word	"s9mns
sönderbrutet	1	word	
sönderbrytas	1	word	""s9n$der$%bry:$tas
sönderbräckt	1	word	
sönderbråkade	1	word	
sönderbråkat	1	word	
sönderdelat	1	word	
sönderfrätt	1	word	""s9n$der$%frEt
sönderfrätta	1	word	""s9n$der$%frE$ta
sönderhuggen	1	word	""s9n$der$%hu0$gen
sönderkrossar	1	word	""s9n$der$%krO$sar
söndermala	1	word	""s9n$der$%mA:$la
sönderriva	1	word	""s9n$der$%ri:$va
sönderriven	1	word	""s9n$der$%ri:$ven
söndersargade	1	word	
sönderskavda	1	word	
sönderskurna	1	word	""s9n$de$%s`k}:$n`a
sönderslagen	1	word	""s9n$de$%s`l`A:$gen
sönderslaget	1	word	""s9n$de$%s`l`A:$get
sönderslagna	1	word	""s9n$de$%s`l`A:$gna
sönderslita	1	word	""s9n$de$%s`l`i:$ta
sönderslitna	1	word	
sönderslår	1	word	
söndersmula	1	word	""s9n$de$%s`m}:$la
söndersågade	1	word	
söndertrampa	1	word	""s9n$de$%t`ram$pa
söndertröskade	1	word	
söndrade	1	word	""s9n$dra$de
söndras	1	word	""s9n$dras
söndrat	1	word	
söndrig	1	word	""s9n$drIg
söndrigt	1	word	""s9n$drIkt
söta	1	word	""s2:$ta
sötaste	1	word	""s2:$ta$ste
sötman	1	word	""s9t$man
tabernakels	1	word	ta$be$"n`A:$kels
tackoffers	1	word	""tak$%O$fes`
tackoffersdjuren	1	word	
tackoffersdjurets	1	word	
tackoffersfåret	1	word	
tackofferstjuren	1	word	
tacksamhetsbevisning	1	word	
tacksamhetsskänk	1	word	
tacksägelsepsalm	1	word	
tacksägelsesånger	1	word	
tadla	1	word	""tA:d$la
taget	1	word	""tA:$get
tagg	1	word	"tag
taggig	1	word	""ta$gIg
tahaniternas	1	word	
takbjälkarna	1	word	""tA:k$%bjEl$ka$n`a
takemonit	1	word	
taklisterna	1	word	""tA:k$%lI$ste$n`a
taktart	1	word	
talarstol	1	word	""tA:$la$%s`t`u:l
talarstolen	1	word	""tA:$la$%s`t`u:$len
tale	1	word	
talesätt	1	word	""tA:$le$%sEt
talför	1	word	""tA:l$%f2:r
talg	1	word	"talj
talkonsten	1	word	
tallöst	1	word	""tA:l$%l2:st
talträngd	1	word	""tA:l$%trENd
taluppgifterna	1	word	
tama	1	word	""tA:$ma
tamarisk	1	word	ta$ma$"rIsk
tamd	1	word	
tanden	1	word	"tan$den
tandköttet	1	word	""tand$%s'9$tet
tankebyggnader	1	word	""taN$ke$%bY$gna$der
tankefunder	1	word	
tapeter	1	word	ta$"pe:$ter
tarpeliterna	1	word	
tassar	1	word	""ta$sar
tasslande	1	word	""ta$sland$de
tasslar	1	word	""ta$slar
tavlornas	1	word	""tA:v$lU$n`as
te	1	word	"te:
teckentyderskor	1	word	
tecknades	1	word	""tE$kna$des
tecknar	1	word	""tE$knar
tecknas	1	word	""tE$knas
tege	1	word	
tegelaltaren	1	word	
tegelbeläggningen	1	word	
tegelformen	1	word	
tegelgolvet	1	word	""te:$gel$%gOl$vet
tegelslagning	1	word	
tegeltavla	1	word	
teglet	1	word	"te:$glet
tekel	1	word	
tempelbolares	1	word	
tempelbolarhusen	1	word	
tempelbolarna	1	word	
tempelbyggnad	1	word	""tEm$pel$%bY$gnad
tempelbyggnaderna	1	word	""tEm$pel$%bY$gna$de$n`a
tempeldörrarna	1	word	
tempelhusets	1	word	
tempelinkomsterna	1	word	
tempelinvigningens	1	word	
tempelkammarbyggnaden	1	word	
tempelområdet	1	word	
tempelrummet	1	word	
tempelsalens	1	word	""tEm$pel$%sA:$lens
tempelskatt	1	word	
tempelskänker	1	word	
tempelsysslorna	1	word	
tempelträl	1	word	
tempelträlarnas	1	word	
tempeltärnan	1	word	
tempeltärnor	1	word	
templen	1	word	"tEm$plen
tenar	1	word	""te:$nar
teoantilop	1	word	
terebinterna	1	word	te$re$"bIn$te$n`a
tessalonikerna	1	word	
testamentet	1	word	te$sta$"mEn$tet
testamentsförordnande	1	word	
tett	1	word	"tEt
tidig	1	word	""ti:$dIg
tidiga	1	word	""ti:$dI$ga
tidsavdelningarnas	1	word	
tidsföljd	1	word	""ti:ds$%f9ljd
tidsgräns	1	word	""ti:ds$%grEns
tidsskiftena	1	word	
tidstecknen	1	word	
tidstecknens	1	word	
tidsåldrar	1	word	""ti:ds$%Ol$drar
tiggarbönen	1	word	
tiggarliv	1	word	
tigt	1	word	
tillaga	1	word	""tIl$%lA:$ga
tillagad	1	word	
tillagar	1	word	""tIl$%lA:$gar
tillbakasatta	1	word	
tillbedjan	1	word	""tIl$%be:d$jan
tillbjuda	1	word	
tillbjudes	1	word	
tillbjöd	1	word	
tillblandad	1	word	""tIl$%bland$dad
tillbringa	1	word	""tIl$%brIN$a
tillbringar	1	word	""tIl$%brIN$ar
tillbåde	1	word	
tilldelar	1	word	""tIl$%de:$lar
tillflykten	1	word	""tIl$%flYk$ten
tillflykts	1	word	""tIl$%flYkts
tillflyta	1	word	
tillfrisknade	1	word	""tIl$%frIs$kna$de
tillfrisknat	1	word	""tIl$%frIs$knat
tillfrågad	1	word	""tIl$%fro:$gad
tillfrågas	1	word	""tIl$%fro:$gas
tillfyllest	1	word	tIl$""fY$lest
tillfällen	1	word	""tIl$%fE$len
tillfällig	1	word	""tIl$%fE$lIg
tillfångatagen	1	word	tIl$""fON$a$%tA:$gen
tillförlitligt	1	word	""tIl$f9$%l`i:t$lIkt
tillförsäkra	1	word	""tIl$f2:$%s`E:$kra
tillförsäkrar	1	word	""tIl$f9$%s`E:$krar
tillförsäkras	1	word	""tIl$f2:$%s`E:$kras
tillgick	1	word	""tIl$%jIk
tillgiven	1	word	""tIl$%ji:$ven
tillgiver	1	word	
tillgivit	1	word	
tillgrep	1	word	""tIl$%gre:p
tillgrepo	1	word	
tillgrepp	1	word	""tIl$%grEp
tillgripa	1	word	""tIl$%gri:$pa
tillhandahålla	1	word	tIl$""han$da$%hO$la
tillhållit	1	word	""tIl$%hO$lIt
tillhöll	1	word	""tIl$%h9l
tillintetgjorda	1	word	
tillintetgör	1	word	tIl$""In$tet$%j2:r
tillintetgörelsens	1	word	
tilliten	1	word	""tIl$%li:$ten
tillkallat	1	word	""tIl$%ka$lat
tillkallen	1	word	
tillmäta	1	word	""tIl$%mE:$ta
tillmätta	1	word	""tIl$%mE$ta
tillredda	1	word	""tIl$%rE$da
tillrop	1	word	""tIl$%ru:p
tillräcklig	1	word	""tIl$%rE$klIg
tillräknades	1	word	""tIl$%rE:$kna$des
tillräknat	1	word	
tillrättavisad	1	word	tI$""rE$ta$%vi:$sad
tillrättavisningar	1	word	tIl$""rE$ta$%vi:$snIN$ar
tillsatta	1	word	
tillsattes	1	word	
tillskapar	1	word	""tIl$%skA:$par
tillskifta	1	word	
tillskyndas	1	word	""tIl$%x\Yn$das
tillskyndat	1	word	
tillslötos	1	word	
tillspord	1	word	
tillstodo	1	word	
tillstoppa	1	word	
tillstoppade	1	word	""tIl$%stO$pa$de
tillstundade	1	word	
tillstädjelse	1	word	
tillstädjes	1	word	
tillställer	1	word	""tIl$%stE$ler
tillstängt	1	word	
tillsyn	1	word	""tIl$%sy:n
tillsynen	1	word	""tIl$%sy:$nen
tillsyningsmannen	1	word	""tIl$sy:$nINs$%ma$nen
tillsäg	1	word	
tillsägelse	1	word	""tIl$%sE$jel$se
tillsägelser	1	word	""tIl$%sE$jel$ser
tillsättas	1	word	""tIl$%sE$tas
tillsätten	1	word	
tillsätter	1	word	""tIl$%sE$ter
tilltal	1	word	""tIl$%tA:l
tilltog	1	word	""tIl$%tu:g
tilltrodde	1	word	
tilltror	1	word	""tIl$%tru:r
tillträda	1	word	""tIl$%trE:$da
tillträdet	1	word	""tIl$%trE:$det
tillträtt	1	word	""tIl$%trE:t
tilltänkt	1	word	""tIl$%tENkt
tillvarons	1	word	""tIl$%vA:$rUns
tillverkade	1	word	""tIl$%vEr$ka$de
tillverkat	1	word	""tIl$%vEr$kat
tillvinna	1	word	""tIl$%vI$na
tillvita	1	word	""tIl$%vi:$ta
tillvitar	1	word	""tIl$%vi:$tar
tillväxer	1	word	""tIl$%vEk$ser
tillväxte	1	word	
tillyxa	1	word	""tIl$%Yk$sa
tillägga	1	word	""tIl$%lE$ga
tilläggas	1	word	""tIl$%lE$gas
tillägger	1	word	""tIl$%lE$ger
tillämpning	1	word	""tIl$%lEmp$nIN
tillönskar	1	word	""tIl$%9n$skar
tima	1	word	""taj$ma
timat	1	word	""taj$mat
timmars	1	word	""tI$mas`
timmermannens	1	word	""tI$mer$%ma$nens
timmerstock	1	word	""tI$me$%s`t`Ok
timnitens	1	word	
timrar	1	word	
timrat	1	word	""tIm$rat
tingas	1	word	""tIN$as
tings	1	word	"tINs
tinnar	1	word	""tI$nar
tinnarna	1	word	""tI$na$n`a
tinningar	1	word	""tI$nIN$ar
tiofaldig	1	word	""ti:$U$%fal$dIg
tiondedel	1	word	""ti:$On$de$%de:l
tiondedelar	1	word	""ti:$On$de$%de:$lar
tiondeåret	1	word	
tios	1	word	
tiosträngat	1	word	
tiotal	1	word	""ti:$U$%tA:l
tireatiterna	1	word	
tisiten	1	word	
tisslar	1	word	""tI$slar
tjockast	1	word	""s'O$kast
tjockaste	1	word	""s'O$ka$ste
tjugus	1	word	
tjugusjätte	1	word	
tjuransikten	1	word	
tjurkalv	1	word	""s'}:r$%kalv
tjurkalvar	1	word	""s'}:r$%kal$var
tjusad	1	word	""s'}:$sad
tjusades	1	word	""s'}:$sa$des
tjusande	1	word	
tjusarnas	1	word	""s'}:$sa$n`as
tjusning	1	word	""s'}:$snIN
tjut	1	word	"s'}:t
tjuvens	1	word	"s'}:$vens
tjänararbete	1	word	
tjänardräkt	1	word	
tjänarinnan	1	word	s'E:$na$""rI$nan
tjänarnas	1	word	""s'E:$na$n`as
tjänarvärv	1	word	
tjänliga	1	word	""s'E:n$lI$ga
tjänsteandar	1	word	""s'En$ste$%an$dar
tjänstekvinnornas	1	word	""s'En$ste$%kvI$nU$n`as
tjänstekvinnors	1	word	""s'En$ste$%kvI$nUs`
tjänstemännen	1	word	""s'En$ste$%mE$nen
tjänster	1	word	""s'En$ster
tjänstförrättning	1	word	
tjänstförrättningar	1	word	
tjänstgöra	1	word	""s'Enst$%j2:$ra
tjänstgöringsarbete	1	word	
tjänstgöringssyssla	1	word	
tjöto	1	word	
tofsprydnad	1	word	
tolaiternas	1	word	
tolk	1	word	"tOlk
tolvte	1	word	
tonernas	1	word	""tu:$ne$n`as
torden	1	word	
tordönsmän	1	word	
tordönsröst	1	word	""tu:$d`2:ns$%r9st
torftige	1	word	""tOrf$tI$ge
torftighet	1	word	""tOrf$tIg$%he:t
torghandeln	1	word	""tOrj$%han$deln
torkan	1	word	""tOr$kan
tornets	1	word	"tu:$n`ets
torrast	1	word	""tO$rast
torrhetens	1	word	""tOr$%he:$tens
torrskodd	1	word	""tOr$%skUd
torvor	1	word	""tOr$vUr
tracisk	1	word	
trakte	1	word	
trampe	1	word	
trampet	1	word	"tram$pet
trana	1	word	""trA:$na
tranan	1	word	""trA:$nan
trapphusen	1	word	""trap$%h}:$sen
trappor	1	word	""tra$pUr
trasa	1	word	""trA:$sa
trasiga	1	word	""trA:$sI$ga
trasor	1	word	""trA:$sUr
trasorna	1	word	""trA:$sU$n`a
tredingsmått	1	word	
tredjedelar	1	word	""tre:d$je$%de:$lar
treroddarfartygens	1	word	
trettioen	1	word	tre$tI$"En
trettiofemte	1	word	
trettioförsta	1	word	
trettionio	1	word	tre$tI$U$""ni:$U
trettiosjätte	1	word	
tretvinnad	1	word	
treuddig	1	word	""tre:$%u0$dIg
treva	1	word	""tre:$va
trianglar	1	word	trI$"aN$lar
trippa	1	word	""trI$pa
triumferat	1	word	trI$u0m$"fe:$rat
trodd	1	word	
trofasta	1	word	""tru:$%fa$sta
trofasthets	1	word	""tru:$fast$%he:ts
trognare	1	word	""tru:$gna$re
trognaste	1	word	""tru:$gna$ste
trohets	1	word	""tru:$%he:ts
troligt	1	word	""tru:$lIkt
trolldomskonstens	1	word	""trOl$dUms$%kOn$stens
trolldomssynd	1	word	
trolldomsverk	1	word	
trollkarl	1	word	""trOl$%kA:r
trollkarlen	1	word	""trOl$%kA:$ren
trollkonster	1	word	""trOl$%kOn$ster
trollkunniga	1	word	""trOl$%ku0$nI$ga
trollkvinna	1	word	""trOl$%kvI$na
trolöse	1	word	""tru:$%l2:$se
trolösheten	1	word	""tru:$l2:s$%he:$ten
tronbestigning	1	word	
tronens	1	word	"tru:$nens
tronerna	1	word	""tru:$ne$n`a
tronförhuset	1	word	
tronmatta	1	word	
tronänglar	1	word	
tros	1	word	"tru:s
trossvaktaren	1	word	
trosvisshet	1	word	""tru:s$vIs$%he:t
trotsade	1	word	""trOt$sa$de
trotsen	1	word	
trugen	1	word	
trumpet	1	word	""tru0m$pet
trumpetstötar	1	word	tru0m$""pe:t$%st2:$tar
tryckande	1	word	""trY$kan$de
tryckes	1	word	""trY$kes
tryggad	1	word	
tryggar	1	word	""trY$gar
tryggare	1	word	""trY$ga$re
tryggast	1	word	""trY$gast
tryggheten	1	word	""trYg$%he:$ten
tryne	1	word	""try:$ne
tryter	1	word	"try:$ter
träbelätet	1	word	""trE:$be$%lE:$tet
träbjälkar	1	word	
trädfrukterna	1	word	
trädgren	1	word	""trE:d$%gre:n
trädgårdssängar	1	word	""trE$go:d`s`$%s`EN$ar
träffad	1	word	
träffande	1	word	""trE$fan$de
träffsäkra	1	word	""trEf$%sE:$kra
träget	1	word	""trE:$get
trägna	1	word	""trE:$gna
träkannor	1	word	
trälarbeten	1	word	
trälars	1	word	""trE:$las`
trälbinda	1	word	""trE:l$%bIn$da
trälbinder	1	word	""trE:l$%bIn$der
träldomsok	1	word	
trängas	1	word	""trEN$as
tränges	1	word	""trEN$es
träpelare	1	word	
trästycken	1	word	""trE:$%stY$ken
träställning	1	word	""trE:$%stEl$nIN
trätorn	1	word	
trätoämne	1	word	
tråden	1	word	"tro:$den
tråna	1	word	""tro:$na
tröge	1	word	""tr2:$ge
tröghjärtade	1	word	
trögt	1	word	"tr2:kt
tröskhjulet	1	word	
trösklar	1	word	""tr9s$klar
tröskloge	1	word	
trösklogen	1	word	
trösktiden	1	word	
tröstad	1	word	""tr9$stad
tröstat	1	word	""tr9$stat
tröstebägaren	1	word	
tröstens	1	word	"tr9$stens
tröstliga	1	word	
trösts	1	word	"tr9sts
tröt	1	word	"tr2:t
trötten	1	word	
trötthet	1	word	""tr9t$%he:t
tröttnar	1	word	""tr9t$nar
tröttnat	1	word	""tr9t$nat
tröttnen	1	word	
tubianer	1	word	
tugga	1	word	""tu0$ga
tuktens	1	word	"tu0k$tens
tuktighet	1	word	""tu0k$tIg$%he:t
tuktighetens	1	word	""tu0k$tIg$%he:$tens
tungomålen	1	word	""tu0N$U$%mo:$len
tungomålstalandet	1	word	
tunnaste	1	word	""tu0$na$ste
tunnkakorna	1	word	
tunnor	1	word	""tu0$nUr
tunt	1	word	"tu0nt
turturduvas	1	word	""tu0$t`u0$%d`}:$vas
turturduvorna	1	word	""tu0$t`u0$%d`}:$vU$n`a
tusendens	1	word	""t}:$sen$dens
tusentals	1	word	""t}:$sen$%tA:ls
tvagen	1	word	
tvaget	1	word	
tvagningar	1	word	""tvA:$gnIN$ar
tvedräktsande	1	word	
tveeggade	1	word	""tve:$%E$ga$de
tvetaliga	1	word	
tvingad	1	word	
tvingande	1	word	""tvIN$an$de
tvingas	1	word	""tvIN$as
tvistande	1	word	
tvistar	1	word	""tvI$star
tvistat	1	word	
tvistefråga	1	word	""tvI$ste$%fro:$ga
tvistefrågas	1	word	""tvI$ste$%fro:$gas
tvivlen	1	word	"tvi:v$len
tvungen	1	word	""tvu0N$en
tvåfaldigt	1	word	""tvo:$%fal$dIkt
tvåhundratal	1	word	
tydligare	1	word	""ty:d$lI$ga$re
tydning	1	word	""ty:d$nIN
tygellösa	1	word	""ty:$gel$%l2:$sa
tygellöst	1	word	""ty:$gel$%l2:st
tygets	1	word	"ty:$gets
tyghuset	1	word	
tyna	1	word	""ty:$na
tynande	1	word	""ty:$nan$de
tynar	1	word	""ty:$nar
tyngd	1	word	"tYNd
tyngda	1	word	""tYN$da
tyngde	1	word	""tYN$de
tyngden	1	word	"tYN$den
tynger	1	word	"tYN$er
tyrann	1	word	tY$"ran
tyrannen	1	word	tY$"ra$nen
tyrannernas	1	word	tY$"ra$ne$n`as
tyrier	1	word	
tyriernas	1	word	
tystade	1	word	""tY$sta$de
tystlåten	1	word	""tYst$%lo:$ten
tystnade	1	word	""tYst$na$de
tystnar	1	word	""tYst$nar
täcker	1	word	"tE$ker
täckt	1	word	"tEkt
täckts	1	word	"tEkts
tälja	1	word	""tEl$ja
täljer	1	word	"tEl$jer
tältbyar	1	word	
tältdukar	1	word	""tElt$%d}:$kar
tälthuset	1	word	
tältmakare	1	word	
tältplatser	1	word	""tElt$%plat$ser
tämjes	1	word	
tändas	1	word	""tEn$das
tändes	1	word	""tEn$des
tänkandet	1	word	""tEN$kan$det
tänke	1	word	
tänkvärt	1	word	""tENk$%vE:t`
täppa	1	word	""tE$pa
täppas	1	word	""tE$pas
täring	1	word	
tärna	1	word	""tE:$n`a
tätnar	1	word	""tE:t$nar
tävlingsbanan	1	word	""tE:v$lINs$%bA:$nan
tävlingsspelen	1	word	
tågat	1	word	""to:$gat
tåliga	1	word	""to:$lI$ga
tålmodige	1	word	""to:l$%mu:$dI$ge
tång	1	word	"tON
tårarna	1	word	""to:$ra$n`a
tårebröd	1	word	
tårekälla	1	word	
té	1	word	
tömmas	1	word	""t9$mas
tömmer	1	word	"t9$mer
törnbuskar	1	word	""t2:n`$%bu0$skar
törnbuske	1	word	""t2:n`$%bu0$ske
törnekronan	1	word	""t2:$n`e$%kru:$nan
törnhäckar	1	word	
törstige	1	word	""t9$s`t`I$ge
u	1	word	"}:
uggla	1	word	""u0$gla
ugnens	1	word	"u0N$nens
ulv	1	word	"u0lv
umgäller	1	word	""u0m$%E$ler
undandrager	1	word	
undanlagt	1	word	
undanröjer	1	word	""u0n$dan$%r9$jer
undantagen	1	word	""u0n$dan$%tA:$gen
undantager	1	word	
undantagna	1	word	""u0n$dan$%tA:$gna
undantog	1	word	""u0n$dan$%tu:g
undanträngt	1	word	
underarm	1	word	""u0n$der$%arm
underbarast	1	word	""u0n$der$%bA:$rast
underblåste	1	word	
undergångens	1	word	""u0n$der$%gON$ens
undergångs	1	word	""u0n$der$%gONs
underhandlade	1	word	""u0n$der$%hand$la$de
underhandlat	1	word	
underhandlingar	1	word	""u0n$der$%hand$lIN$ar
underhållning	1	word	""u0n$der$%hOl$nIN
underhövitsmannen	1	word	
underkastad	1	word	
underkastar	1	word	""u0n$der$%ka$star
underkastas	1	word	""u0n$der$%ka$stas
underkastat	1	word	""u0n$der$%ka$stat
underkastelse	1	word	""u0n$der$%ka$stel$se
underkasten	1	word	
underkläder	1	word	""u0n$der$%klE:$der
underkraft	1	word	
underkuvat	1	word	
underlade	1	word	
underlägsen	1	word	""u0n$de$%l`E:g$sen
underlåt	1	word	""u0n$de$%l`o:t
undermakt	1	word	
undermåligt	1	word	""u0n$der$%mo:$lIkt
underordnade	1	word	""u0n$der$%o:d`$n`a$de
underordnar	1	word	""u0n$der$%o:d`$n`ar
underrättad	1	word	""u0n$de$%rE$tad
underskrivit	1	word	""u0n$de$%s`kri:$vIt
understundom	1	word	u0n$des`$""t`u0n$dOm
underställas	1	word	""u0n$de$%s`t`E$las
understöddes	1	word	""u0n$de$%s`t`9$des
understött	1	word	""u0n$de$%s`t`2:t
undersåtarna	1	word	""u0n$de$%s`o:$ta$n`a
undersåten	1	word	""u0n$de$%s`o:$ten
undersöken	1	word	
undersökningen	1	word	""u0n$de$%s`2:$knIN$en
undertrycka	1	word	""u0n$de$%t`rY$ka
undervisas	1	word	""u0n$der$%vi:$sas
undervisen	1	word	
undervåning	1	word	""u0n$der$%vo:$nIN
undflyn	1	word	
undflytt	1	word	
undfås	1	word	""u0nd$%fo:s
undgingo	1	word	
undgått	1	word	""u0nd$%gOt
undkommo	1	word	
undkomna	1	word	""u0nd$%kOm$na
undran	1	word	""u0n$dran
undslapp	1	word	""u0nd$%slap
undslippa	1	word	""u0nd$%slI$pa
undsluppit	1	word	""u0nd$%slu0$pIt
undsätt	1	word	
undviken	1	word	""u0nd$%vi:$ken
ungdomens	1	word	""u0N$%dU$mens
ungdomliga	1	word	
ungdomsbrud	1	word	
ungdomskraft	1	word	
ungdomskraften	1	word	
ungdomstiden	1	word	""u0N$dUms$%ti:$den
ungdomsåren	1	word	""u0N$dUms$%o:$ren
ungkalv	1	word	
unglejonens	1	word	
unnas	1	word	""u0$nas
uppbjuden	1	word	
uppblomstra	1	word	""u0p$%blOm$stra
uppblåser	1	word	""u0p$%blo:$ser
uppblåses	1	word	""u0p$%blo:$ses
uppblåsthet	1	word	""u0p$blo:st$%he:t
uppbrottsorter	1	word	
uppbrottsorterna	1	word	
uppbruten	1	word	""u0p$%br}:$ten
uppbrändes	1	word	""u0p$%brEn$des
uppbränna	1	word	""u0p$%brE$na
uppbyggaren	1	word	
uppbygges	1	word	""u0p$%bY$ges
uppbåda	1	word	""u0p$%bo:$da
uppbådad	1	word	""u0p$%bo:$dad
uppbådades	1	word	""u0p$%bo:$da$des
uppdela	1	word	""u0p$%de:$la
uppdrager	1	word	
uppdragit	1	word	""u0p$%drA:$gIt
uppdukade	1	word	""u0p$%d}:$ka$de
uppdämdes	1	word	
uppeggad	1	word	""u0p$%E$gad
uppehållna	1	word	""u0$pe$%hOl$na
uppeldat	1	word	
uppenbarare	1	word	""u0$pen$%bA:$ra$re
uppenbarelsens	1	word	""u0$pen$%bA:$rel$sens
uppenbarelsetält	1	word	
uppfattade	1	word	""u0p$%fa$ta$de
uppfattas	1	word	""u0p$%fa$tas
uppfattningen	1	word	""u0p$%fat$nIN$en
uppfinna	1	word	""u0p$%fI$na
uppfinning	1	word	""u0p$%fI$nIN
uppfordrade	1	word	""u0p$%fu:$d`ra$de
uppfostrad	1	word	""u0p$%fU$strad
uppfostrade	1	word	""u0p$%fU$stra$de
uppfrätas	1	word	
uppfräter	1	word	
uppfrättes	1	word	""u0p$%frE$tes
uppfunnit	1	word	""u0p$%fu0$nIt
uppfyll	1	word	""u0p$%fYl
uppfyllelsen	1	word	""u0p$%fY$lel$sen
uppfylles	1	word	""u0p$%fY$les
uppföda	1	word	""u0p$%f2:$da
uppfödde	1	word	
uppföddes	1	word	
uppgiften	1	word	""u0p$%jIf$ten
uppgingo	1	word	
uppgiv	1	word	""u0p$%ji:v
uppgivens	1	word	""u0p$%ji:$vens
uppgives	1	word	""u0p$%ji:$ves
uppgjorde	1	word	""u0p$%ju:$d`e
uppgår	1	word	""u0p$%go:r
uppgått	1	word	""u0p$%gOt
uppgörelse	1	word	""u0p$%j2:$rel$se
uppgören	1	word	
upphetta	1	word	""u0p$%hE$ta
upphinnes	1	word	""u0p$%hI$nes
upphov	1	word	""u0p$%hu:v
upphunnos	1	word	
upphämtas	1	word	""u0p$%hEm$tas
upphängdas	1	word	""u0p$%hEN$das
upphängt	1	word	""u0p$%hENt
upphävda	1	word	
upphävdes	1	word	""u0p$%hE:v$des
upphäves	1	word	""u0p$%hE:$ves
upphöj	1	word	""u0p$%h9j
upphöje	1	word	
upphöjningar	1	word	""u0p$%h9j$nIN$ar
upphöjningen	1	word	""u0p$%h9j$nIN$en
uppkalla	1	word	""u0p$%ka$la
uppkasta	1	word	""u0p$%ka$sta
uppkom	1	word	""u0p$%kOm
uppkomma	1	word	""u0p$%kO$ma
uppkommo	1	word	
uppköparna	1	word	""u0p$%s'2:$pa$n`a
upplag	1	word	""u0p$%lA:g
upplivas	1	word	""u0p$%li:$vas
upploppet	1	word	""u0p$%lO$pet
upplyftande	1	word	
upplyften	1	word	
upplys	1	word	""u0p$%ly:s
upplysning	1	word	""u0p$%ly:$snIN
upplyste	1	word	""u0p$%ly:$ste
upplystes	1	word	""u0p$%ly:$stes
uppläsas	1	word	""u0p$%lE:$sas
upplästes	1	word	
upplöses	1	word	""u0p$%l2:$ses
upplöstes	1	word	""u0p$%l2:$stes
uppmaningar	1	word	""u0p$%mA:$nIN$ar
uppmjukar	1	word	""u0p$%mj}:$kar
uppmuntrar	1	word	""u0p$%mu0n$trar
uppmuntren	1	word	
uppmätningen	1	word	""u0p$%mE:t$nIN$en
uppmätt	1	word	""u0p$%mEt
uppnår	1	word	""u0p$%no:r
upprepa	1	word	""u0p$%re:$pa
uppresas	1	word	""u0p$%re:$sas
uppretade	1	word	""u0p$%re:$ta$de
uppriktighet	1	word	""u0p$rIk$tIg$%he:t
upprinna	1	word	""u0p$%rI$na
uppristat	1	word	
upprorisk	1	word	""u0p$%ru:$rIsk
upproriska	1	word	""u0p$%ru:$rI$ska
upproriskhet	1	word	""u0p$ru:$rIsk$%he:t
uppryckta	1	word	""u0p$%rYk$ta
upprymd	1	word	""u0p$%rYmd
uppräckta	1	word	""u0p$%rEk$ta
upprättades	1	word	""u0p$%rE$ta$des
upprörda	1	word	""u0p$%r2:$d`a
uppröres	1	word	""u0p$%r2:$res
uppsats	1	word	""u0p$%sats
uppskattad	1	word	
uppskattas	1	word	""u0p$%ska$tas
uppskjutas	1	word	""u0p$%x\}:$tas
uppskrivas	1	word	""u0p$%skri:$vas
uppskrivet	1	word	
uppskrämd	1	word	
uppsköt	1	word	""u0p$%x\2:t
uppslaget	1	word	""u0p$%slA:$get
uppslickade	1	word	
uppslukad	1	word	
uppslukades	1	word	""u0p$%sl}:$ka$des
uppslå	1	word	
uppsteg	1	word	""u0p$%ste:g
uppstigit	1	word	""u0p$%sti:$gIt
uppstudsiga	1	word	""u0p$%stu0t$sI$ga
uppställd	1	word	""u0p$%stEld
uppstämde	1	word	
uppstämma	1	word	""u0p$%stE$ma
uppståndna	1	word	""u0p$%stOnd$na
uppsyningsman	1	word	""u0p$sy:$nINs$%man
uppsyningsmannen	1	word	""u0p$sy:$nINs$%ma$nen
uppsändes	1	word	""u0p$%sEn$des
uppsänt	1	word	
uppsättas	1	word	
uppsök	1	word	""u0p$%s2:k
uppsökten	1	word	
upptagande	1	word	""u0p$%tA:$gan$de
upptage	1	word	
upptager	1	word	
upptaget	1	word	""u0p$%tA:$get
uppteckning	1	word	""u0p$%tE$knIN
uppteckningar	1	word	""u0p$%tE$knIN$ar
upptogo	1	word	
upptogs	1	word	""u0p$%tu:gs
uppträtt	1	word	""u0p$%trEt
upptäcka	1	word	""u0p$%tE$ka
upptäcker	1	word	""u0p$%tE$ker
upptänden	1	word	
upptändens	1	word	
upptänkligt	1	word	""u0p$%tEN$klIkt
upptänts	1	word	
upptåg	1	word	""u0p$%to:g
uppvaknar	1	word	""u0p$%vA:$knar
uppvaktning	1	word	""u0p$%vakt$nIN
uppviglar	1	word	""u0p$%vi:$glar
uppviglat	1	word	""u0p$%vi:$glat
uppvuxna	1	word	""u0p$%vu0k$sna
uppväcken	1	word	
uppväckta	1	word	""u0p$%vEk$ta
uppvägdes	1	word	""u0p$%vE:g$des
uppväger	1	word	""u0p$%vE:$ger
uppvärmdes	1	word	
uppväxer	1	word	""u0p$%vEk$ser
uppätare	1	word	
uraktlåtit	1	word	""}:r$akt$%lo:$tIt
urgammal	1	word	""}:r$%ga$mal
urgammalt	1	word	""}:r$%ga$malt
urholkad	1	word	
urholkar	1	word	""}:r$%hOl$kar
urims	1	word	
urkunderna	1	word	""}:r$%ku0n$de$n`a
ursinnig	1	word	""}:$%s`I$nIg
ursinniga	1	word	""}:$%s`I$nI$ga
urskilja	1	word	""}:r$%x\Il$ja
ursprunglige	1	word	""}:$%s`pru0N$lI$ge
ursäkta	1	word	""}:$%s`Ek$ta
ursäktade	1	word	""}:$%s`Ek$ta$de
ursäkter	1	word	""}:$%s`Ek$ter
urtidens	1	word	""}:$%t`i:$dens
urtidsbäcken	1	word	
urtidsdagar	1	word	
urtidsfolket	1	word	
urtidshimlarnas	1	word	
uselheten	1	word	""}:$sel$%he:$ten
usling	1	word	""}:$slIN
uslingarna	1	word	""}:$slIN$a$n`a
uslingarnas	1	word	""}:$slIN$a$n`as
ussieliternas	1	word	
utandas	1	word	""}:t$%an$das
utanordning	1	word	
utarma	1	word	""}:t$%ar$ma
utarmad	1	word	
utarmade	1	word	""}:t$%ar$ma$de
utbeder	1	word	""}:t$%be:$der
utbetalas	1	word	""}:t$be$%tA:$las
utbjuda	1	word	""}:t$%bj}:$da
utblottad	1	word	""}:t$%blO$tad
utblottades	1	word	""}:t$%blO$ta$des
utbredd	1	word	
utbreden	1	word	
utbredning	1	word	""}:t$%bre:d$nIN
utbytte	1	word	""}:t$%bY$te
utdelat	1	word	""}:t$%de:$lat
utdrag	1	word	""}:t$%drA:g
utdriva	1	word	""}:t$%dri:$va
utdrivit	1	word	""}:t$%dri:$vIt
uteblev	1	word	""}:$te$%ble:v
uteslut	1	word	""}:$te$%sl}:t
utesluten	1	word	""}:$te$%sl}:$ten
utestängd	1	word	""}:$te$%stENd
utestängda	1	word	""}:$te$%stEN$da
utfaller	1	word	""}:t$%fa$ler
utflutna	1	word	""}:t$%fl}:t$na
utflöde	1	word	""}:t$%fl2:$de
utformar	1	word	""}:t$%fOr$mar
utforskat	1	word	""}:t$%fO$s`kat
utforsken	1	word	
utfärdad	1	word	
utfäste	1	word	""}:t$%fE$ste
utförande	1	word	""}:t$%f2:r$an$de
utförd	1	word	
utfördes	1	word	""}:t$%f2:$d`es
utfören	1	word	
utföres	1	word	""}:t$%f2:$res
utförligt	1	word	""}:t$%f2:$l`Ikt
utgammal	1	word	
utgift	1	word	""}:t$%jIft
utgifterna	1	word	""}:t$%jIf$te$n`a
utgivande	1	word	""}:t$%ji:$van$de
utgiver	1	word	""}:t$%ji:$ver
utgivet	1	word	""}:t$%ji:$vet
utgjut	1	word	""}:t$%j}:t
utgjutandet	1	word	
utgjutits	1	word	""}:t$%j}:$tIts
utgrenade	1	word	""}:t$%gre:$na$de
utgrundar	1	word	""}:t$%gru0n$dar
utgöte	1	word	
utgöts	1	word	""}:t$%j2:ts
uthärdaden	1	word	
uthärden	1	word	
uthållig	1	word	""}:t$%hO$lIg
utjagade	1	word	""}:t$%jA:$ga$de
utkastas	1	word	""}:t$%ka$stas
utkastat	1	word	""}:t$%ka$stat
utkorades	1	word	""}:t$%ko:$ra$des
utkoras	1	word	""}:t$%ko:$ras
utkorat	1	word	
utkorelsen	1	word	""}:t$%ko:$rel$sen
utkramade	1	word	""}:t$%krA:$ma$de
utkräv	1	word	""}:t$%krE:v
utkräven	1	word	
utkämpades	1	word	""}:t$%s'Em$pa$des
utlevad	1	word	
utlevade	1	word	
utlovar	1	word	""}:t$%lo:$var
utlyst	1	word	""}:t$%ly:st
utlysta	1	word	
utlystes	1	word	""}:t$%ly:$stes
utlämnad	1	word	""}:t$%lEm$nad
utlämnaden	1	word	
utlämnar	1	word	""}:t$%lEm$nar
utlämnat	1	word	""}:t$%lEm$nat
utländsk	1	word	""}:t$%lEndsk
utländskt	1	word	""}:t$%lEndskt
utlänningarna	1	word	""}:t$%lE$nIN$a$n`a
utlänningars	1	word	""}:t$%lE$nIN$as`
utlänningen	1	word	""}:t$%lE$nIN$en
utlännings	1	word	""}:t$%lE$nINs
utmana	1	word	""}:t$%mA:$na
utmarkerna	1	word	""}:t$%mar$ke$n`a
utmattat	1	word	""}:t$%ma$tat
utmärkas	1	word	""}:t$%mEr$kas
utmärkelse	1	word	""}:t$%mEr$kel$se
utmärkelserna	1	word	""}:t$%mEr$kel$se$n`a
utmärker	1	word	""}:t$%mEr$ker
utnämna	1	word	""}:t$%nEm$na
utomkring	1	word	
utpantat	1	word	
utpantning	1	word	
utpinat	1	word	
utplanterat	1	word	
utplundra	1	word	""}:t$%plu0n$dra
utplundrad	1	word	""}:t$%plu0n$drad
utplånades	1	word	""}:t$%plo:$na$des
utpostens	1	word	""}:t$%pO$stens
utposterna	1	word	""}:t$%pO$ste$n`a
utpressar	1	word	""}:t$%prE$sar
utpressaren	1	word	""}:t$%prE$sa$ren
utpressas	1	word	""}:t$%prE$sas
utrannsakad	1	word	""}:t$ran$%sA:$kad
utrannsakade	1	word	""}:t$ran$%sA:$ka$de
utropare	1	word	""}:t$%ru:$pa$re
utrotades	1	word	""}:t$%ru:$ta$des
utrote	1	word	
utroten	1	word	
utrustar	1	word	""}:t$%ru0$star
utrustas	1	word	""}:t$%ru0$stas
utrymmer	1	word	""}:t$%rY$mer
uträckas	1	word	""}:t$%rE$kas
uträcken	1	word	
uträttas	1	word	""}:t$%rE$tas
uträtte	1	word	
utröna	1	word	""}:t$%r2:$na
utsagan	1	word	""}:t$%sA:$gan
utsagors	1	word	""}:t$%sA:$gUs`
utsatte	1	word	
utseendes	1	word	""}:t$%se:$en$des
utsen	1	word	
utses	1	word	""}:t$%se:s
utsida	1	word	""}:t$%si:$da
utsidan	1	word	""}:t$%si:$dan
utsinad	1	word	""}:t$%si:$nad
utskakad	1	word	
utskärning	1	word	""}:t$%x\E:$n`IN
utslagna	1	word	""}:t$%slA:$gna
utsliten	1	word	""}:t$%sli:$ten
utslocknar	1	word	""}:t$%slO$knar
utsläcker	1	word	""}:t$%slE$ker
utsläckta	1	word	""}:t$%slEk$ta
utsläckte	1	word	
utsmyckning	1	word	""}:t$%smY$knIN
utspanat	1	word	
utspriddes	1	word	""}:t$%sprI$des
utsprider	1	word	""}:t$%spri:$der
utspringande	1	word	
utspyr	1	word	""}:t$%spy:r
utspytt	1	word	
utspända	1	word	""}:t$%spEn$da
utspänner	1	word	""}:t$%spE$ner
utspätt	1	word	""}:t$%spEt
utsträckning	1	word	""}:t$%strE$knIN
utsträckta	1	word	
utstrålade	1	word	""}:t$%stro:$la$de
utströmma	1	word	""}:t$%str9$ma
utströs	1	word	
utstån	1	word	
utståndet	1	word	""}:t$%stOn$det
utstöta	1	word	""}:t$%st2:$ta
utstötas	1	word	""}:t$%st2:$tas
utstötta	1	word	""}:t$%st9$ta
utsugas	1	word	""}:t$%s}:$gas
utsuger	1	word	""}:t$%s}:$ger
utsvävning	1	word	""}:t$%svE:v$nIN
utsäga	1	word	""}:t$%sE$ja
utsäger	1	word	""}:t$%sE$jer
utsändas	1	word	
utsände	1	word	""}:t$%sEn$de
utsändes	1	word	""}:t$%sEn$des
utsättes	1	word	
utså	1	word	""}:t$%so:
utsågo	1	word	
utsågos	1	word	
utsått	1	word	
utsökta	1	word	""}:t$%s2:k$ta
uttagas	1	word	
uttages	1	word	
uttal	1	word	""}:t$%tA:l
uttaladen	1	word	
uttalas	1	word	""}:t$%tA:$las
uttog	1	word	
uttorkat	1	word	
uttryck	1	word	""}:t$%trYk
uttrycket	1	word	""}:t$%trY$ket
uttryckssättet	1	word	""}:t$trYks$%sE$tet
uttyd	1	word	""}:t$%ty:d
uttydare	1	word	""}:t$%ty:$da$re
uttydningar	1	word	""}:t$%ty:d$nIN$ar
uttydningskonst	1	word	
uttänkas	1	word	""}:t$%tEN$kas
uttänker	1	word	""}:t$%tEN$ker
uttömd	1	word	
uttömda	1	word	
uttömmande	1	word	""}:t$%t9$man$de
uttömmer	1	word	""}:t$%t9$mer
uttömning	1	word	""}:t$%t9m$nIN
uttömt	1	word	""}:t$%t9mt
utvalden	1	word	
utvandra	1	word	""}:t$%van$dra
utverkat	1	word	""}:t$%vEr$kat
utvidgat	1	word	""}:t$%vId$gat
utvidge	1	word	
utvisar	1	word	""}:t$%vi:$sar
utvisat	1	word	""}:t$%vi:$sat
utväljen	1	word	
utväxla	1	word	""}:t$%vEk$sla
utövar	1	word	""}:t$%2:$var
utövat	1	word	""}:t$%2:$vat
utövningen	1	word	""}:t$%2:v$nIN$en
vada	1	word	""vA:$da
vadställen	1	word	""vA:d$%stE$len
vaggar	1	word	""va$gar
vagnshären	1	word	
vagnshästars	1	word	""vaNns$%hE$stas`
vagnskämpar	1	word	
vagnslinor	1	word	
vagnsrasslet	1	word	
vagnsredskap	1	word	
vakande	1	word	""vA:$kan$de
vakenatt	1	word	
vaksamhet	1	word	""vA:k$sam$%he:t
vaktaren	1	word	""vak$ta$ren
vaktat	1	word	""vak$tat
vaktavdelningar	1	word	
vakteldar	1	word	
vakterna	1	word	""vak$te$n`a
vakthavande	1	word	""vakt$%hA:$van$de
vaktkammarens	1	word	
vaktpost	1	word	""vakt$%pOst
vaktskjul	1	word	
vaktskjulet	1	word	
vaktstället	1	word	
vakttjänstgöringen	1	word	
vakttornen	1	word	""vakt$%tu:$n`en
vakttornet	1	word	""vakt$%tu:$n`et
valkare	1	word	
valkares	1	word	
valla	1	word	""va$la
vallgravar	1	word	""val$%grA:$var
vallhundar	1	word	""val$%hu0n$dar
valloxar	1	word	
valnötslunden	1	word	
van	1	word	"vA:n
vanartighet	1	word	
vanbördig	1	word	""vA:n$%b2:$d`Ig
vandrare	1	word	""van$dra$re
vandrarna	1	word	""van$dra$n`a
vanhelgade	1	word	""vA:n$%hEl$ga$de
vankelmod	1	word	""vaN$kel$%mu:d
vanmäktige	1	word	""vA:n$%mEk$tI$ge
vanna	1	word	""va$na
vanor	1	word	""vA:$nUr
vanryktad	1	word	""vA:n$%rYk$tad
vanrykte	1	word	""vA:n$%rYk$te
vanställa	1	word	""vA:n$%stE$la
vanvettig	1	word	""vA:n$%vE$tIg
vanvettingar	1	word	
vanvörda	1	word	
vanvördigt	1	word	""vA:n$%v2:$d`Ikt
vapendans	1	word	
vapendragares	1	word	""vA:$pen$%drA:$ga$res
vapenför	1	word	""vA:$pen$%f2:r
vapenföra	1	word	""vA:$pen$%f2:$ra
vapenomgjordade	1	word	
vapenrustningar	1	word	
vapenutrustning	1	word	
vapnet	1	word	"vA:p$net
varelsernas	1	word	""vA:$rel$se$n`as
varkunnsamhet	1	word	
varligt	1	word	""vA:$l`Ikt
varnad	1	word	
varsam	1	word	""vA:$%s`am
varsamhet	1	word	""vA:$s`am$%he:t
varsel	1	word	"va$s`el
varsko	1	word	""vA:$%s`ku:
varsnar	1	word	""va$s`n`ar
varsnas	1	word	""va$s`n`as
varunder	1	word	vA:r$"u0n$der
varutinnan	1	word	vA:$r}:t$""I$nan
vattenbehållare	1	word	""va$ten$be$%hO$la$re
vattenbristens	1	word	""va$ten$%brI$stens
vattenbrunnar	1	word	
vattenbäckarna	1	word	
vattendammar	1	word	
vattendjur	1	word	""va$ten$%j}:r
vattendjurs	1	word	""va$ten$%j}:s`
vattendroppe	1	word	""va$ten$%drO$pe
vattenflöde	1	word	""va$ten$%fl2:$de
vattenförrådet	1	word	
vattenhon	1	word	""va$ten$%hu:n
vattenhopar	1	word	
vattenmassor	1	word	""va$ten$%ma$sUr
vattenmassorna	1	word	""va$ten$%ma$sU$n`a
vattenrikt	1	word	""va$ten$%ri:kt
vattensamlingar	1	word	""va$ten$%sam$lIN$ar
vattensamlingen	1	word	""va$ten$%sam$lIN$en
vattensvallet	1	word	
vattnad	1	word	""vat$nad
vattnas	1	word	""vat$nas
vattnat	1	word	""vat$nat
vattusiktig	1	word	""va$t}:$%sIk$tIg
veckan	1	word	""vE$kan
veckodagens	1	word	""vE$kU$%dA:$gens
veckornas	1	word	""vE$kU$n`as
veckors	1	word	""vE$kUs`
vedbördor	1	word	
vederbör	1	word	""ve:$der$%b2:r
vederbörliga	1	word	""ve:$der$%b2:$l`I$ga
vederfående	1	word	""ve:$der$%fo:$en$de
vedergälles	1	word	""ve:$der$%jE$les
vederkvick	1	word	""ve:$der$%kvIk
vederkvickande	1	word	
vederkvickas	1	word	""ve:$der$%kvI$kas
vederkvickelsens	1	word	""ve:$der$%kvI$kel$sens
vederkvickte	1	word	
vederläggning	1	word	""ve:$de$%l`E$gnIN
vedermödan	1	word	""ve:$der$%m2:$dan
vederparten	1	word	
vederparts	1	word	
vederstygglig	1	word	""ve:$de$%s`t`Y$glIg
vederstyggligare	1	word	
vederstyggligt	1	word	""ve:$de$%s`t`Y$glIkt
vedervärdigt	1	word	""ve:$der$%vE:$d`Ikt
vedpinnar	1	word	""ve:d$%pI$nar
veka	1	word	""ve:$ka
verkas	1	word	""vEr$kas
verke	1	word	
verklige	1	word	""vEr$klI$ge
verksamma	1	word	""vErk$%sa$ma
verksamt	1	word	""vErk$%samt
verkställa	1	word	""vErk$%stE$la
verkställas	1	word	""vErk$%stE$las
verop	1	word	
vesslan	1	word	""vE$slan
vetande	1	word	""ve:$tan$de
vetebrödskorgar	1	word	
vetefält	1	word	""ve:$te$%fElt
vetehög	1	word	
vetekorn	1	word	""ve:$te$%ku:n`
vetekornet	1	word	""ve:$te$%ku:$n`et
vetelasten	1	word	
veteskörd	1	word	""ve:$te$%x\2:d`
vettet	1	word	"vE$tet
vidden	1	word	"vI$den
vidder	1	word	""vI$der
vidga	1	word	""vId$ga
vidgat	1	word	""vId$gat
vidgen	1	word	
vidgå	1	word	""vi:d$%go:
vidgår	1	word	""vi:d$%go:r
vidhöll	1	word	""vi:d$%h9l
vidkommer	1	word	
vidrig	1	word	""vi:$drIg
vidskepliga	1	word	""vi:d$%x\e:$plI$ga
vidtaga	1	word	""vi:d$%tA:$ga
vidtagna	1	word	""vi:d$%tA:$gna
vidunder	1	word	""vi:$du0n$der
vidunderliga	1	word	""vI$du0n$de$l`I$ga
vidöppna	1	word	""vi:d$%9p$na
viftat	1	word	""vIf$tat
viften	1	word	"vIf$ten
viftoffersbröd	1	word	
viftofferskärven	1	word	
vikar	1	word	""vi:$kar
viktigare	1	word	""vIk$tI$ga$re
viktigast	1	word	""vIk$tI$gast
viktigaste	1	word	""vIk$tI$ga$ste
viktskål	1	word	
vildare	1	word	""vIl$da$re
vildhet	1	word	""vIld$%he:t
vildmarken	1	word	""vIld$%mar$ken
vildoxar	1	word	""vIld$%Uk$sar
vildoxarnas	1	word	""vIld$%Uk$sa$n`as
vildoxars	1	word	""vIld$%Uk$sas`
vildoxens	1	word	""vIld$%Uk$sens
vildåsnefåle	1	word	
vile	1	word	
vilkendera	1	word	vIl$ken$"de:$ra
vilkenderas	1	word	
villan	1	word	""vI$lan
villas	1	word	""vI$las
villats	1	word	
villigare	1	word	""vI$lI$ga$re
villighetens	1	word	""vI$lIg$%he:$tens
villkoren	1	word	""vIl$%ko:$ren
villoandar	1	word	""vI$lU$%an$dar
villoläraren	1	word	
vilobädden	1	word	
vilodagen	1	word	""vi:$lU$%dA:$gen
vilokuddarna	1	word	
viloplatsen	1	word	
viloplatser	1	word	
vilostaden	1	word	
vilseförda	1	word	
vilsekommet	1	word	""vIl$se$%kO$met
vilseledd	1	word	
vimla	1	word	""vIm$la
vimlar	1	word	""vIm$lar
vinberusades	1	word	
vinbärgarna	1	word	
vindarnas	1	word	""vIn$da$n`as
vindkast	1	word	""vInd$%kast
vindpust	1	word	""vInd$%pu0st
vindrickande	1	word	
vindryck	1	word	
vindspejare	1	word	
vinets	1	word	"vi:$nets
vinförråd	1	word	
vingen	1	word	""vIN$en
vingfjädrar	1	word	
vingpennornas	1	word	""vIN$%pE$nU$n`as
vingspetsen	1	word	""vIN$%spEt$sen
vingårdarnas	1	word	""vi:N$%go:$d`a$n`as
vingårdsarbetare	1	word	
vingårdskniv	1	word	
vingårdsplanteringar	1	word	
vingårdsvakterska	1	word	
vinkade	1	word	""vIN$ka$de
vinningen	1	word	""vI$nIN$en
vinnlade	1	word	
vinnläggen	1	word	
vinpressar	1	word	""vi:n$%prE$sar
vinrankan	1	word	""vi:n$%raN$kan
vinrankor	1	word	""vi:n$%raN$kUr
vinsalen	1	word	
vint	1	word	"vInt
vintappare	1	word	
vinterbäck	1	word	
vinterdag	1	word	""vIn$te$%d`A:g
vinterhus	1	word	
vinterhuset	1	word	
vintrampare	1	word	
vintrampares	1	word	
vinträdets	1	word	""vi:n$%trE:$dets
vinträdskvisten	1	word	
vira	1	word	""vi:$ra
virvelvinden	1	word	""vIr$vel$%vIn$den
visad	1	word	
visaden	1	word	
visan	1	word	""vi:$san
visast	1	word	""vi:$sast
visaste	1	word	""vi:$sa$ste
visdomsverk	1	word	
vishetslära	1	word	""vi:s$he:ts$%lE:$ra
vishetsskrytet	1	word	
viskade	1	word	""vI$ska$de
viskas	1	word	""vI$skas
viskat	1	word	""vI$skat
vissnat	1	word	""vI$snat
vistelsen	1	word	""vI$stel$sen
vitaste	1	word	""vi:$ta$ste
vitlöken	1	word	""vi:t$%l2:$ken
vitmena	1	word	""vi:t$%me:$na
vitmeningen	1	word	
vitnade	1	word	""vi:t$na$de
vittnena	1	word	""vIt$ne$na
vittnenas	1	word	""vIt$ne$nas
vittnesbörden	1	word	""vIt$nes$%b2:$d`en
vittnesmål	1	word	""vIt$nes$%mo:l
vittskuggande	1	word	
vommen	1	word	"vO$men
vorden	1	word	
vredesdomens	1	word	""vre:$des$%dU$mens
vredesfyllda	1	word	
vredesförgrymmelse	1	word	
vredesskålar	1	word	""vre:$des$%sko:$lar
vredesverk	1	word	
vredgats	1	word	
vredgens	1	word	
vrenskande	1	word	
vrenskas	1	word	"vrEn$skas
vridas	1	word	""vri:$das
vridbar	1	word	""vri:d$%bA:r
vridbara	1	word	""vri:d$%bA:$ra
vrider	1	word	"vri:$der
vrides	1	word	""vri:$des
vräka	1	word	""vrE:$ka
vräkt	1	word	"vrE:kt
vräkte	1	word	""vrE:k$te
vrängen	1	word	
vrånges	1	word	""vrON$es
vrånghjärtade	1	word	""vrON$%jE$t`a$de
vrångsint	1	word	""vrON$%sInt
vrångsinthet	1	word	
vrår	1	word	"vro:r
vunnet	1	word	""vu0$net
väck	1	word	"vEk
väckas	1	word	""vE$kas
väckt	1	word	"vEkt
vädjar	1	word	""vE:d$jar
vädrar	1	word	""vE:$drar
vädurars	1	word	""vE:$%d}:$ras`
vädursbogen	1	word	
vägars	1	word	""vE:$gas`
vägbrytare	1	word	
vägens	1	word	"vE:$gens
väggpanel	1	word	""vEg$pa$%ne:l
vägkost	1	word	
vägleda	1	word	""vE:g$%le:$da
vägledd	1	word	""vE:g$%lEd
vägledde	1	word	""vE:g$%lE$de
vägmärken	1	word	""vE:g$%mEr$ken
vägning	1	word	""vE:$gnIN
vägskälen	1	word	""vE:g$%x\E:$len
vägvisarna	1	word	""vE:g$%vi:$sa$n`a
vägvisning	1	word	""vE:g$%vi:$snIN
väiuppfostrad	1	word	
väktarens	1	word	""vEk$ta$rens
väktartorn	1	word	
väktartornen	1	word	
välbefinnande	1	word	""vE:l$be$%fI$nan$de
välbefäst	1	word	
välbefästa	1	word	
välbehållet	1	word	""vE:l$be$%hO$let
välberett	1	word	
välbetänkt	1	word	""vE:l$be$%tENkt
välbeväpnade	1	word	""vE:l$be$%vE:p$na$de
välden	1	word	""vEl$den
väldiges	1	word	""vEl$dI$ges
väldigheterna	1	word	""vEl$dIg$%he:$te$n`a
välformade	1	word	""vE:l$%fOr$ma$de
välfödda	1	word	""vE:l$%f9$da
välgärning	1	word	""vE:l$%jE:$n`IN
välgörande	1	word	""vE:l$%j2:$ran$de
välgörares	1	word	""vE:l$%j2:$ra$res
väljen	1	word	
väller	1	word	"vE$ler
välljudande	1	word	""vE:l$%j}:$dan$de
vällt	1	word	"vElt
vällustsynd	1	word	
välmaktstid	1	word	
välmåga	1	word	""vE:l$%mo:$ga
välsignas	1	word	vEl$"sIN$nas
välsignelsegåva	1	word	
välsignelses	1	word	vEl$"sIN$nel$ses
välsinnade	1	word	""vE:l$%sI$na$de
välsmakande	1	word	""vE:l$%smA:$kan$de
välspunna	1	word	
vältren	1	word	
väluppfostrad	1	word	""vE:l$u0p$%fU$strad
välvas	1	word	""vEl$vas
välviljas	1	word	""vE:l$%vIl$jas
välvt	1	word	"vElft
välväxt	1	word	""vE:l$%vEkst
vämjdes	1	word	""vEmj$des
vämjeliga	1	word	""vE$mje$lI$ga
vämjeligheten	1	word	
vämjeligt	1	word	""vE$mje$lIkt
vämjelse	1	word	""vE$mjel$se
vämjes	1	word	
vänja	1	word	""vE$nja
vänjer	1	word	""vE$njer
vänlig	1	word	""vEn$lIg
vänligr	1	word	
vännernas	1	word	""vE$ne$n`as
vänskapsförhållande	1	word	""vEn$skA:ps$f9r$%hO$land$de
vänsterhänt	1	word	""vEn$ster$%hEnt
vänsterhänta	1	word	
väntaden	1	word	
väntande	1	word	""vEn$tan$de
värdefullt	1	word	""vE:$d`e$%fu0lt
värdelösare	1	word	""vE:$d`e$%l2:$sa$re
värderad	1	word	
värderat	1	word	vE$"d`e:$rat
värdigas	1	word	""vE:$d`I$gas
värdigheter	1	word	
värdinnas	1	word	vE$""d`I$nas
världs	1	word	"vE:d`s`
världsalltet	1	word	""vE:d`s`$%al$tet
världshärskare	1	word	""vE:d`s`$%hE$s`ka$re
världsordningen	1	word	""vE:d`s`$%o:d`$n`IN$en
världsålders	1	word	""vE:d`s`$%Ol$des`
värmer	1	word	"vEr$mer
värmt	1	word	"vErmt
värna	1	word	""vE:$n`a
värnande	1	word	""vE:$n`an$de
väsande	1	word	
väsendets	1	word	"vE:$sen$dets
väsens	1	word	"vE:$sens
väskan	1	word	""vE$skan
västanvind	1	word	""vE$stan$%vInd
väste	1	word	""vE:$ste
västerns	1	word	"vE$sten`s`
väter	1	word	"vE:$ter
vätt	1	word	"vEt
vävare	1	word	""vE:$va$re
vävarens	1	word	""vE:$va$rens
väven	1	word	"vE:$ven
vävpluggen	1	word	
växe	1	word	
växlar	1	word	""vEk$slar
växlare	1	word	""vEk$sla$re
växlingar	1	word	""vEk$slIN$ar
växterna	1	word	""vEk$ste$n`a
växternas	1	word	""vEk$ste$n`as
våghals	1	word	""vo:g$%hals
vågornas	1	word	""vo:$gU$n`as
vågsvallet	1	word	""vo:g$%sva$let
våldförde	1	word	""vOld$%f2:$d`e
våldsammare	1	word	""vOld$%sa$ma$re
våldsammaste	1	word	""vOld$%sa$ma$ste
våldsgärning	1	word	""vOlds$%jE:$n`IN
våldshandlingars	1	word	""vOlds$%hand$lIN$as`
våldslagar	1	word	
våldsman	1	word	""vOlds$%man
våldsmännen	1	word	""vOlds$%mE$nen
våldsmännens	1	word	""vOlds$%mE$nens
våldsnästen	1	word	
våldsverkaren	1	word	""vOlds$%vEr$ka$ren
våldsverkarhopen	1	word	
våldsverkarna	1	word	""vOld$%svEr$ka$n`a
vållats	1	word	""vO$lats
vållen	1	word	
våndan	1	word	""vOn$dan
våningarna	1	word	""vo:$nIN$a$n`a
vårdaden	1	word	
vårdslös	1	word	""vo:d`s`$%l`2:s
vårdtorn	1	word	
vårens	1	word	"vo:$rens
vårregnets	1	word	""vo:r$%rEN$nets
vått	1	word	"vOt
vördnadsvärd	1	word	""v2:d`$n`ats$%vE:d`
yngres	1	word	"YN$res
yngsta	1	word	""YN$sta
yngstes	1	word	
ynnesten	1	word	"Y$ne$sten
yperste	1	word	
yrket	1	word	""Yr$ket
yrselbilder	1	word	
yster	1	word	"Y$ster
ystert	1	word	"Y$stet`
ystra	1	word	""Y$stra
ytan	1	word	""y:$tan
ytor	1	word	""y:$tUr
ytterbyggnad	1	word	
yttermur	1	word	
yttermuren	1	word	
yvens	1	word	
yxjärnet	1	word	
yxorna	1	word	""Yk$sU$n`a
Äger	1	word	"E:$ger
Äktenskapet	1	name	""Ek$ten$%skA:$pet
Äktenskapsbrytarens	1	name	""Ek$ten$skA:ps$%bry:$ta$rens
Älskad	1	word	
Änglabröd	1	name	
Åkermannen	1	word	
Åklagare	1	word	""o:$%klA:$ga$re
Ånger	1	word	"ON$er
Ångest	1	word	"ON$est
Åsninnorna	1	word	o:$""snI$nU$n`a
Åsnorna	1	word	""o:$snU$n`a
Åstunda	1	word	""o:$%stu0n$da
Åstundar	1	word	""o:$%stu0n$dar
Åtta	1	word	""O$ta
Åttio	1	word	"O$tI$U
Ödelagda	1	word	""2:$de$%lag$da
Öga	1	word	""2:$ga
Ömkansvärda	1	word	""9m$kans$%vE:$d`a
Ömken	1	word	
Önsken	1	name	
Örontasslaren	1	word	
Ös	1	name	"2:s
Ösen	1	name	
Östanvinden	1	word	""9$stan$%vIn$den
Österut	1	word	"9$ster$}:t
Öven	1	word	
Överfogdarna	1	name	
Övergiver	1	word	""2:$ver$%ji:$ver
Överherden	1	name	
Överhuvud	1	word	""2:$ver$%h}:$vu0d
Överläggning	1	name	""2:$ve$%l`E$gnIN
Överlåter	1	word	""2:$ve$%l`o:$ter
Övermodet	1	word	""2:$ver$%mu:$det
Övermåttan	1	word	2:$ver$""mO$tan
Överskyl	1	word	""2:$ver$%x\y:l
Överväg	1	word	""2:$ver$%vE:g
Övervägen	1	name	
Övriga	1	word	""2:$vrI$ga
äckel	1	word	"E$kel
ädlare	1	word	""E:d$la$re
ägande	1	word	""E:$gan$de
ägen	1	word	
äggen	1	word	"E$gen
ägnad	1	word	""EN$nad
ägnat	1	word	""EN$nat
ägolott	1	word	
ägor	1	word	""E:$gUr
ägorna	1	word	""E:$gU$n`a
äktenskaplig	1	word	""Ek$ten$%skA:$plIg
äktenskapsbrottet	1	word	""Ek$ten$skA:ps$%brO$tet
äktenskapsbrotts	1	word	""Ek$ten$skA:ps$%brOts
äktenskapsbrytares	1	word	""Ek$ten$skA:ps$%bry:$ta$res
äktenskapsbryterskans	1	word	
äktenskapsbryterskas	1	word	
äktenskapsfördrag	1	word	
äktenskapsrätt	1	word	
äktenskapsskillnad	1	word	""Ek$ten$skA:ps$%x\Il$nad
älskades	1	word	""El$ska$des
älskares	1	word	""El$ska$res
älskliga	1	word	""Els$klI$ga
älskligt	1	word	""Els$klIkt
älsklingsbarn	1	word	""Els$klINs$%bA:n`
älsklingsplantering	1	word	
älskogskrankt	1	word	""El$sku:gs$%kraNkt
älskogstid	1	word	
ämbetes	1	word	""Em$%be:$tes
ämbetsförvaltningen	1	word	
ämbetsmannen	1	word	""Em$be:ts$%ma$nen
ämbetsmän	1	word	""Em$be:ts$%mEn
ämbetsskrud	1	word	""Em$be:ts$%skr}:d
ämbetsskrudar	1	word	""Em$be:ts$%skr}:$dar
ämnad	1	word	
ämnenas	1	word	""Em$ne$nas
ändrat	1	word	""En$drat
ändrats	1	word	""En$drats
ängarnas	1	word	""EN$a$n`as
ängder	1	word	""EN$der
ängderna	1	word	""EN$de$n`a
ängladyrkan	1	word	
änglaspis	1	word	
änglasyn	1	word	
ängsla	1	word	""EN$sla
ängslades	1	word	""EN$sla$des
ängslens	1	word	
ängslig	1	word	""EN$slIg
änkestånd	1	word	""EN$ke$%stOnd
änkestånds	1	word	""EN$ke$%stOnds
änketid	1	word	
äppelträd	1	word	""E$pel$%trE:d
äppelträden	1	word	""E$pel$%trE:$den
äppelträdet	1	word	""E$pel$%trE:$det
äpplens	1	word	""E$plens
ärbarhet	1	word	""E:r$bA:r$%he:t
ärebetygelser	1	word	""E:$re$be$%ty:$gel$ser
äredag	1	word	
ärelystnad	1	word	""E:$re$%lYst$nad
ärelös	1	word	""E:$re$%l2:s
ärendet	1	word	""E:$ren$det
äreplats	1	word	
ärer	1	word	
äreskänk	1	word	
äresäte	1	word	
äring	1	word	""E:$rIN
ärligt	1	word	""E:$l`Ikt
ärnar	1	word	""E:$n`ar
ärofulla	1	word	""E:$rU$%fu0$la
ärrbildningen	1	word	""Er$%bIld$nIN$en
ärvt	1	word	"Erft
ässjan	1	word	""E$s`an
ätbart	1	word	""E:t$%bA:t`
ätes	1	word	""E:$tes
ätters	1	word	""E$tes`
ättika	1	word	""E$tI$ka
ättled	1	word	
ättlingarna	1	word	""Et$lIN$a$n`a
ävenså	1	word	""E:$ven$%so:
äventyrare	1	word	""E:$ven$%ty:$ra$re
ävlades	1	word	""E:v$la$des
åberopar	1	word	""o:$be$%ru:$par
åder	1	word	"o:$der
ådrog	1	word	""o:$%dru:g
ådrogo	1	word	
åhörare	1	word	""o:$%h2:$ra$re
åka	1	word	""o:$ka
åkallande	1	word	""o:$%ka$land$de
åkerbruket	1	word	""o:$ker$%br}:$ket
åkerfältets	1	word	""o:$ker$%fEl$tets
åkermännen	1	word	
åkerns	1	word	"o:$ken`s`
åklaga	1	word	""o:$%klA:$ga
ålade	1	word	""o:$%lA:$de
ålagd	1	word	""o:$%lagd
ålderdomen	1	word	""Ol$de$%d`U$men
ålderdoms	1	word	""Ol$de$%d`Ums
ålders	1	word	"Ol$des`
åldrar	1	word	""Ol$drar
åldrig	1	word	""Ol$drIg
åldriga	1	word	""Ol$drI$ga
åldringarna	1	word	""Ol$drIN$a$n`a
åldringars	1	word	""Ol$drIN$as`
åliggandena	1	word	""o:$%lI$gan$de$na
åläggas	1	word	""o:$%lE$gas
ålägges	1	word	
åminnelsedag	1	word	""o:$mI$nel$se$%dA:g
åminnelsemärke	1	word	
åminnelsen	1	word	""o:$%mI$nel$sen
åminnelseoffret	1	word	
ångan	1	word	""ON$an
ångesten	1	word	"ON$e$sten
ångestens	1	word	"ON$e$stens
ångestfulla	1	word	""ON$est$%fu0$la
ångraden	1	word	
årsgammal	1	word	""o:s`$%ga$mal
årsveckor	1	word	
årsveckorna	1	word	
åsamka	1	word	""o:$%sam$ka
åse	1	word	""o:$%se:
åsett	1	word	
åskådning	1	word	""o:$%sko:d$nIN
åsnehuvud	1	word	
åsnekäke	1	word	
åsninnans	1	word	o:$""snI$nans
åsnors	1	word	""o:$snUs`
åstadkommer	1	word	""o:$stA:d$%kO$mer
åsyna	1	word	""o:$%sy:$na
åtag	1	word	
åtager	1	word	
åtagit	1	word	""o:$%tA:$gIt
åtanken	1	word	""o:$%taN$ken
åteln	1	word	""o:$teln
återbördas	1	word	""o:$ter$%b2:$d`as
återbördat	1	word	
återfärden	1	word	""o:$ter$%fE:$d`en
återfått	1	word	""o:$ter$%fOt
återför	1	word	""o:$ter$%f2:r
återföra	1	word	""o:$ter$%f2:$ra
återfört	1	word	
återgiven	1	word	""o:$ter$%ji:$ven
återgivit	1	word	""o:$ter$%ji:$vIt
återgäldade	1	word	""o:$ter$%jEl$da$de
återhåll	1	word	""o:$ter$%hOl
återhållsamheten	1	word	""o:$ter$hOl$sam$%he:$ten
återkalla	1	word	""o:$ter$%ka$la
återkallade	1	word	""o:$ter$%ka$la$de
återkastades	1	word	""o:$ter$%ka$sta$des
återkommande	1	word	""o:$ter$%kO$man$de
återskänkt	1	word	
återspegla	1	word	""o:$te$%s`pe:$gla
återställas	1	word	""o:$te$%s`t`E$las
återställer	1	word	""o:$te$%s`t`E$ler
återställt	1	word	""o:$te$%s`t`Elt
återtog	1	word	""o:$te$%t`u:g
återvunno	1	word	
återvänt	1	word	""o:$ter$%vEnt
åtföljer	1	word	""o:t$%f9l$jer
åtgingo	1	word	
åtgärder	1	word	""o:t$%jE:$d`er
åtgått	1	word	""o:t$%gOt
åthävor	1	word	""o:t$%hE:$vUr
åtlydd	1	word	
åtnjuter	1	word	""o:t$%nj}:$ter
åtnjutit	1	word	""o:t$%nj}:$tIt
åtnjöto	1	word	
åtog	1	word	""o:$%tu:g
åtos	1	word	
åtrådde	1	word	""o:$%trO$de
åts	1	word	"o:ds
åtskildes	1	word	""o:t$%x\Il$des
åtskiljer	1	word	""o:t$%x\Il$jer
åtskilts	1	word	""o:t$%x\Ilts
åttionde	1	word	""O$tI$On$de
åttiotre	1	word	O$tI$U$"tre:
ödelade	1	word	""2:$de$%lA:$de
ödelades	1	word	""2:$de$%lA:$des
ödelägges	1	word	
ödeplatser	1	word	
ödes	1	word	""2:$des
ödetomter	1	word	""2:$de$%tOm$ter
ödmjukad	1	word	""2:d$%mj}:$kad
ödmjukes	1	word	""2:d$%mj}:$kes
ödmjukheten	1	word	""2:d$mj}:k$%he:$ten
ödsliga	1	word	""2:d$slI$ga
ödslighet	1	word	""2:d$slIg$%he:t
ögonbrynen	1	word	""2:$gOn$%bry:$nen
ögonens	1	word	""2:$gO$nens
ögonkast	1	word	""2:$gOn$%kast
ögonmärke	1	word	""2:$gOn$%mEr$ke
ögonsalva	1	word	
ögonvrår	1	word	
ök	1	word	"2:k
ökades	1	word	""2:$ka$des
ökas	1	word	""2:$kas
ökenbor	1	word	
ökendjuren	1	word	""2:$ken$%j}:$ren
ökenhettan	1	word	
öländerna	1	word	
ömken	1	word	
ömkligare	1	word	""9m$klI$ga$re
ömkligaste	1	word	""9m$klI$ga$ste
ömklighet	1	word	""9m$klIg$%he:t
ömsesidig	1	word	""9m$se$%si:$dIg
ömsinta	1	word	""9m$%sIn$ta
ömtåliga	1	word	""9m$%to:$lI$ga
öns	1	word	"2:ns
önskningarna	1	word	""9ns$knIN$a$n`a
öppnats	1	word	""9p$nats
öppnen	1	word	
öre	1	word	""2:$re
örnansikten	1	word	
örnarna	1	word	""2:$n`a$n`a
örnfjädrar	1	word	
örns	1	word	"2:n`s`
örnvingar	1	word	
öronfägnad	1	word	
örring	1	word	
örtagårdsmästaren	1	word	
öser	1	word	"2:$ser
öst	1	word	"9st
östanstormens	1	word	
östanväder	1	word	
österlänningarnas	1	word	""9$ste$%l`E$nIN$a$n`as
österlänningars	1	word	""9$ste$%l`E$nIN$as`
övades	1	word	""2:$va$des
överbefälhavare	1	word	""2:$ver$be$fE:l$%hA:$va$re
överbevisade	1	word	""2:$ver$be$%vi:$sa$de
överbundna	1	word	
överdrager	1	word	
överdragit	1	word	
överdåd	1	word	""2:$ve$%d`o:d
överdådiga	1	word	""2:$ve$%d`o:$dI$ga
överenskommelsen	1	word	2:$ve$""rEn$%skO$mel$sen
överenskommelserna	1	word	2:$ve$""rEn$%skO$mel$se$n`a
överenskommet	1	word	
överensstämde	1	word	2:$ve$""rEns$%stEm$de
överensstämmer	1	word	2:$ve$""rEns$%stE$mer
överfallas	1	word	
överfallen	1	word	""2:$ver$%fa$len
överfallit	1	word	""2:$ver$%fa$lIt
överflyttade	1	word	""2:$ver$%flY$ta$de
överflödar	1	word	""2:$ver$%fl2:$dar
överflöden	1	word	""2:$ver$%fl2:$den
överflödet	1	word	""2:$ver$%fl2:$det
överfogde	1	word	
överfölls	1	word	""2:$ver$%f9ls
överföra	1	word	""2:$ver$%f2:$ra
övergick	1	word	""2:$ver$%jIk
övergingo	1	word	
övergive	1	word	
övergivits	1	word	""2:$ver$%ji:$vIts
övergjuten	1	word	
övergången	1	word	""2:$ver$%gON$en
övergåve	1	word	
övergåvos	1	word	
överhand	1	word	""2:$ver$%hand
överheter	1	word	""2:$ver$%he:$ter
överhetspersonerna	1	word	""2:$ver$he:ts$pe$%s`u:$ne$n`a
överhovmästarens	1	word	
överhölja	1	word	""2:$ver$%h9l$ja
överhöljd	1	word	""2:$ver$%h9ljd
överhövding	1	word	
överhövitsmän	1	word	
överhövitsmännen	1	word	
överila	1	word	""2:$ver$%i:$la
överinseende	1	word	""2:$ver$In$%se:$en$de
överklätt	1	word	""2:$ver$%klEt
överkonungens	1	word	
överlagda	1	word	""2:$ve$%l`ag$da
överlasta	1	word	""2:$ve$%l`a$sta
överlastade	1	word	""2:$ve$%l`a$sta$de
överleva	1	word	""2:$ve$%l`e:$va
överlista	1	word	""2:$ve$%l`I$sta
överlistad	1	word	""2:$ve$%l`I$stad
överlistat	1	word	""2:$ve$%l`I$stat
överlägga	1	word	""2:$ve$%l`E$ga
överläggen	1	word	
överlägger	1	word	""2:$ve$%l`E$ger
överläggningar	1	word	""2:$ve$%l`E$gnIN$ar
övermakt	1	word	""2:$ver$%makt
övermannade	1	word	""2:$ver$%ma$na$de
övermodets	1	word	""2:$ver$%mu:$dets
övermods	1	word	""2:$ver$%mu:ds
övermäktigas	1	word	""2:$ver$%mEk$tI$gas
övermäktigt	1	word	""2:$ver$%mEk$tIkt
övermätta	1	word	""2:$ver$%mE$ta
överraskad	1	word	
överraskade	1	word	""2:$ve$%ra$ska$de
överraskar	1	word	""2:$ve$%ra$skar
övers	1	word	"2:$ves`
översatt	1	word	
överseende	1	word	""2:$ve$%s`e:$en$de
överskottet	1	word	""2:$ve$%s`kO$tet
överskriften	1	word	""2:$ve$%s`krIf$ten
överskyggade	1	word	
överskygger	1	word	
överskyggts	1	word	
överskyl	1	word	""2:$ver$%x\y:l
överskyla	1	word	""2:$ver$%x\y:$la
överskylda	1	word	""2:$ver$%x\y:l$da
överskådat	1	word	
översteg	1	word	""2:$ve$%s`t`e:g
överstego	1	word	
översteprästerlig	1	word	2:$ve$s`t`e$""prE$ste$l`i:g
översteprästerliga	1	word	2:$ve$s`t`e$""prE$ste$l`i:$ga
översteprästerligt	1	word	2:$ve$s`t`e$""prE$ste$l`i:gt
översteprästernas	1	word	2:$ve$s`t`e$"prE$ste$n`as
översteprästs	1	word	2:$ve$s`t`e$"prEsts
överstes	1	word	""2:$ve$s`t`es
överstiger	1	word	""2:$ve$%s`t`i:$ger
överstrålas	1	word	
överstånden	1	word	""2:$ve$%s`t`On$den
översvall	1	word	
översvinnlig	1	word	
översvinnligt	1	word	
översvämmades	1	word	""2:$ve$%s`vE$ma$des
övertaga	1	word	""2:$ve$%t`A:$ga
övertalade	1	word	""2:$ve$%t`A:$la$de
övertalande	1	word	
övertalar	1	word	""2:$ve$%t`A:$lar
övertalas	1	word	""2:$ve$%t`A:$las
övertalat	1	word	""2:$ve$%t`A:$lat
övertalning	1	word	""2:$ve$%t`A:l$nIN
överträdelsens	1	word	""2:$ve$%t`rE:$del$sens
överträffa	1	word	""2:$ve$%t`rE$fa
överträffade	1	word	""2:$ve$%t`rE$fa$de
övertygade	1	word	""2:$ve$%t`y:$ga$de
övertygande	1	word	""2:$ve$%t`y:$gan$de
övertäckas	1	word	""2:$ve$%t`E$kas
övertäckta	1	word	""2:$ve$%t`Ek$ta
övervakade	1	word	""2:$ver$%vA:$ka$de
övervakar	1	word	""2:$ver$%vA:$kar
övervinn	1	word	""2:$ver$%vIn
övervintring	1	word	""2:$ver$%vIn$trIN
övervunno	1	word	
överväg	1	word	""2:$ver$%vE:g
överväga	1	word	""2:$ver$%vE:$ga
övervägde	1	word	""2:$ver$%vE:g$de
överända	1	word	2:$ver$""En$da
överängeln	1	word	
överängels	1	word	
övningarna	1	word	""2:v$nIN$a$n`a
övningsbanan	1	word	""2:v$nINs$%bA:$nan
övningsskola	1	word	
övrigas	1	word	""2:$vrI$gas
